2026-04-16 12:28:37 [http-nio-8080-exec-10] DEBUG o.s.security.web.FilterChainProxy - Securing GET /bookings/user
2026-04-16 12:28:37 [http-nio-8080-exec-10] DEBUG org.hibernate.SQL - 
    select
        u1_0.id,
        u1_0.created_at,
        u1_0.email,
        u1_0.email_verified,
        u1_0.first_name,
        u1_0.is_active,
        u1_0.last_login,
        u1_0.last_name,
        u1_0.password_hash,
        u1_0.phone,
        u1_0.phone_verified,
        u1_0.profile_image_url,
        u1_0.updated_at 
    from
        users u1_0 
    where
        u1_0.email=? 
        and u1_0.is_active=1
2026-04-16 12:28:37 [http-nio-8080-exec-10] DEBUG org.hibernate.SQL - 
    select
        g1_0.id,
        g1_0.aadhar_number,
        g1_0.aadhar_verified,
        g1_0.admin_notes,
        g1_0.approved_at,
        g1_0.approved_by,
        g1_0.average_rating,
        g1_0.bio,
        g1_0.city,
        g1_0.created_at,
        g1_0.daily_rate,
        g1_0.experience_years,
        g1_0.expertise_areas,
        g1_0.hourly_rate,
        g1_0.intro_video_url,
        g1_0.is_approved,
        g1_0.is_available,
        g1_0.is_verified,
        g1_0.languages,
        g1_0.profile_image_url,
        g1_0.rejection_reason,
        g1_0.state,
        g1_0.total_bookings,
        g1_0.total_reviews,
        g1_0.updated_at,
        g1_0.user_id,
        u1_0.id,
        u1_0.created_at,
        u1_0.email,
        u1_0.email_verified,
        u1_0.first_name,
        u1_0.is_active,
        u1_0.last_login,
        u1_0.last_name,
        u1_0.password_hash,
        u1_0.phone,
        u1_0.phone_verified,
        u1_0.profile_image_url,
        r1_0.user_id,
        r1_1.id,
        r1_1.created_at,
        r1_1.description,
        r1_1.name,
        r1_1.updated_at,
        u1_0.updated_at,
        g1_0.verification_documents 
    from
        guides g1_0 
    join
        users u1_0 
            on u1_0.id=g1_0.user_id 
    left join
        user_roles r1_0 
            on u1_0.id=r1_0.user_id 
    left join
        roles r1_1 
            on r1_1.id=r1_0.role_id 
    where
        g1_0.user_id=?
2026-04-16 12:28:37 [http-nio-8080-exec-10] DEBUG org.hibernate.SQL - 
    select
        r1_0.user_id,
        r1_1.id,
        r1_1.created_at,
        r1_1.description,
        r1_1.name,
        r1_1.updated_at 
    from
        user_roles r1_0 
    join
        roles r1_1 
            on r1_1.id=r1_0.role_id 
    where
        r1_0.user_id=?
2026-04-16 12:28:37 [http-nio-8080-exec-10] DEBUG o.s.security.web.FilterChainProxy - Secured GET /bookings/user
2026-04-16 12:28:37 [http-nio-8080-exec-10] DEBUG o.s.s.a.m.AuthorizationManagerBeforeMethodInterceptor - Authorizing method invocation ReflectiveMethodInvocation: public org.springframework.http.ResponseEntity com.trailbuddy.controller.BookingController.getUserBookings(int,int,java.lang.String,java.lang.String); target is of class [com.trailbuddy.controller.BookingController]
2026-04-16 12:28:37 [http-nio-8080-exec-10] DEBUG o.s.s.a.m.AuthorizationManagerBeforeMethodInterceptor - Authorized method invocation ReflectiveMethodInvocation: public org.springframework.http.ResponseEntity com.trailbuddy.controller.BookingController.getUserBookings(int,int,java.lang.String,java.lang.String); target is of class [com.trailbuddy.controller.BookingController]
2026-04-16 12:28:37 [http-nio-8080-exec-10] DEBUG org.hibernate.SQL - 
    select
        b1_0.id,
        b1_0.cancellation_reason,
        b1_0.created_at,
        b1_0.end_date,
        b1_0.end_time,
        b1_0.guide_id,
        b1_0.guide_curated_quotation,
        b1_0.guide_earnings,
        b1_0.guide_package_id,
        b1_0.platform_fee,
        b1_0.proposal_id,
        b1_0.quotation_status,
        b1_0.razorpay_order_id,
        b1_0.special_requirements,
        b1_0.start_date,
        b1_0.start_time,
        b1_0.status,
        b1_0.total_amount,
        b1_0.traveler_preferences,
        b1_0.traveler_request_id,
        b1_0.updated_at,
        b1_0.user_id 
    from
        bookings b1_0 
    where
        b1_0.user_id=? 
    order by
        b1_0.created_at desc 
    limit
        ?, ?
2026-04-16 12:28:37 [http-nio-8080-exec-10] DEBUG org.hibernate.SQL - 
    select
        g1_0.id,
        g1_0.aadhar_number,
        g1_0.aadhar_verified,
        g1_0.admin_notes,
        g1_0.approved_at,
        g1_0.approved_by,
        g1_0.average_rating,
        g1_0.bio,
        g1_0.city,
        g1_0.created_at,
        g1_0.daily_rate,
        g1_0.experience_years,
        g1_0.expertise_areas,
        g1_0.hourly_rate,
        g1_0.intro_video_url,
        g1_0.is_approved,
        g1_0.is_available,
        g1_0.is_verified,
        g1_0.languages,
        g1_0.profile_image_url,
        g1_0.rejection_reason,
        g1_0.state,
        g1_0.total_bookings,
        g1_0.total_reviews,
        g1_0.updated_at,
        g1_0.user_id,
        u1_0.id,
        u1_0.created_at,
        u1_0.email,
        u1_0.email_verified,
        u1_0.first_name,
        u1_0.is_active,
        u1_0.last_login,
        u1_0.last_name,
        u1_0.password_hash,
        u1_0.phone,
        u1_0.phone_verified,
        u1_0.profile_image_url,
        r1_0.user_id,
        r1_1.id,
        r1_1.created_at,
        r1_1.description,
        r1_1.name,
        r1_1.updated_at,
        u1_0.updated_at,
        g1_0.verification_documents 
    from
        guides g1_0 
    join
        users u1_0 
            on u1_0.id=g1_0.user_id 
    left join
        user_roles r1_0 
            on u1_0.id=r1_0.user_id 
    left join
        roles r1_1 
            on r1_1.id=r1_0.role_id 
    where
        g1_0.id=?
2026-04-16 12:28:37 [http-nio-8080-exec-10] DEBUG org.hibernate.SQL - 
    select
        p1_0.id,
        p1_0.amount,
        p1_0.booking_id,
        p1_0.created_at,
        p1_0.currency,
        p1_0.payment_date,
        p1_0.payment_method,
        p1_0.payment_status,
        p1_0.razorpay_order_id,
        p1_0.razorpay_payment_id,
        p1_0.razorpay_signature,
        p1_0.refund_amount,
        p1_0.refund_id,
        p1_0.refunded_at,
        p1_0.updated_at,
        p1_0.user_id 
    from
        payments p1_0 
    where
        p1_0.booking_id=?
2026-04-16 12:28:37 [http-nio-8080-exec-10] DEBUG org.hibernate.SQL - 
    select
        r1_0.id,
        r1_0.booking_id,
        r1_0.created_at,
        r1_0.guide_id,
        r1_0.helpful_count,
        r1_0.is_public,
        r1_0.rating,
        r1_0.review_text,
        r1_0.updated_at,
        r1_0.user_id 
    from
        reviews r1_0 
    where
        r1_0.booking_id=?
2026-04-16 12:28:37 [http-nio-8080-exec-10] DEBUG org.hibernate.SQL - 
    select
        u1_0.id,
        u1_0.created_at,
        u1_0.email,
        u1_0.email_verified,
        u1_0.first_name,
        g1_0.id,
        g1_0.aadhar_number,
        g1_0.aadhar_verified,
        g1_0.admin_notes,
        g1_0.approved_at,
        g1_0.approved_by,
        g1_0.average_rating,
        g1_0.bio,
        g1_0.city,
        g1_0.created_at,
        g1_0.daily_rate,
        g1_0.experience_years,
        g1_0.expertise_areas,
        g1_0.hourly_rate,
        g1_0.intro_video_url,
        g1_0.is_approved,
        g1_0.is_available,
        g1_0.is_verified,
        g1_0.languages,
        g1_0.profile_image_url,
        g1_0.rejection_reason,
        g1_0.state,
        g1_0.total_bookings,
        g1_0.total_reviews,
        g1_0.updated_at,
        g1_0.user_id,
        g1_0.verification_documents,
        u1_0.is_active,
        u1_0.last_login,
        u1_0.last_name,
        u1_0.password_hash,
        u1_0.phone,
        u1_0.phone_verified,
        u1_0.profile_image_url,
        r1_0.user_id,
        r1_1.id,
        r1_1.created_at,
        r1_1.description,
        r1_1.name,
        r1_1.updated_at,
        u1_0.updated_at 
    from
        users u1_0 
    left join
        guides g1_0 
            on u1_0.id=g1_0.user_id 
    left join
        user_roles r1_0 
            on u1_0.id=r1_0.user_id 
    left join
        roles r1_1 
            on r1_1.id=r1_0.role_id 
    where
        u1_0.id=?
2026-04-16 12:28:37 [http-nio-8080-exec-10] DEBUG org.hibernate.SQL - 
    select
        p1_0.id,
        p1_0.amount,
        p1_0.booking_id,
        p1_0.created_at,
        p1_0.currency,
        p1_0.payment_date,
        p1_0.payment_method,
        p1_0.payment_status,
        p1_0.razorpay_order_id,
        p1_0.razorpay_payment_id,
        p1_0.razorpay_signature,
        p1_0.refund_amount,
        p1_0.refund_id,
        p1_0.refunded_at,
        p1_0.updated_at,
        p1_0.user_id 
    from
        payments p1_0 
    where
        p1_0.booking_id=?
2026-04-16 12:28:37 [http-nio-8080-exec-10] DEBUG org.hibernate.SQL - 
    select
        r1_0.id,
        r1_0.booking_id,
        r1_0.created_at,
        r1_0.guide_id,
        r1_0.helpful_count,
        r1_0.is_public,
        r1_0.rating,
        r1_0.review_text,
        r1_0.updated_at,
        r1_0.user_id 
    from
        reviews r1_0 
    where
        r1_0.booking_id=?
2026-04-16 12:28:37 [http-nio-8080-exec-10] DEBUG org.hibernate.SQL - 
    select
        g1_0.id,
        g1_0.aadhar_number,
        g1_0.aadhar_verified,
        g1_0.admin_notes,
        g1_0.approved_at,
        g1_0.approved_by,
        g1_0.average_rating,
        g1_0.bio,
        g1_0.city,
        g1_0.created_at,
        g1_0.daily_rate,
        g1_0.experience_years,
        g1_0.expertise_areas,
        g1_0.hourly_rate,
        g1_0.intro_video_url,
        g1_0.is_approved,
        g1_0.is_available,
        g1_0.is_verified,
        g1_0.languages,
        g1_0.profile_image_url,
        g1_0.rejection_reason,
        g1_0.state,
        g1_0.total_bookings,
        g1_0.total_reviews,
        g1_0.updated_at,
        g1_0.user_id,
        u1_0.id,
        u1_0.created_at,
        u1_0.email,
        u1_0.email_verified,
        u1_0.first_name,
        u1_0.is_active,
        u1_0.last_login,
        u1_0.last_name,
        u1_0.password_hash,
        u1_0.phone,
        u1_0.phone_verified,
        u1_0.profile_image_url,
        r1_0.user_id,
        r1_1.id,
        r1_1.created_at,
        r1_1.description,
        r1_1.name,
        r1_1.updated_at,
        u1_0.updated_at,
        g1_0.verification_documents 
    from
        guides g1_0 
    join
        users u1_0 
            on u1_0.id=g1_0.user_id 
    left join
        user_roles r1_0 
            on u1_0.id=r1_0.user_id 
    left join
        roles r1_1 
            on r1_1.id=r1_0.role_id 
    where
        g1_0.id=?
2026-04-16 12:28:37 [http-nio-8080-exec-10] DEBUG org.hibernate.SQL - 
    select
        p1_0.id,
        p1_0.amount,
        p1_0.booking_id,
        p1_0.created_at,
        p1_0.currency,
        p1_0.payment_date,
        p1_0.payment_method,
        p1_0.payment_status,
        p1_0.razorpay_order_id,
        p1_0.razorpay_payment_id,
        p1_0.razorpay_signature,
        p1_0.refund_amount,
        p1_0.refund_id,
        p1_0.refunded_at,
        p1_0.updated_at,
        p1_0.user_id 
    from
        payments p1_0 
    where
        p1_0.booking_id=?
2026-04-16 12:28:37 [http-nio-8080-exec-10] DEBUG org.hibernate.SQL - 
    select
        r1_0.id,
        r1_0.booking_id,
        r1_0.created_at,
        r1_0.guide_id,
        r1_0.helpful_count,
        r1_0.is_public,
        r1_0.rating,
        r1_0.review_text,
        r1_0.updated_at,
        r1_0.user_id 
    from
        reviews r1_0 
    where
        r1_0.booking_id=?
2026-04-16 12:28:37 [http-nio-8080-exec-10] DEBUG org.hibernate.SQL - 
    select
        p1_0.id,
        p1_0.amount,
        p1_0.booking_id,
        p1_0.created_at,
        p1_0.currency,
        p1_0.payment_date,
        p1_0.payment_method,
        p1_0.payment_status,
        p1_0.razorpay_order_id,
        p1_0.razorpay_payment_id,
        p1_0.razorpay_signature,
        p1_0.refund_amount,
        p1_0.refund_id,
        p1_0.refunded_at,
        p1_0.updated_at,
        p1_0.user_id 
    from
        payments p1_0 
    where
        p1_0.booking_id=?
2026-04-16 12:28:37 [http-nio-8080-exec-10] DEBUG org.hibernate.SQL - 
    select
        r1_0.id,
        r1_0.booking_id,
        r1_0.created_at,
        r1_0.guide_id,
        r1_0.helpful_count,
        r1_0.is_public,
        r1_0.rating,
        r1_0.review_text,
        r1_0.updated_at,
        r1_0.user_id 
    from
        reviews r1_0 
    where
        r1_0.booking_id=?
2026-04-16 12:28:37 [http-nio-8080-exec-10] DEBUG org.hibernate.SQL - 
    select
        p1_0.id,
        p1_0.amount,
        p1_0.booking_id,
        p1_0.created_at,
        p1_0.currency,
        p1_0.payment_date,
        p1_0.payment_method,
        p1_0.payment_status,
        p1_0.razorpay_order_id,
        p1_0.razorpay_payment_id,
        p1_0.razorpay_signature,
        p1_0.refund_amount,
        p1_0.refund_id,
        p1_0.refunded_at,
        p1_0.updated_at,
        p1_0.user_id 
    from
        payments p1_0 
    where
        p1_0.booking_id=?
2026-04-16 12:28:37 [http-nio-8080-exec-10] DEBUG org.hibernate.SQL - 
    select
        r1_0.id,
        r1_0.booking_id,
        r1_0.created_at,
        r1_0.guide_id,
        r1_0.helpful_count,
        r1_0.is_public,
        r1_0.rating,
        r1_0.review_text,
        r1_0.updated_at,
        r1_0.user_id 
    from
        reviews r1_0 
    where
        r1_0.booking_id=?
2026-04-16 12:28:37 [http-nio-8080-exec-10] DEBUG org.hibernate.SQL - 
    select
        p1_0.id,
        p1_0.amount,
        p1_0.booking_id,
        p1_0.created_at,
        p1_0.currency,
        p1_0.payment_date,
        p1_0.payment_method,
        p1_0.payment_status,
        p1_0.razorpay_order_id,
        p1_0.razorpay_payment_id,
        p1_0.razorpay_signature,
        p1_0.refund_amount,
        p1_0.refund_id,
        p1_0.refunded_at,
        p1_0.updated_at,
        p1_0.user_id 
    from
        payments p1_0 
    where
        p1_0.booking_id=?
2026-04-16 12:28:37 [http-nio-8080-exec-10] DEBUG org.hibernate.SQL - 
    select
        r1_0.id,
        r1_0.booking_id,
        r1_0.created_at,
        r1_0.guide_id,
        r1_0.helpful_count,
        r1_0.is_public,
        r1_0.rating,
        r1_0.review_text,
        r1_0.updated_at,
        r1_0.user_id 
    from
        reviews r1_0 
    where
        r1_0.booking_id=?
2026-04-16 12:28:37 [http-nio-8080-exec-10] DEBUG org.hibernate.SQL - 
    select
        p1_0.id,
        p1_0.amount,
        p1_0.booking_id,
        p1_0.created_at,
        p1_0.currency,
        p1_0.payment_date,
        p1_0.payment_method,
        p1_0.payment_status,
        p1_0.razorpay_order_id,
        p1_0.razorpay_payment_id,
        p1_0.razorpay_signature,
        p1_0.refund_amount,
        p1_0.refund_id,
        p1_0.refunded_at,
        p1_0.updated_at,
        p1_0.user_id 
    from
        payments p1_0 
    where
        p1_0.booking_id=?
2026-04-16 12:28:37 [http-nio-8080-exec-10] DEBUG org.hibernate.SQL - 
    select
        r1_0.id,
        r1_0.booking_id,
        r1_0.created_at,
        r1_0.guide_id,
        r1_0.helpful_count,
        r1_0.is_public,
        r1_0.rating,
        r1_0.review_text,
        r1_0.updated_at,
        r1_0.user_id 
    from
        reviews r1_0 
    where
        r1_0.booking_id=?
2026-04-16 12:28:37 [http-nio-8080-exec-10] DEBUG org.hibernate.SQL - 
    select
        p1_0.id,
        p1_0.amount,
        p1_0.booking_id,
        p1_0.created_at,
        p1_0.currency,
        p1_0.payment_date,
        p1_0.payment_method,
        p1_0.payment_status,
        p1_0.razorpay_order_id,
        p1_0.razorpay_payment_id,
        p1_0.razorpay_signature,
        p1_0.refund_amount,
        p1_0.refund_id,
        p1_0.refunded_at,
        p1_0.updated_at,
        p1_0.user_id 
    from
        payments p1_0 
    where
        p1_0.booking_id=?
2026-04-16 12:28:37 [http-nio-8080-exec-10] DEBUG org.hibernate.SQL - 
    select
        r1_0.id,
        r1_0.booking_id,
        r1_0.created_at,
        r1_0.guide_id,
        r1_0.helpful_count,
        r1_0.is_public,
        r1_0.rating,
        r1_0.review_text,
        r1_0.updated_at,
        r1_0.user_id 
    from
        reviews r1_0 
    where
        r1_0.booking_id=?
2026-04-16 12:28:37 [http-nio-8080-exec-10] DEBUG org.hibernate.SQL - 
    select
        p1_0.id,
        p1_0.amount,
        p1_0.booking_id,
        p1_0.created_at,
        p1_0.currency,
        p1_0.payment_date,
        p1_0.payment_method,
        p1_0.payment_status,
        p1_0.razorpay_order_id,
        p1_0.razorpay_payment_id,
        p1_0.razorpay_signature,
        p1_0.refund_amount,
        p1_0.refund_id,
        p1_0.refunded_at,
        p1_0.updated_at,
        p1_0.user_id 
    from
        payments p1_0 
    where
        p1_0.booking_id=?
2026-04-16 12:28:37 [http-nio-8080-exec-10] DEBUG org.hibernate.SQL - 
    select
        r1_0.id,
        r1_0.booking_id,
        r1_0.created_at,
        r1_0.guide_id,
        r1_0.helpful_count,
        r1_0.is_public,
        r1_0.rating,
        r1_0.review_text,
        r1_0.updated_at,
        r1_0.user_id 
    from
        reviews r1_0 
    where
        r1_0.booking_id=?
2026-04-16 12:28:37 [http-nio-8080-exec-10] DEBUG org.hibernate.SQL - 
    select
        p1_0.id,
        p1_0.amount,
        p1_0.booking_id,
        p1_0.created_at,
        p1_0.currency,
        p1_0.payment_date,
        p1_0.payment_method,
        p1_0.payment_status,
        p1_0.razorpay_order_id,
        p1_0.razorpay_payment_id,
        p1_0.razorpay_signature,
        p1_0.refund_amount,
        p1_0.refund_id,
        p1_0.refunded_at,
        p1_0.updated_at,
        p1_0.user_id 
    from
        payments p1_0 
    where
        p1_0.booking_id=?
2026-04-16 12:28:37 [http-nio-8080-exec-10] DEBUG org.hibernate.SQL - 
    select
        r1_0.id,
        r1_0.booking_id,
        r1_0.created_at,
        r1_0.guide_id,
        r1_0.helpful_count,
        r1_0.is_public,
        r1_0.rating,
        r1_0.review_text,
        r1_0.updated_at,
        r1_0.user_id 
    from
        reviews r1_0 
    where
        r1_0.booking_id=?
2026-04-16 12:28:37 [http-nio-8080-exec-10] DEBUG org.hibernate.SQL - 
    select
        count(b1_0.id) 
    from
        bookings b1_0 
    where
        b1_0.user_id=?
2026-04-16 12:28:44 [http-nio-8080-exec-3] DEBUG o.s.security.web.FilterChainProxy - Securing GET /user/guide-status
2026-04-16 12:28:44 [http-nio-8080-exec-2] DEBUG o.s.security.web.FilterChainProxy - Securing GET /experiences/catalog/without-guide/quick
2026-04-16 12:28:44 [http-nio-8080-exec-3] DEBUG org.hibernate.SQL - 
    select
        u1_0.id,
        u1_0.created_at,
        u1_0.email,
        u1_0.email_verified,
        u1_0.first_name,
        u1_0.is_active,
        u1_0.last_login,
        u1_0.last_name,
        u1_0.password_hash,
        u1_0.phone,
        u1_0.phone_verified,
        u1_0.profile_image_url,
        u1_0.updated_at 
    from
        users u1_0 
    where
        u1_0.email=? 
        and u1_0.is_active=1
2026-04-16 12:28:44 [http-nio-8080-exec-3] DEBUG org.hibernate.SQL - 
    select
        g1_0.id,
        g1_0.aadhar_number,
        g1_0.aadhar_verified,
        g1_0.admin_notes,
        g1_0.approved_at,
        g1_0.approved_by,
        g1_0.average_rating,
        g1_0.bio,
        g1_0.city,
        g1_0.created_at,
        g1_0.daily_rate,
        g1_0.experience_years,
        g1_0.expertise_areas,
        g1_0.hourly_rate,
        g1_0.intro_video_url,
        g1_0.is_approved,
        g1_0.is_available,
        g1_0.is_verified,
        g1_0.languages,
        g1_0.profile_image_url,
        g1_0.rejection_reason,
        g1_0.state,
        g1_0.total_bookings,
        g1_0.total_reviews,
        g1_0.updated_at,
        g1_0.user_id,
        u1_0.id,
        u1_0.created_at,
        u1_0.email,
        u1_0.email_verified,
        u1_0.first_name,
        u1_0.is_active,
        u1_0.last_login,
        u1_0.last_name,
        u1_0.password_hash,
        u1_0.phone,
        u1_0.phone_verified,
        u1_0.profile_image_url,
        r1_0.user_id,
        r1_1.id,
        r1_1.created_at,
        r1_1.description,
        r1_1.name,
        r1_1.updated_at,
        u1_0.updated_at,
        g1_0.verification_documents 
    from
        guides g1_0 
    join
        users u1_0 
            on u1_0.id=g1_0.user_id 
    left join
        user_roles r1_0 
            on u1_0.id=r1_0.user_id 
    left join
        roles r1_1 
            on r1_1.id=r1_0.role_id 
    where
        g1_0.user_id=?
2026-04-16 12:28:44 [http-nio-8080-exec-1] DEBUG o.s.security.web.FilterChainProxy - Securing GET /experiences/catalog/without-guide/city-tours
2026-04-16 12:28:44 [http-nio-8080-exec-8] DEBUG o.s.security.web.FilterChainProxy - Securing GET /bookings/user
2026-04-16 12:28:44 [http-nio-8080-exec-5] DEBUG o.s.security.web.FilterChainProxy - Securing GET /reviews/user
2026-04-16 12:28:44 [http-nio-8080-exec-6] DEBUG o.s.security.web.FilterChainProxy - Securing GET /chat/conversations
2026-04-16 12:28:44 [http-nio-8080-exec-2] DEBUG org.hibernate.SQL - 
    select
        u1_0.id,
        u1_0.created_at,
        u1_0.email,
        u1_0.email_verified,
        u1_0.first_name,
        u1_0.is_active,
        u1_0.last_login,
        u1_0.last_name,
        u1_0.password_hash,
        u1_0.phone,
        u1_0.phone_verified,
        u1_0.profile_image_url,
        u1_0.updated_at 
    from
        users u1_0 
    where
        u1_0.email=? 
        and u1_0.is_active=1
2026-04-16 12:28:44 [http-nio-8080-exec-3] DEBUG org.hibernate.SQL - 
    select
        r1_0.user_id,
        r1_1.id,
        r1_1.created_at,
        r1_1.description,
        r1_1.name,
        r1_1.updated_at 
    from
        user_roles r1_0 
    join
        roles r1_1 
            on r1_1.id=r1_0.role_id 
    where
        r1_0.user_id=?
2026-04-16 12:28:44 [http-nio-8080-exec-8] DEBUG org.hibernate.SQL - 
    select
        u1_0.id,
        u1_0.created_at,
        u1_0.email,
        u1_0.email_verified,
        u1_0.first_name,
        u1_0.is_active,
        u1_0.last_login,
        u1_0.last_name,
        u1_0.password_hash,
        u1_0.phone,
        u1_0.phone_verified,
        u1_0.profile_image_url,
        u1_0.updated_at 
    from
        users u1_0 
    where
        u1_0.email=? 
        and u1_0.is_active=1
2026-04-16 12:28:44 [http-nio-8080-exec-5] DEBUG org.hibernate.SQL - 
    select
        u1_0.id,
        u1_0.created_at,
        u1_0.email,
        u1_0.email_verified,
        u1_0.first_name,
        u1_0.is_active,
        u1_0.last_login,
        u1_0.last_name,
        u1_0.password_hash,
        u1_0.phone,
        u1_0.phone_verified,
        u1_0.profile_image_url,
        u1_0.updated_at 
    from
        users u1_0 
    where
        u1_0.email=? 
        and u1_0.is_active=1
2026-04-16 12:28:44 [http-nio-8080-exec-6] DEBUG org.hibernate.SQL - 
    select
        u1_0.id,
        u1_0.created_at,
        u1_0.email,
        u1_0.email_verified,
        u1_0.first_name,
        u1_0.is_active,
        u1_0.last_login,
        u1_0.last_name,
        u1_0.password_hash,
        u1_0.phone,
        u1_0.phone_verified,
        u1_0.profile_image_url,
        u1_0.updated_at 
    from
        users u1_0 
    where
        u1_0.email=? 
        and u1_0.is_active=1
2026-04-16 12:28:44 [http-nio-8080-exec-2] DEBUG org.hibernate.SQL - 
    select
        g1_0.id,
        g1_0.aadhar_number,
        g1_0.aadhar_verified,
        g1_0.admin_notes,
        g1_0.approved_at,
        g1_0.approved_by,
        g1_0.average_rating,
        g1_0.bio,
        g1_0.city,
        g1_0.created_at,
        g1_0.daily_rate,
        g1_0.experience_years,
        g1_0.expertise_areas,
        g1_0.hourly_rate,
        g1_0.intro_video_url,
        g1_0.is_approved,
        g1_0.is_available,
        g1_0.is_verified,
        g1_0.languages,
        g1_0.profile_image_url,
        g1_0.rejection_reason,
        g1_0.state,
        g1_0.total_bookings,
        g1_0.total_reviews,
        g1_0.updated_at,
        g1_0.user_id,
        u1_0.id,
        u1_0.created_at,
        u1_0.email,
        u1_0.email_verified,
        u1_0.first_name,
        u1_0.is_active,
        u1_0.last_login,
        u1_0.last_name,
        u1_0.password_hash,
        u1_0.phone,
        u1_0.phone_verified,
        u1_0.profile_image_url,
        r1_0.user_id,
        r1_1.id,
        r1_1.created_at,
        r1_1.description,
        r1_1.name,
        r1_1.updated_at,
        u1_0.updated_at,
        g1_0.verification_documents 
    from
        guides g1_0 
    join
        users u1_0 
            on u1_0.id=g1_0.user_id 
    left join
        user_roles r1_0 
            on u1_0.id=r1_0.user_id 
    left join
        roles r1_1 
            on r1_1.id=r1_0.role_id 
    where
        g1_0.user_id=?
2026-04-16 12:28:44 [http-nio-8080-exec-8] DEBUG org.hibernate.SQL - 
    select
        g1_0.id,
        g1_0.aadhar_number,
        g1_0.aadhar_verified,
        g1_0.admin_notes,
        g1_0.approved_at,
        g1_0.approved_by,
        g1_0.average_rating,
        g1_0.bio,
        g1_0.city,
        g1_0.created_at,
        g1_0.daily_rate,
        g1_0.experience_years,
        g1_0.expertise_areas,
        g1_0.hourly_rate,
        g1_0.intro_video_url,
        g1_0.is_approved,
        g1_0.is_available,
        g1_0.is_verified,
        g1_0.languages,
        g1_0.profile_image_url,
        g1_0.rejection_reason,
        g1_0.state,
        g1_0.total_bookings,
        g1_0.total_reviews,
        g1_0.updated_at,
        g1_0.user_id,
        u1_0.id,
        u1_0.created_at,
        u1_0.email,
        u1_0.email_verified,
        u1_0.first_name,
        u1_0.is_active,
        u1_0.last_login,
        u1_0.last_name,
        u1_0.password_hash,
        u1_0.phone,
        u1_0.phone_verified,
        u1_0.profile_image_url,
        r1_0.user_id,
        r1_1.id,
        r1_1.created_at,
        r1_1.description,
        r1_1.name,
        r1_1.updated_at,
        u1_0.updated_at,
        g1_0.verification_documents 
    from
        guides g1_0 
    join
        users u1_0 
            on u1_0.id=g1_0.user_id 
    left join
        user_roles r1_0 
            on u1_0.id=r1_0.user_id 
    left join
        roles r1_1 
            on r1_1.id=r1_0.role_id 
    where
        g1_0.user_id=?
2026-04-16 12:28:44 [http-nio-8080-exec-3] DEBUG o.s.security.web.FilterChainProxy - Secured GET /user/guide-status
2026-04-16 12:28:44 [http-nio-8080-exec-6] DEBUG org.hibernate.SQL - 
    select
        g1_0.id,
        g1_0.aadhar_number,
        g1_0.aadhar_verified,
        g1_0.admin_notes,
        g1_0.approved_at,
        g1_0.approved_by,
        g1_0.average_rating,
        g1_0.bio,
        g1_0.city,
        g1_0.created_at,
        g1_0.daily_rate,
        g1_0.experience_years,
        g1_0.expertise_areas,
        g1_0.hourly_rate,
        g1_0.intro_video_url,
        g1_0.is_approved,
        g1_0.is_available,
        g1_0.is_verified,
        g1_0.languages,
        g1_0.profile_image_url,
        g1_0.rejection_reason,
        g1_0.state,
        g1_0.total_bookings,
        g1_0.total_reviews,
        g1_0.updated_at,
        g1_0.user_id,
        u1_0.id,
        u1_0.created_at,
        u1_0.email,
        u1_0.email_verified,
        u1_0.first_name,
        u1_0.is_active,
        u1_0.last_login,
        u1_0.last_name,
        u1_0.password_hash,
        u1_0.phone,
        u1_0.phone_verified,
        u1_0.profile_image_url,
        r1_0.user_id,
        r1_1.id,
        r1_1.created_at,
        r1_1.description,
        r1_1.name,
        r1_1.updated_at,
        u1_0.updated_at,
        g1_0.verification_documents 
    from
        guides g1_0 
    join
        users u1_0 
            on u1_0.id=g1_0.user_id 
    left join
        user_roles r1_0 
            on u1_0.id=r1_0.user_id 
    left join
        roles r1_1 
            on r1_1.id=r1_0.role_id 
    where
        g1_0.user_id=?
2026-04-16 12:28:44 [http-nio-8080-exec-5] DEBUG org.hibernate.SQL - 
    select
        g1_0.id,
        g1_0.aadhar_number,
        g1_0.aadhar_verified,
        g1_0.admin_notes,
        g1_0.approved_at,
        g1_0.approved_by,
        g1_0.average_rating,
        g1_0.bio,
        g1_0.city,
        g1_0.created_at,
        g1_0.daily_rate,
        g1_0.experience_years,
        g1_0.expertise_areas,
        g1_0.hourly_rate,
        g1_0.intro_video_url,
        g1_0.is_approved,
        g1_0.is_available,
        g1_0.is_verified,
        g1_0.languages,
        g1_0.profile_image_url,
        g1_0.rejection_reason,
        g1_0.state,
        g1_0.total_bookings,
        g1_0.total_reviews,
        g1_0.updated_at,
        g1_0.user_id,
        u1_0.id,
        u1_0.created_at,
        u1_0.email,
        u1_0.email_verified,
        u1_0.first_name,
        u1_0.is_active,
        u1_0.last_login,
        u1_0.last_name,
        u1_0.password_hash,
        u1_0.phone,
        u1_0.phone_verified,
        u1_0.profile_image_url,
        r1_0.user_id,
        r1_1.id,
        r1_1.created_at,
        r1_1.description,
        r1_1.name,
        r1_1.updated_at,
        u1_0.updated_at,
        g1_0.verification_documents 
    from
        guides g1_0 
    join
        users u1_0 
            on u1_0.id=g1_0.user_id 
    left join
        user_roles r1_0 
            on u1_0.id=r1_0.user_id 
    left join
        roles r1_1 
            on r1_1.id=r1_0.role_id 
    where
        g1_0.user_id=?
2026-04-16 12:28:44 [http-nio-8080-exec-2] DEBUG org.hibernate.SQL - 
    select
        r1_0.user_id,
        r1_1.id,
        r1_1.created_at,
        r1_1.description,
        r1_1.name,
        r1_1.updated_at 
    from
        user_roles r1_0 
    join
        roles r1_1 
            on r1_1.id=r1_0.role_id 
    where
        r1_0.user_id=?
2026-04-16 12:28:44 [http-nio-8080-exec-8] DEBUG org.hibernate.SQL - 
    select
        r1_0.user_id,
        r1_1.id,
        r1_1.created_at,
        r1_1.description,
        r1_1.name,
        r1_1.updated_at 
    from
        user_roles r1_0 
    join
        roles r1_1 
            on r1_1.id=r1_0.role_id 
    where
        r1_0.user_id=?
2026-04-16 12:28:44 [http-nio-8080-exec-3] DEBUG org.hibernate.SQL - 
    select
        g1_0.id,
        g1_0.aadhar_number,
        g1_0.aadhar_verified,
        g1_0.admin_notes,
        g1_0.approved_at,
        g1_0.approved_by,
        g1_0.average_rating,
        g1_0.bio,
        g1_0.city,
        g1_0.created_at,
        g1_0.daily_rate,
        g1_0.experience_years,
        g1_0.expertise_areas,
        g1_0.hourly_rate,
        g1_0.intro_video_url,
        g1_0.is_approved,
        g1_0.is_available,
        g1_0.is_verified,
        g1_0.languages,
        g1_0.profile_image_url,
        g1_0.rejection_reason,
        g1_0.state,
        g1_0.total_bookings,
        g1_0.total_reviews,
        g1_0.updated_at,
        g1_0.user_id,
        g1_0.verification_documents 
    from
        guides g1_0 
    where
        g1_0.user_id=?
2026-04-16 12:28:44 [http-nio-8080-exec-6] DEBUG org.hibernate.SQL - 
    select
        r1_0.user_id,
        r1_1.id,
        r1_1.created_at,
        r1_1.description,
        r1_1.name,
        r1_1.updated_at 
    from
        user_roles r1_0 
    join
        roles r1_1 
            on r1_1.id=r1_0.role_id 
    where
        r1_0.user_id=?
2026-04-16 12:28:44 [http-nio-8080-exec-5] DEBUG org.hibernate.SQL - 
    select
        r1_0.user_id,
        r1_1.id,
        r1_1.created_at,
        r1_1.description,
        r1_1.name,
        r1_1.updated_at 
    from
        user_roles r1_0 
    join
        roles r1_1 
            on r1_1.id=r1_0.role_id 
    where
        r1_0.user_id=?
2026-04-16 12:28:44 [http-nio-8080-exec-1] DEBUG org.hibernate.SQL - 
    select
        u1_0.id,
        u1_0.created_at,
        u1_0.email,
        u1_0.email_verified,
        u1_0.first_name,
        u1_0.is_active,
        u1_0.last_login,
        u1_0.last_name,
        u1_0.password_hash,
        u1_0.phone,
        u1_0.phone_verified,
        u1_0.profile_image_url,
        u1_0.updated_at 
    from
        users u1_0 
    where
        u1_0.email=? 
        and u1_0.is_active=1
2026-04-16 12:28:44 [http-nio-8080-exec-8] DEBUG o.s.security.web.FilterChainProxy - Secured GET /bookings/user
2026-04-16 12:28:44 [http-nio-8080-exec-2] DEBUG o.s.security.web.FilterChainProxy - Secured GET /experiences/catalog/without-guide/quick
2026-04-16 12:28:44 [http-nio-8080-exec-6] DEBUG o.s.security.web.FilterChainProxy - Secured GET /chat/conversations
2026-04-16 12:28:44 [http-nio-8080-exec-5] DEBUG o.s.security.web.FilterChainProxy - Secured GET /reviews/user
2026-04-16 12:28:44 [http-nio-8080-exec-6] INFO  c.t.controller.ChatController - Getting conversations for user
2026-04-16 12:28:44 [http-nio-8080-exec-3] DEBUG org.hibernate.SQL - 
    select
        g1_0.id,
        g1_0.aadhar_number,
        g1_0.aadhar_verified,
        g1_0.admin_notes,
        g1_0.approved_at,
        g1_0.approved_by,
        g1_0.average_rating,
        g1_0.bio,
        g1_0.city,
        g1_0.created_at,
        g1_0.daily_rate,
        g1_0.experience_years,
        g1_0.expertise_areas,
        g1_0.hourly_rate,
        g1_0.intro_video_url,
        g1_0.is_approved,
        g1_0.is_available,
        g1_0.is_verified,
        g1_0.languages,
        g1_0.profile_image_url,
        g1_0.rejection_reason,
        g1_0.state,
        g1_0.total_bookings,
        g1_0.total_reviews,
        g1_0.updated_at,
        g1_0.user_id,
        g1_0.verification_documents 
    from
        guides g1_0 
    join
        users u1_0 
            on u1_0.id=g1_0.user_id 
    where
        lower(trim(BOTH from u1_0.first_name))=lower(trim(BOTH from ?)) 
        and lower(trim(BOTH from u1_0.last_name))=lower(trim(BOTH from ?))
2026-04-16 12:28:44 [http-nio-8080-exec-1] DEBUG org.hibernate.SQL - 
    select
        g1_0.id,
        g1_0.aadhar_number,
        g1_0.aadhar_verified,
        g1_0.admin_notes,
        g1_0.approved_at,
        g1_0.approved_by,
        g1_0.average_rating,
        g1_0.bio,
        g1_0.city,
        g1_0.created_at,
        g1_0.daily_rate,
        g1_0.experience_years,
        g1_0.expertise_areas,
        g1_0.hourly_rate,
        g1_0.intro_video_url,
        g1_0.is_approved,
        g1_0.is_available,
        g1_0.is_verified,
        g1_0.languages,
        g1_0.profile_image_url,
        g1_0.rejection_reason,
        g1_0.state,
        g1_0.total_bookings,
        g1_0.total_reviews,
        g1_0.updated_at,
        g1_0.user_id,
        u1_0.id,
        u1_0.created_at,
        u1_0.email,
        u1_0.email_verified,
        u1_0.first_name,
        u1_0.is_active,
        u1_0.last_login,
        u1_0.last_name,
        u1_0.password_hash,
        u1_0.phone,
        u1_0.phone_verified,
        u1_0.profile_image_url,
        r1_0.user_id,
        r1_1.id,
        r1_1.created_at,
        r1_1.description,
        r1_1.name,
        r1_1.updated_at,
        u1_0.updated_at,
        g1_0.verification_documents 
    from
        guides g1_0 
    join
        users u1_0 
            on u1_0.id=g1_0.user_id 
    left join
        user_roles r1_0 
            on u1_0.id=r1_0.user_id 
    left join
        roles r1_1 
            on r1_1.id=r1_0.role_id 
    where
        g1_0.user_id=?
2026-04-16 12:28:44 [http-nio-8080-exec-8] DEBUG o.s.s.a.m.AuthorizationManagerBeforeMethodInterceptor - Authorizing method invocation ReflectiveMethodInvocation: public org.springframework.http.ResponseEntity com.trailbuddy.controller.BookingController.getUserBookings(int,int,java.lang.String,java.lang.String); target is of class [com.trailbuddy.controller.BookingController]
2026-04-16 12:28:44 [http-nio-8080-exec-2] DEBUG org.hibernate.SQL - 
    select
        e1_0.id,
        e1_0.category,
        e1_0.city,
        e1_0.content,
        e1_0.created_at,
        e1_0.description,
        e1_0.experience_key,
        e1_0.images,
        e1_0.is_free,
        e1_0.price,
        e1_0.scope,
        e1_0.tags,
        e1_0.title,
        e1_0.type,
        e1_0.updated_at 
    from
        experiences e1_0 
    where
        e1_0.scope=? 
        and e1_0.category=?
2026-04-16 12:28:44 [http-nio-8080-exec-5] DEBUG o.s.s.a.m.AuthorizationManagerBeforeMethodInterceptor - Authorizing method invocation ReflectiveMethodInvocation: public org.springframework.http.ResponseEntity com.trailbuddy.controller.ReviewController.getMyReviews(org.springframework.security.core.Authentication); target is of class [com.trailbuddy.controller.ReviewController]
2026-04-16 12:28:44 [http-nio-8080-exec-6] DEBUG org.hibernate.SQL - 
    select
        distinct r1_0.id,
        r1_0.created_at,
        r1_0.email,
        r1_0.email_verified,
        r1_0.first_name,
        r1_0.is_active,
        r1_0.last_login,
        r1_0.last_name,
        r1_0.password_hash,
        r1_0.phone,
        r1_0.phone_verified,
        r1_0.profile_image_url,
        r1_0.updated_at 
    from
        chat_messages cm1_0 
    join
        users r1_0 
            on r1_0.id=cm1_0.receiver_id 
    where
        cm1_0.sender_id=?
2026-04-16 12:28:44 [http-nio-8080-exec-8] DEBUG o.s.s.a.m.AuthorizationManagerBeforeMethodInterceptor - Authorized method invocation ReflectiveMethodInvocation: public org.springframework.http.ResponseEntity com.trailbuddy.controller.BookingController.getUserBookings(int,int,java.lang.String,java.lang.String); target is of class [com.trailbuddy.controller.BookingController]
2026-04-16 12:28:44 [http-nio-8080-exec-5] DEBUG o.s.s.a.m.AuthorizationManagerBeforeMethodInterceptor - Authorized method invocation ReflectiveMethodInvocation: public org.springframework.http.ResponseEntity com.trailbuddy.controller.ReviewController.getMyReviews(org.springframework.security.core.Authentication); target is of class [com.trailbuddy.controller.ReviewController]
2026-04-16 12:28:44 [http-nio-8080-exec-1] DEBUG org.hibernate.SQL - 
    select
        r1_0.user_id,
        r1_1.id,
        r1_1.created_at,
        r1_1.description,
        r1_1.name,
        r1_1.updated_at 
    from
        user_roles r1_0 
    join
        roles r1_1 
            on r1_1.id=r1_0.role_id 
    where
        r1_0.user_id=?
2026-04-16 12:28:44 [http-nio-8080-exec-8] DEBUG org.hibernate.SQL - 
    select
        b1_0.id,
        b1_0.cancellation_reason,
        b1_0.created_at,
        b1_0.end_date,
        b1_0.end_time,
        b1_0.guide_id,
        b1_0.guide_curated_quotation,
        b1_0.guide_earnings,
        b1_0.guide_package_id,
        b1_0.platform_fee,
        b1_0.proposal_id,
        b1_0.quotation_status,
        b1_0.razorpay_order_id,
        b1_0.special_requirements,
        b1_0.start_date,
        b1_0.start_time,
        b1_0.status,
        b1_0.total_amount,
        b1_0.traveler_preferences,
        b1_0.traveler_request_id,
        b1_0.updated_at,
        b1_0.user_id 
    from
        bookings b1_0 
    where
        b1_0.user_id=? 
    order by
        b1_0.created_at desc 
    limit
        ?, ?
2026-04-16 12:28:44 [http-nio-8080-exec-6] DEBUG org.hibernate.SQL - 
    select
        g1_0.id,
        g1_0.aadhar_number,
        g1_0.aadhar_verified,
        g1_0.admin_notes,
        g1_0.approved_at,
        g1_0.approved_by,
        g1_0.average_rating,
        g1_0.bio,
        g1_0.city,
        g1_0.created_at,
        g1_0.daily_rate,
        g1_0.experience_years,
        g1_0.expertise_areas,
        g1_0.hourly_rate,
        g1_0.intro_video_url,
        g1_0.is_approved,
        g1_0.is_available,
        g1_0.is_verified,
        g1_0.languages,
        g1_0.profile_image_url,
        g1_0.rejection_reason,
        g1_0.state,
        g1_0.total_bookings,
        g1_0.total_reviews,
        g1_0.updated_at,
        g1_0.user_id,
        u1_0.id,
        u1_0.created_at,
        u1_0.email,
        u1_0.email_verified,
        u1_0.first_name,
        u1_0.is_active,
        u1_0.last_login,
        u1_0.last_name,
        u1_0.password_hash,
        u1_0.phone,
        u1_0.phone_verified,
        u1_0.profile_image_url,
        r1_0.user_id,
        r1_1.id,
        r1_1.created_at,
        r1_1.description,
        r1_1.name,
        r1_1.updated_at,
        u1_0.updated_at,
        g1_0.verification_documents 
    from
        guides g1_0 
    join
        users u1_0 
            on u1_0.id=g1_0.user_id 
    left join
        user_roles r1_0 
            on u1_0.id=r1_0.user_id 
    left join
        roles r1_1 
            on r1_1.id=r1_0.role_id 
    where
        g1_0.user_id=?
2026-04-16 12:28:44 [http-nio-8080-exec-4] DEBUG o.s.security.web.FilterChainProxy - Securing GET /payments/history
2026-04-16 12:28:44 [http-nio-8080-exec-5] DEBUG org.hibernate.SQL - 
    select
        r1_0.id,
        r1_0.booking_id,
        r1_0.created_at,
        r1_0.guide_id,
        r1_0.helpful_count,
        r1_0.is_public,
        r1_0.rating,
        r1_0.review_text,
        r1_0.updated_at,
        r1_0.user_id 
    from
        reviews r1_0 
    left join
        users u1_0 
            on u1_0.id=r1_0.user_id 
    where
        u1_0.id=? 
    order by
        r1_0.created_at desc
2026-04-16 12:28:44 [http-nio-8080-exec-8] DEBUG org.hibernate.SQL - 
    select
        g1_0.id,
        g1_0.aadhar_number,
        g1_0.aadhar_verified,
        g1_0.admin_notes,
        g1_0.approved_at,
        g1_0.approved_by,
        g1_0.average_rating,
        g1_0.bio,
        g1_0.city,
        g1_0.created_at,
        g1_0.daily_rate,
        g1_0.experience_years,
        g1_0.expertise_areas,
        g1_0.hourly_rate,
        g1_0.intro_video_url,
        g1_0.is_approved,
        g1_0.is_available,
        g1_0.is_verified,
        g1_0.languages,
        g1_0.profile_image_url,
        g1_0.rejection_reason,
        g1_0.state,
        g1_0.total_bookings,
        g1_0.total_reviews,
        g1_0.updated_at,
        g1_0.user_id,
        u1_0.id,
        u1_0.created_at,
        u1_0.email,
        u1_0.email_verified,
        u1_0.first_name,
        u1_0.is_active,
        u1_0.last_login,
        u1_0.last_name,
        u1_0.password_hash,
        u1_0.phone,
        u1_0.phone_verified,
        u1_0.profile_image_url,
        r1_0.user_id,
        r1_1.id,
        r1_1.created_at,
        r1_1.description,
        r1_1.name,
        r1_1.updated_at,
        u1_0.updated_at,
        g1_0.verification_documents 
    from
        guides g1_0 
    join
        users u1_0 
            on u1_0.id=g1_0.user_id 
    left join
        user_roles r1_0 
            on u1_0.id=r1_0.user_id 
    left join
        roles r1_1 
            on r1_1.id=r1_0.role_id 
    where
        g1_0.id=?
2026-04-16 12:28:44 [http-nio-8080-exec-7] DEBUG o.s.security.web.FilterChainProxy - Securing GET /experiences/catalog/without-guide/quick
2026-04-16 12:28:44 [http-nio-8080-exec-1] DEBUG o.s.security.web.FilterChainProxy - Secured GET /experiences/catalog/without-guide/city-tours
2026-04-16 12:28:44 [http-nio-8080-exec-6] DEBUG org.hibernate.SQL - 
    select
        g1_0.id,
        g1_0.aadhar_number,
        g1_0.aadhar_verified,
        g1_0.admin_notes,
        g1_0.approved_at,
        g1_0.approved_by,
        g1_0.average_rating,
        g1_0.bio,
        g1_0.city,
        g1_0.created_at,
        g1_0.daily_rate,
        g1_0.experience_years,
        g1_0.expertise_areas,
        g1_0.hourly_rate,
        g1_0.intro_video_url,
        g1_0.is_approved,
        g1_0.is_available,
        g1_0.is_verified,
        g1_0.languages,
        g1_0.profile_image_url,
        g1_0.rejection_reason,
        g1_0.state,
        g1_0.total_bookings,
        g1_0.total_reviews,
        g1_0.updated_at,
        g1_0.user_id,
        u1_0.id,
        u1_0.created_at,
        u1_0.email,
        u1_0.email_verified,
        u1_0.first_name,
        u1_0.is_active,
        u1_0.last_login,
        u1_0.last_name,
        u1_0.password_hash,
        u1_0.phone,
        u1_0.phone_verified,
        u1_0.profile_image_url,
        r1_0.user_id,
        r1_1.id,
        r1_1.created_at,
        r1_1.description,
        r1_1.name,
        r1_1.updated_at,
        u1_0.updated_at,
        g1_0.verification_documents 
    from
        guides g1_0 
    join
        users u1_0 
            on u1_0.id=g1_0.user_id 
    left join
        user_roles r1_0 
            on u1_0.id=r1_0.user_id 
    left join
        roles r1_1 
            on r1_1.id=r1_0.role_id 
    where
        g1_0.user_id=?
2026-04-16 12:28:44 [http-nio-8080-exec-4] DEBUG org.hibernate.SQL - 
    select
        u1_0.id,
        u1_0.created_at,
        u1_0.email,
        u1_0.email_verified,
        u1_0.first_name,
        u1_0.is_active,
        u1_0.last_login,
        u1_0.last_name,
        u1_0.password_hash,
        u1_0.phone,
        u1_0.phone_verified,
        u1_0.profile_image_url,
        u1_0.updated_at 
    from
        users u1_0 
    where
        u1_0.email=? 
        and u1_0.is_active=1
2026-04-16 12:28:44 [http-nio-8080-exec-7] DEBUG org.hibernate.SQL - 
    select
        u1_0.id,
        u1_0.created_at,
        u1_0.email,
        u1_0.email_verified,
        u1_0.first_name,
        u1_0.is_active,
        u1_0.last_login,
        u1_0.last_name,
        u1_0.password_hash,
        u1_0.phone,
        u1_0.phone_verified,
        u1_0.profile_image_url,
        u1_0.updated_at 
    from
        users u1_0 
    where
        u1_0.email=? 
        and u1_0.is_active=1
2026-04-16 12:28:44 [http-nio-8080-exec-8] DEBUG org.hibernate.SQL - 
    select
        p1_0.id,
        p1_0.amount,
        p1_0.booking_id,
        p1_0.created_at,
        p1_0.currency,
        p1_0.payment_date,
        p1_0.payment_method,
        p1_0.payment_status,
        p1_0.razorpay_order_id,
        p1_0.razorpay_payment_id,
        p1_0.razorpay_signature,
        p1_0.refund_amount,
        p1_0.refund_id,
        p1_0.refunded_at,
        p1_0.updated_at,
        p1_0.user_id 
    from
        payments p1_0 
    where
        p1_0.booking_id=?
2026-04-16 12:28:44 [http-nio-8080-exec-1] DEBUG org.hibernate.SQL - 
    select
        e1_0.id,
        e1_0.category,
        e1_0.city,
        e1_0.content,
        e1_0.created_at,
        e1_0.description,
        e1_0.experience_key,
        e1_0.images,
        e1_0.is_free,
        e1_0.price,
        e1_0.scope,
        e1_0.tags,
        e1_0.title,
        e1_0.type,
        e1_0.updated_at 
    from
        experiences e1_0 
    where
        e1_0.scope=? 
        and e1_0.category=?
2026-04-16 12:28:44 [http-nio-8080-exec-9] DEBUG o.s.security.web.FilterChainProxy - Securing GET /reviews/user
2026-04-16 12:28:44 [http-nio-8080-exec-7] DEBUG org.hibernate.SQL - 
    select
        g1_0.id,
        g1_0.aadhar_number,
        g1_0.aadhar_verified,
        g1_0.admin_notes,
        g1_0.approved_at,
        g1_0.approved_by,
        g1_0.average_rating,
        g1_0.bio,
        g1_0.city,
        g1_0.created_at,
        g1_0.daily_rate,
        g1_0.experience_years,
        g1_0.expertise_areas,
        g1_0.hourly_rate,
        g1_0.intro_video_url,
        g1_0.is_approved,
        g1_0.is_available,
        g1_0.is_verified,
        g1_0.languages,
        g1_0.profile_image_url,
        g1_0.rejection_reason,
        g1_0.state,
        g1_0.total_bookings,
        g1_0.total_reviews,
        g1_0.updated_at,
        g1_0.user_id,
        u1_0.id,
        u1_0.created_at,
        u1_0.email,
        u1_0.email_verified,
        u1_0.first_name,
        u1_0.is_active,
        u1_0.last_login,
        u1_0.last_name,
        u1_0.password_hash,
        u1_0.phone,
        u1_0.phone_verified,
        u1_0.profile_image_url,
        r1_0.user_id,
        r1_1.id,
        r1_1.created_at,
        r1_1.description,
        r1_1.name,
        r1_1.updated_at,
        u1_0.updated_at,
        g1_0.verification_documents 
    from
        guides g1_0 
    join
        users u1_0 
            on u1_0.id=g1_0.user_id 
    left join
        user_roles r1_0 
            on u1_0.id=r1_0.user_id 
    left join
        roles r1_1 
            on r1_1.id=r1_0.role_id 
    where
        g1_0.user_id=?
2026-04-16 12:28:44 [http-nio-8080-exec-4] DEBUG org.hibernate.SQL - 
    select
        g1_0.id,
        g1_0.aadhar_number,
        g1_0.aadhar_verified,
        g1_0.admin_notes,
        g1_0.approved_at,
        g1_0.approved_by,
        g1_0.average_rating,
        g1_0.bio,
        g1_0.city,
        g1_0.created_at,
        g1_0.daily_rate,
        g1_0.experience_years,
        g1_0.expertise_areas,
        g1_0.hourly_rate,
        g1_0.intro_video_url,
        g1_0.is_approved,
        g1_0.is_available,
        g1_0.is_verified,
        g1_0.languages,
        g1_0.profile_image_url,
        g1_0.rejection_reason,
        g1_0.state,
        g1_0.total_bookings,
        g1_0.total_reviews,
        g1_0.updated_at,
        g1_0.user_id,
        u1_0.id,
        u1_0.created_at,
        u1_0.email,
        u1_0.email_verified,
        u1_0.first_name,
        u1_0.is_active,
        u1_0.last_login,
        u1_0.last_name,
        u1_0.password_hash,
        u1_0.phone,
        u1_0.phone_verified,
        u1_0.profile_image_url,
        r1_0.user_id,
        r1_1.id,
        r1_1.created_at,
        r1_1.description,
        r1_1.name,
        r1_1.updated_at,
        u1_0.updated_at,
        g1_0.verification_documents 
    from
        guides g1_0 
    join
        users u1_0 
            on u1_0.id=g1_0.user_id 
    left join
        user_roles r1_0 
            on u1_0.id=r1_0.user_id 
    left join
        roles r1_1 
            on r1_1.id=r1_0.role_id 
    where
        g1_0.user_id=?
2026-04-16 12:28:44 [http-nio-8080-exec-6] DEBUG org.hibernate.SQL - 
    select
        distinct s1_0.id,
        s1_0.created_at,
        s1_0.email,
        s1_0.email_verified,
        s1_0.first_name,
        s1_0.is_active,
        s1_0.last_login,
        s1_0.last_name,
        s1_0.password_hash,
        s1_0.phone,
        s1_0.phone_verified,
        s1_0.profile_image_url,
        s1_0.updated_at 
    from
        chat_messages cm1_0 
    join
        users s1_0 
            on s1_0.id=cm1_0.sender_id 
    where
        cm1_0.receiver_id=?
2026-04-16 12:28:44 [http-nio-8080-exec-8] DEBUG org.hibernate.SQL - 
    select
        r1_0.id,
        r1_0.booking_id,
        r1_0.created_at,
        r1_0.guide_id,
        r1_0.helpful_count,
        r1_0.is_public,
        r1_0.rating,
        r1_0.review_text,
        r1_0.updated_at,
        r1_0.user_id 
    from
        reviews r1_0 
    where
        r1_0.booking_id=?
2026-04-16 12:28:44 [http-nio-8080-exec-4] DEBUG org.hibernate.SQL - 
    select
        r1_0.user_id,
        r1_1.id,
        r1_1.created_at,
        r1_1.description,
        r1_1.name,
        r1_1.updated_at 
    from
        user_roles r1_0 
    join
        roles r1_1 
            on r1_1.id=r1_0.role_id 
    where
        r1_0.user_id=?
2026-04-16 12:28:44 [http-nio-8080-exec-9] DEBUG org.hibernate.SQL - 
    select
        u1_0.id,
        u1_0.created_at,
        u1_0.email,
        u1_0.email_verified,
        u1_0.first_name,
        u1_0.is_active,
        u1_0.last_login,
        u1_0.last_name,
        u1_0.password_hash,
        u1_0.phone,
        u1_0.phone_verified,
        u1_0.profile_image_url,
        u1_0.updated_at 
    from
        users u1_0 
    where
        u1_0.email=? 
        and u1_0.is_active=1
2026-04-16 12:28:44 [http-nio-8080-exec-7] DEBUG org.hibernate.SQL - 
    select
        r1_0.user_id,
        r1_1.id,
        r1_1.created_at,
        r1_1.description,
        r1_1.name,
        r1_1.updated_at 
    from
        user_roles r1_0 
    join
        roles r1_1 
            on r1_1.id=r1_0.role_id 
    where
        r1_0.user_id=?
2026-04-16 12:28:44 [http-nio-8080-exec-6] DEBUG org.hibernate.SQL - 
    select
        g1_0.id,
        g1_0.aadhar_number,
        g1_0.aadhar_verified,
        g1_0.admin_notes,
        g1_0.approved_at,
        g1_0.approved_by,
        g1_0.average_rating,
        g1_0.bio,
        g1_0.city,
        g1_0.created_at,
        g1_0.daily_rate,
        g1_0.experience_years,
        g1_0.expertise_areas,
        g1_0.hourly_rate,
        g1_0.intro_video_url,
        g1_0.is_approved,
        g1_0.is_available,
        g1_0.is_verified,
        g1_0.languages,
        g1_0.profile_image_url,
        g1_0.rejection_reason,
        g1_0.state,
        g1_0.total_bookings,
        g1_0.total_reviews,
        g1_0.updated_at,
        g1_0.user_id,
        u1_0.id,
        u1_0.created_at,
        u1_0.email,
        u1_0.email_verified,
        u1_0.first_name,
        u1_0.is_active,
        u1_0.last_login,
        u1_0.last_name,
        u1_0.password_hash,
        u1_0.phone,
        u1_0.phone_verified,
        u1_0.profile_image_url,
        r1_0.user_id,
        r1_1.id,
        r1_1.created_at,
        r1_1.description,
        r1_1.name,
        r1_1.updated_at,
        u1_0.updated_at,
        g1_0.verification_documents 
    from
        guides g1_0 
    join
        users u1_0 
            on u1_0.id=g1_0.user_id 
    left join
        user_roles r1_0 
            on u1_0.id=r1_0.user_id 
    left join
        roles r1_1 
            on r1_1.id=r1_0.role_id 
    where
        g1_0.user_id=?
2026-04-16 12:28:44 [http-nio-8080-exec-8] DEBUG org.hibernate.SQL - 
    select
        u1_0.id,
        u1_0.created_at,
        u1_0.email,
        u1_0.email_verified,
        u1_0.first_name,
        g1_0.id,
        g1_0.aadhar_number,
        g1_0.aadhar_verified,
        g1_0.admin_notes,
        g1_0.approved_at,
        g1_0.approved_by,
        g1_0.average_rating,
        g1_0.bio,
        g1_0.city,
        g1_0.created_at,
        g1_0.daily_rate,
        g1_0.experience_years,
        g1_0.expertise_areas,
        g1_0.hourly_rate,
        g1_0.intro_video_url,
        g1_0.is_approved,
        g1_0.is_available,
        g1_0.is_verified,
        g1_0.languages,
        g1_0.profile_image_url,
        g1_0.rejection_reason,
        g1_0.state,
        g1_0.total_bookings,
        g1_0.total_reviews,
        g1_0.updated_at,
        g1_0.user_id,
        g1_0.verification_documents,
        u1_0.is_active,
        u1_0.last_login,
        u1_0.last_name,
        u1_0.password_hash,
        u1_0.phone,
        u1_0.phone_verified,
        u1_0.profile_image_url,
        r1_0.user_id,
        r1_1.id,
        r1_1.created_at,
        r1_1.description,
        r1_1.name,
        r1_1.updated_at,
        u1_0.updated_at 
    from
        users u1_0 
    left join
        guides g1_0 
            on u1_0.id=g1_0.user_id 
    left join
        user_roles r1_0 
            on u1_0.id=r1_0.user_id 
    left join
        roles r1_1 
            on r1_1.id=r1_0.role_id 
    where
        u1_0.id=?
2026-04-16 12:28:44 [http-nio-8080-exec-9] DEBUG org.hibernate.SQL - 
    select
        g1_0.id,
        g1_0.aadhar_number,
        g1_0.aadhar_verified,
        g1_0.admin_notes,
        g1_0.approved_at,
        g1_0.approved_by,
        g1_0.average_rating,
        g1_0.bio,
        g1_0.city,
        g1_0.created_at,
        g1_0.daily_rate,
        g1_0.experience_years,
        g1_0.expertise_areas,
        g1_0.hourly_rate,
        g1_0.intro_video_url,
        g1_0.is_approved,
        g1_0.is_available,
        g1_0.is_verified,
        g1_0.languages,
        g1_0.profile_image_url,
        g1_0.rejection_reason,
        g1_0.state,
        g1_0.total_bookings,
        g1_0.total_reviews,
        g1_0.updated_at,
        g1_0.user_id,
        u1_0.id,
        u1_0.created_at,
        u1_0.email,
        u1_0.email_verified,
        u1_0.first_name,
        u1_0.is_active,
        u1_0.last_login,
        u1_0.last_name,
        u1_0.password_hash,
        u1_0.phone,
        u1_0.phone_verified,
        u1_0.profile_image_url,
        r1_0.user_id,
        r1_1.id,
        r1_1.created_at,
        r1_1.description,
        r1_1.name,
        r1_1.updated_at,
        u1_0.updated_at,
        g1_0.verification_documents 
    from
        guides g1_0 
    join
        users u1_0 
            on u1_0.id=g1_0.user_id 
    left join
        user_roles r1_0 
            on u1_0.id=r1_0.user_id 
    left join
        roles r1_1 
            on r1_1.id=r1_0.role_id 
    where
        g1_0.user_id=?
2026-04-16 12:28:44 [http-nio-8080-exec-4] DEBUG o.s.security.web.FilterChainProxy - Secured GET /payments/history
2026-04-16 12:28:44 [http-nio-8080-exec-4] INFO  c.t.controller.PaymentController - Getting payment history
2026-04-16 12:28:44 [http-nio-8080-exec-10] DEBUG o.s.security.web.FilterChainProxy - Securing GET /experiences/catalog/without-guide/city-tours
2026-04-16 12:28:44 [http-nio-8080-exec-6] DEBUG org.hibernate.SQL - 
    select
        g1_0.id,
        g1_0.aadhar_number,
        g1_0.aadhar_verified,
        g1_0.admin_notes,
        g1_0.approved_at,
        g1_0.approved_by,
        g1_0.average_rating,
        g1_0.bio,
        g1_0.city,
        g1_0.created_at,
        g1_0.daily_rate,
        g1_0.experience_years,
        g1_0.expertise_areas,
        g1_0.hourly_rate,
        g1_0.intro_video_url,
        g1_0.is_approved,
        g1_0.is_available,
        g1_0.is_verified,
        g1_0.languages,
        g1_0.profile_image_url,
        g1_0.rejection_reason,
        g1_0.state,
        g1_0.total_bookings,
        g1_0.total_reviews,
        g1_0.updated_at,
        g1_0.user_id,
        u1_0.id,
        u1_0.created_at,
        u1_0.email,
        u1_0.email_verified,
        u1_0.first_name,
        u1_0.is_active,
        u1_0.last_login,
        u1_0.last_name,
        u1_0.password_hash,
        u1_0.phone,
        u1_0.phone_verified,
        u1_0.profile_image_url,
        r1_0.user_id,
        r1_1.id,
        r1_1.created_at,
        r1_1.description,
        r1_1.name,
        r1_1.updated_at,
        u1_0.updated_at,
        g1_0.verification_documents 
    from
        guides g1_0 
    join
        users u1_0 
            on u1_0.id=g1_0.user_id 
    left join
        user_roles r1_0 
            on u1_0.id=r1_0.user_id 
    left join
        roles r1_1 
            on r1_1.id=r1_0.role_id 
    where
        g1_0.user_id=?
2026-04-16 12:28:44 [http-nio-8080-exec-9] DEBUG org.hibernate.SQL - 
    select
        r1_0.user_id,
        r1_1.id,
        r1_1.created_at,
        r1_1.description,
        r1_1.name,
        r1_1.updated_at 
    from
        user_roles r1_0 
    join
        roles r1_1 
            on r1_1.id=r1_0.role_id 
    where
        r1_0.user_id=?
2026-04-16 12:28:44 [http-nio-8080-exec-7] DEBUG o.s.security.web.FilterChainProxy - Secured GET /experiences/catalog/without-guide/quick
2026-04-16 12:28:44 [http-nio-8080-exec-8] DEBUG org.hibernate.SQL - 
    select
        p1_0.id,
        p1_0.amount,
        p1_0.booking_id,
        p1_0.created_at,
        p1_0.currency,
        p1_0.payment_date,
        p1_0.payment_method,
        p1_0.payment_status,
        p1_0.razorpay_order_id,
        p1_0.razorpay_payment_id,
        p1_0.razorpay_signature,
        p1_0.refund_amount,
        p1_0.refund_id,
        p1_0.refunded_at,
        p1_0.updated_at,
        p1_0.user_id 
    from
        payments p1_0 
    where
        p1_0.booking_id=?
2026-04-16 12:28:44 [http-nio-8080-exec-4] DEBUG org.hibernate.SQL - 
    select
        p1_0.id,
        p1_0.amount,
        p1_0.booking_id,
        p1_0.created_at,
        p1_0.currency,
        p1_0.payment_date,
        p1_0.payment_method,
        p1_0.payment_status,
        p1_0.razorpay_order_id,
        p1_0.razorpay_payment_id,
        p1_0.razorpay_signature,
        p1_0.refund_amount,
        p1_0.refund_id,
        p1_0.refunded_at,
        p1_0.updated_at,
        p1_0.user_id 
    from
        payments p1_0 
    where
        p1_0.user_id=? 
    order by
        p1_0.payment_date desc
2026-04-16 12:28:44 [http-nio-8080-exec-7] DEBUG org.hibernate.SQL - 
    select
        e1_0.id,
        e1_0.category,
        e1_0.city,
        e1_0.content,
        e1_0.created_at,
        e1_0.description,
        e1_0.experience_key,
        e1_0.images,
        e1_0.is_free,
        e1_0.price,
        e1_0.scope,
        e1_0.tags,
        e1_0.title,
        e1_0.type,
        e1_0.updated_at 
    from
        experiences e1_0 
    where
        e1_0.scope=? 
        and e1_0.category=?
2026-04-16 12:28:44 [http-nio-8080-exec-8] DEBUG org.hibernate.SQL - 
    select
        r1_0.id,
        r1_0.booking_id,
        r1_0.created_at,
        r1_0.guide_id,
        r1_0.helpful_count,
        r1_0.is_public,
        r1_0.rating,
        r1_0.review_text,
        r1_0.updated_at,
        r1_0.user_id 
    from
        reviews r1_0 
    where
        r1_0.booking_id=?
2026-04-16 12:28:44 [http-nio-8080-exec-10] DEBUG org.hibernate.SQL - 
    select
        u1_0.id,
        u1_0.created_at,
        u1_0.email,
        u1_0.email_verified,
        u1_0.first_name,
        u1_0.is_active,
        u1_0.last_login,
        u1_0.last_name,
        u1_0.password_hash,
        u1_0.phone,
        u1_0.phone_verified,
        u1_0.profile_image_url,
        u1_0.updated_at 
    from
        users u1_0 
    where
        u1_0.email=? 
        and u1_0.is_active=1
2026-04-16 12:28:44 [http-nio-8080-exec-6] DEBUG org.hibernate.SQL - 
    select
        b1_0.id,
        b1_0.cancellation_reason,
        b1_0.created_at,
        b1_0.end_date,
        b1_0.end_time,
        b1_0.guide_id,
        b1_0.guide_curated_quotation,
        b1_0.guide_earnings,
        b1_0.guide_package_id,
        b1_0.platform_fee,
        b1_0.proposal_id,
        b1_0.quotation_status,
        b1_0.razorpay_order_id,
        b1_0.special_requirements,
        b1_0.start_date,
        b1_0.start_time,
        b1_0.status,
        b1_0.total_amount,
        b1_0.traveler_preferences,
        b1_0.traveler_request_id,
        b1_0.updated_at,
        b1_0.user_id 
    from
        bookings b1_0 
    join
        guides g1_0 
            on g1_0.id=b1_0.guide_id 
    where
        b1_0.user_id=? 
        and g1_0.user_id=? 
    order by
        b1_0.created_at desc 
    limit
        ?, ?
2026-04-16 12:28:44 [http-nio-8080-exec-9] DEBUG o.s.security.web.FilterChainProxy - Secured GET /reviews/user
2026-04-16 12:28:44 [http-nio-8080-exec-10] DEBUG org.hibernate.SQL - 
    select
        g1_0.id,
        g1_0.aadhar_number,
        g1_0.aadhar_verified,
        g1_0.admin_notes,
        g1_0.approved_at,
        g1_0.approved_by,
        g1_0.average_rating,
        g1_0.bio,
        g1_0.city,
        g1_0.created_at,
        g1_0.daily_rate,
        g1_0.experience_years,
        g1_0.expertise_areas,
        g1_0.hourly_rate,
        g1_0.intro_video_url,
        g1_0.is_approved,
        g1_0.is_available,
        g1_0.is_verified,
        g1_0.languages,
        g1_0.profile_image_url,
        g1_0.rejection_reason,
        g1_0.state,
        g1_0.total_bookings,
        g1_0.total_reviews,
        g1_0.updated_at,
        g1_0.user_id,
        u1_0.id,
        u1_0.created_at,
        u1_0.email,
        u1_0.email_verified,
        u1_0.first_name,
        u1_0.is_active,
        u1_0.last_login,
        u1_0.last_name,
        u1_0.password_hash,
        u1_0.phone,
        u1_0.phone_verified,
        u1_0.profile_image_url,
        r1_0.user_id,
        r1_1.id,
        r1_1.created_at,
        r1_1.description,
        r1_1.name,
        r1_1.updated_at,
        u1_0.updated_at,
        g1_0.verification_documents 
    from
        guides g1_0 
    join
        users u1_0 
            on u1_0.id=g1_0.user_id 
    left join
        user_roles r1_0 
            on u1_0.id=r1_0.user_id 
    left join
        roles r1_1 
            on r1_1.id=r1_0.role_id 
    where
        g1_0.user_id=?
2026-04-16 12:28:44 [http-nio-8080-exec-8] DEBUG org.hibernate.SQL - 
    select
        g1_0.id,
        g1_0.aadhar_number,
        g1_0.aadhar_verified,
        g1_0.admin_notes,
        g1_0.approved_at,
        g1_0.approved_by,
        g1_0.average_rating,
        g1_0.bio,
        g1_0.city,
        g1_0.created_at,
        g1_0.daily_rate,
        g1_0.experience_years,
        g1_0.expertise_areas,
        g1_0.hourly_rate,
        g1_0.intro_video_url,
        g1_0.is_approved,
        g1_0.is_available,
        g1_0.is_verified,
        g1_0.languages,
        g1_0.profile_image_url,
        g1_0.rejection_reason,
        g1_0.state,
        g1_0.total_bookings,
        g1_0.total_reviews,
        g1_0.updated_at,
        g1_0.user_id,
        u1_0.id,
        u1_0.created_at,
        u1_0.email,
        u1_0.email_verified,
        u1_0.first_name,
        u1_0.is_active,
        u1_0.last_login,
        u1_0.last_name,
        u1_0.password_hash,
        u1_0.phone,
        u1_0.phone_verified,
        u1_0.profile_image_url,
        r1_0.user_id,
        r1_1.id,
        r1_1.created_at,
        r1_1.description,
        r1_1.name,
        r1_1.updated_at,
        u1_0.updated_at,
        g1_0.verification_documents 
    from
        guides g1_0 
    join
        users u1_0 
            on u1_0.id=g1_0.user_id 
    left join
        user_roles r1_0 
            on u1_0.id=r1_0.user_id 
    left join
        roles r1_1 
            on r1_1.id=r1_0.role_id 
    where
        g1_0.id=?
2026-04-16 12:28:44 [http-nio-8080-exec-6] DEBUG org.hibernate.SQL - 
    select
        g1_0.id,
        g1_0.aadhar_number,
        g1_0.aadhar_verified,
        g1_0.admin_notes,
        g1_0.approved_at,
        g1_0.approved_by,
        g1_0.average_rating,
        g1_0.bio,
        g1_0.city,
        g1_0.created_at,
        g1_0.daily_rate,
        g1_0.experience_years,
        g1_0.expertise_areas,
        g1_0.hourly_rate,
        g1_0.intro_video_url,
        g1_0.is_approved,
        g1_0.is_available,
        g1_0.is_verified,
        g1_0.languages,
        g1_0.profile_image_url,
        g1_0.rejection_reason,
        g1_0.state,
        g1_0.total_bookings,
        g1_0.total_reviews,
        g1_0.updated_at,
        g1_0.user_id,
        u1_0.id,
        u1_0.created_at,
        u1_0.email,
        u1_0.email_verified,
        u1_0.first_name,
        u1_0.is_active,
        u1_0.last_login,
        u1_0.last_name,
        u1_0.password_hash,
        u1_0.phone,
        u1_0.phone_verified,
        u1_0.profile_image_url,
        r1_0.user_id,
        r1_1.id,
        r1_1.created_at,
        r1_1.description,
        r1_1.name,
        r1_1.updated_at,
        u1_0.updated_at,
        g1_0.verification_documents 
    from
        guides g1_0 
    join
        users u1_0 
            on u1_0.id=g1_0.user_id 
    left join
        user_roles r1_0 
            on u1_0.id=r1_0.user_id 
    left join
        roles r1_1 
            on r1_1.id=r1_0.role_id 
    where
        g1_0.id=?
2026-04-16 12:28:44 [http-nio-8080-exec-9] DEBUG o.s.s.a.m.AuthorizationManagerBeforeMethodInterceptor - Authorizing method invocation ReflectiveMethodInvocation: public org.springframework.http.ResponseEntity com.trailbuddy.controller.ReviewController.getMyReviews(org.springframework.security.core.Authentication); target is of class [com.trailbuddy.controller.ReviewController]
2026-04-16 12:28:44 [http-nio-8080-exec-9] DEBUG o.s.s.a.m.AuthorizationManagerBeforeMethodInterceptor - Authorized method invocation ReflectiveMethodInvocation: public org.springframework.http.ResponseEntity com.trailbuddy.controller.ReviewController.getMyReviews(org.springframework.security.core.Authentication); target is of class [com.trailbuddy.controller.ReviewController]
2026-04-16 12:28:44 [http-nio-8080-exec-10] DEBUG org.hibernate.SQL - 
    select
        r1_0.user_id,
        r1_1.id,
        r1_1.created_at,
        r1_1.description,
        r1_1.name,
        r1_1.updated_at 
    from
        user_roles r1_0 
    join
        roles r1_1 
            on r1_1.id=r1_0.role_id 
    where
        r1_0.user_id=?
2026-04-16 12:28:44 [http-nio-8080-exec-3] DEBUG o.s.security.web.FilterChainProxy - Securing GET /payments/history
2026-04-16 12:28:44 [http-nio-8080-exec-8] DEBUG org.hibernate.SQL - 
    select
        p1_0.id,
        p1_0.amount,
        p1_0.booking_id,
        p1_0.created_at,
        p1_0.currency,
        p1_0.payment_date,
        p1_0.payment_method,
        p1_0.payment_status,
        p1_0.razorpay_order_id,
        p1_0.razorpay_payment_id,
        p1_0.razorpay_signature,
        p1_0.refund_amount,
        p1_0.refund_id,
        p1_0.refunded_at,
        p1_0.updated_at,
        p1_0.user_id 
    from
        payments p1_0 
    where
        p1_0.booking_id=?
2026-04-16 12:28:44 [http-nio-8080-exec-6] DEBUG org.hibernate.SQL - 
    select
        p1_0.id,
        p1_0.amount,
        p1_0.booking_id,
        p1_0.created_at,
        p1_0.currency,
        p1_0.payment_date,
        p1_0.payment_method,
        p1_0.payment_status,
        p1_0.razorpay_order_id,
        p1_0.razorpay_payment_id,
        p1_0.razorpay_signature,
        p1_0.refund_amount,
        p1_0.refund_id,
        p1_0.refunded_at,
        p1_0.updated_at,
        p1_0.user_id 
    from
        payments p1_0 
    where
        p1_0.booking_id=?
2026-04-16 12:28:44 [http-nio-8080-exec-9] DEBUG org.hibernate.SQL - 
    select
        r1_0.id,
        r1_0.booking_id,
        r1_0.created_at,
        r1_0.guide_id,
        r1_0.helpful_count,
        r1_0.is_public,
        r1_0.rating,
        r1_0.review_text,
        r1_0.updated_at,
        r1_0.user_id 
    from
        reviews r1_0 
    left join
        users u1_0 
            on u1_0.id=r1_0.user_id 
    where
        u1_0.id=? 
    order by
        r1_0.created_at desc
2026-04-16 12:28:44 [http-nio-8080-exec-10] DEBUG o.s.security.web.FilterChainProxy - Secured GET /experiences/catalog/without-guide/city-tours
2026-04-16 12:28:44 [http-nio-8080-exec-3] DEBUG org.hibernate.SQL - 
    select
        u1_0.id,
        u1_0.created_at,
        u1_0.email,
        u1_0.email_verified,
        u1_0.first_name,
        u1_0.is_active,
        u1_0.last_login,
        u1_0.last_name,
        u1_0.password_hash,
        u1_0.phone,
        u1_0.phone_verified,
        u1_0.profile_image_url,
        u1_0.updated_at 
    from
        users u1_0 
    where
        u1_0.email=? 
        and u1_0.is_active=1
2026-04-16 12:28:44 [http-nio-8080-exec-8] DEBUG org.hibernate.SQL - 
    select
        r1_0.id,
        r1_0.booking_id,
        r1_0.created_at,
        r1_0.guide_id,
        r1_0.helpful_count,
        r1_0.is_public,
        r1_0.rating,
        r1_0.review_text,
        r1_0.updated_at,
        r1_0.user_id 
    from
        reviews r1_0 
    where
        r1_0.booking_id=?
2026-04-16 12:28:44 [http-nio-8080-exec-6] DEBUG org.hibernate.SQL - 
    select
        r1_0.id,
        r1_0.booking_id,
        r1_0.created_at,
        r1_0.guide_id,
        r1_0.helpful_count,
        r1_0.is_public,
        r1_0.rating,
        r1_0.review_text,
        r1_0.updated_at,
        r1_0.user_id 
    from
        reviews r1_0 
    where
        r1_0.booking_id=?
2026-04-16 12:28:44 [http-nio-8080-exec-10] DEBUG org.hibernate.SQL - 
    select
        e1_0.id,
        e1_0.category,
        e1_0.city,
        e1_0.content,
        e1_0.created_at,
        e1_0.description,
        e1_0.experience_key,
        e1_0.images,
        e1_0.is_free,
        e1_0.price,
        e1_0.scope,
        e1_0.tags,
        e1_0.title,
        e1_0.type,
        e1_0.updated_at 
    from
        experiences e1_0 
    where
        e1_0.scope=? 
        and e1_0.category=?
2026-04-16 12:28:44 [http-nio-8080-exec-3] DEBUG org.hibernate.SQL - 
    select
        g1_0.id,
        g1_0.aadhar_number,
        g1_0.aadhar_verified,
        g1_0.admin_notes,
        g1_0.approved_at,
        g1_0.approved_by,
        g1_0.average_rating,
        g1_0.bio,
        g1_0.city,
        g1_0.created_at,
        g1_0.daily_rate,
        g1_0.experience_years,
        g1_0.expertise_areas,
        g1_0.hourly_rate,
        g1_0.intro_video_url,
        g1_0.is_approved,
        g1_0.is_available,
        g1_0.is_verified,
        g1_0.languages,
        g1_0.profile_image_url,
        g1_0.rejection_reason,
        g1_0.state,
        g1_0.total_bookings,
        g1_0.total_reviews,
        g1_0.updated_at,
        g1_0.user_id,
        u1_0.id,
        u1_0.created_at,
        u1_0.email,
        u1_0.email_verified,
        u1_0.first_name,
        u1_0.is_active,
        u1_0.last_login,
        u1_0.last_name,
        u1_0.password_hash,
        u1_0.phone,
        u1_0.phone_verified,
        u1_0.profile_image_url,
        r1_0.user_id,
        r1_1.id,
        r1_1.created_at,
        r1_1.description,
        r1_1.name,
        r1_1.updated_at,
        u1_0.updated_at,
        g1_0.verification_documents 
    from
        guides g1_0 
    join
        users u1_0 
            on u1_0.id=g1_0.user_id 
    left join
        user_roles r1_0 
            on u1_0.id=r1_0.user_id 
    left join
        roles r1_1 
            on r1_1.id=r1_0.role_id 
    where
        g1_0.user_id=?
2026-04-16 12:28:44 [http-nio-8080-exec-8] DEBUG org.hibernate.SQL - 
    select
        p1_0.id,
        p1_0.amount,
        p1_0.booking_id,
        p1_0.created_at,
        p1_0.currency,
        p1_0.payment_date,
        p1_0.payment_method,
        p1_0.payment_status,
        p1_0.razorpay_order_id,
        p1_0.razorpay_payment_id,
        p1_0.razorpay_signature,
        p1_0.refund_amount,
        p1_0.refund_id,
        p1_0.refunded_at,
        p1_0.updated_at,
        p1_0.user_id 
    from
        payments p1_0 
    where
        p1_0.booking_id=?
2026-04-16 12:28:44 [http-nio-8080-exec-6] DEBUG org.hibernate.SQL - 
    select
        u1_0.id,
        u1_0.created_at,
        u1_0.email,
        u1_0.email_verified,
        u1_0.first_name,
        g1_0.id,
        g1_0.aadhar_number,
        g1_0.aadhar_verified,
        g1_0.admin_notes,
        g1_0.approved_at,
        g1_0.approved_by,
        g1_0.average_rating,
        g1_0.bio,
        g1_0.city,
        g1_0.created_at,
        g1_0.daily_rate,
        g1_0.experience_years,
        g1_0.expertise_areas,
        g1_0.hourly_rate,
        g1_0.intro_video_url,
        g1_0.is_approved,
        g1_0.is_available,
        g1_0.is_verified,
        g1_0.languages,
        g1_0.profile_image_url,
        g1_0.rejection_reason,
        g1_0.state,
        g1_0.total_bookings,
        g1_0.total_reviews,
        g1_0.updated_at,
        g1_0.user_id,
        g1_0.verification_documents,
        u1_0.is_active,
        u1_0.last_login,
        u1_0.last_name,
        u1_0.password_hash,
        u1_0.phone,
        u1_0.phone_verified,
        u1_0.profile_image_url,
        r1_0.user_id,
        r1_1.id,
        r1_1.created_at,
        r1_1.description,
        r1_1.name,
        r1_1.updated_at,
        u1_0.updated_at 
    from
        users u1_0 
    left join
        guides g1_0 
            on u1_0.id=g1_0.user_id 
    left join
        user_roles r1_0 
            on u1_0.id=r1_0.user_id 
    left join
        roles r1_1 
            on r1_1.id=r1_0.role_id 
    where
        u1_0.id=?
2026-04-16 12:28:44 [http-nio-8080-exec-8] DEBUG org.hibernate.SQL - 
    select
        r1_0.id,
        r1_0.booking_id,
        r1_0.created_at,
        r1_0.guide_id,
        r1_0.helpful_count,
        r1_0.is_public,
        r1_0.rating,
        r1_0.review_text,
        r1_0.updated_at,
        r1_0.user_id 
    from
        reviews r1_0 
    where
        r1_0.booking_id=?
2026-04-16 12:28:44 [http-nio-8080-exec-3] DEBUG org.hibernate.SQL - 
    select
        r1_0.user_id,
        r1_1.id,
        r1_1.created_at,
        r1_1.description,
        r1_1.name,
        r1_1.updated_at 
    from
        user_roles r1_0 
    join
        roles r1_1 
            on r1_1.id=r1_0.role_id 
    where
        r1_0.user_id=?
2026-04-16 12:28:44 [http-nio-8080-exec-6] DEBUG org.hibernate.SQL - 
    select
        cm1_0.id,
        cm1_0.booking_id,
        cm1_0.message,
        cm1_0.proposal_id,
        cm1_0.read_status,
        cm1_0.receiver_id,
        cm1_0.sender_id,
        cm1_0.timestamp,
        cm1_0.type 
    from
        chat_messages cm1_0 
    where
        (
            cm1_0.sender_id=? 
            and cm1_0.receiver_id=?
        ) 
        or (
            cm1_0.sender_id=? 
            and cm1_0.receiver_id=?
        ) 
    order by
        cm1_0.timestamp desc 
    limit
        ?, ?
2026-04-16 12:28:44 [http-nio-8080-exec-8] DEBUG org.hibernate.SQL - 
    select
        p1_0.id,
        p1_0.amount,
        p1_0.booking_id,
        p1_0.created_at,
        p1_0.currency,
        p1_0.payment_date,
        p1_0.payment_method,
        p1_0.payment_status,
        p1_0.razorpay_order_id,
        p1_0.razorpay_payment_id,
        p1_0.razorpay_signature,
        p1_0.refund_amount,
        p1_0.refund_id,
        p1_0.refunded_at,
        p1_0.updated_at,
        p1_0.user_id 
    from
        payments p1_0 
    where
        p1_0.booking_id=?
2026-04-16 12:28:44 [http-nio-8080-exec-6] DEBUG org.hibernate.SQL - 
    select
        b1_0.id,
        b1_0.cancellation_reason,
        b1_0.created_at,
        b1_0.end_date,
        b1_0.end_time,
        b1_0.guide_id,
        g1_0.id,
        g1_0.aadhar_number,
        g1_0.aadhar_verified,
        g1_0.admin_notes,
        g1_0.approved_at,
        g1_0.approved_by,
        g1_0.average_rating,
        g1_0.bio,
        g1_0.city,
        g1_0.created_at,
        g1_0.daily_rate,
        g1_0.experience_years,
        g1_0.expertise_areas,
        g1_0.hourly_rate,
        g1_0.intro_video_url,
        g1_0.is_approved,
        g1_0.is_available,
        g1_0.is_verified,
        g1_0.languages,
        g1_0.profile_image_url,
        g1_0.rejection_reason,
        g1_0.state,
        g1_0.total_bookings,
        g1_0.total_reviews,
        g1_0.updated_at,
        g1_0.user_id,
        u1_0.id,
        u1_0.created_at,
        u1_0.email,
        u1_0.email_verified,
        u1_0.first_name,
        u1_0.is_active,
        u1_0.last_login,
        u1_0.last_name,
        u1_0.password_hash,
        u1_0.phone,
        u1_0.phone_verified,
        u1_0.profile_image_url,
        u1_0.updated_at,
        g1_0.verification_documents,
        b1_0.guide_curated_quotation,
        b1_0.guide_earnings,
        b1_0.guide_package_id,
        p1_0.id,
        p1_0.amount,
        p1_0.booking_id,
        p1_0.created_at,
        p1_0.currency,
        p1_0.payment_date,
        p1_0.payment_method,
        p1_0.payment_status,
        p1_0.razorpay_order_id,
        p1_0.razorpay_payment_id,
        p1_0.razorpay_signature,
        p1_0.refund_amount,
        p1_0.refund_id,
        p1_0.refunded_at,
        p1_0.updated_at,
        p1_0.user_id,
        b1_0.platform_fee,
        b1_0.proposal_id,
        b1_0.quotation_status,
        b1_0.razorpay_order_id,
        r1_0.id,
        r1_0.booking_id,
        r1_0.created_at,
        r1_0.guide_id,
        r1_0.helpful_count,
        r1_0.is_public,
        r1_0.rating,
        r1_0.review_text,
        r1_0.updated_at,
        r1_0.user_id,
        b1_0.special_requirements,
        b1_0.start_date,
        b1_0.start_time,
        b1_0.status,
        b1_0.total_amount,
        b1_0.traveler_preferences,
        b1_0.traveler_request_id,
        b1_0.updated_at,
        b1_0.user_id,
        u4_0.id,
        u4_0.created_at,
        u4_0.email,
        u4_0.email_verified,
        u4_0.first_name,
        g3_0.id,
        g3_0.aadhar_number,
        g3_0.aadhar_verified,
        g3_0.admin_notes,
        g3_0.approved_at,
        g3_0.approved_by,
        g3_0.average_rating,
        g3_0.bio,
        g3_0.city,
        g3_0.created_at,
        g3_0.daily_rate,
        g3_0.experience_years,
        g3_0.expertise_areas,
        g3_0.hourly_rate,
        g3_0.intro_video_url,
        g3_0.is_approved,
        g3_0.is_available,
        g3_0.is_verified,
        g3_0.languages,
        g3_0.profile_image_url,
        g3_0.rejection_reason,
        g3_0.state,
        g3_0.total_bookings,
        g3_0.total_reviews,
        g3_0.updated_at,
        g3_0.user_id,
        g3_0.verification_documents,
        u4_0.is_active,
        u4_0.last_login,
        u4_0.last_name,
        u4_0.password_hash,
        u4_0.phone,
        u4_0.phone_verified,
        u4_0.profile_image_url,
        r2_0.user_id,
        r2_1.id,
        r2_1.created_at,
        r2_1.description,
        r2_1.name,
        r2_1.updated_at,
        u4_0.updated_at 
    from
        bookings b1_0 
    join
        guides g1_0 
            on g1_0.id=b1_0.guide_id 
    left join
        users u1_0 
            on u1_0.id=g1_0.user_id 
    left join
        payments p1_0 
            on b1_0.id=p1_0.booking_id 
    left join
        reviews r1_0 
            on b1_0.id=r1_0.booking_id 
    join
        users u4_0 
            on u4_0.id=b1_0.user_id 
    left join
        guides g3_0 
            on u4_0.id=g3_0.user_id 
    left join
        user_roles r2_0 
            on u4_0.id=r2_0.user_id 
    left join
        roles r2_1 
            on r2_1.id=r2_0.role_id 
    where
        b1_0.id=?
2026-04-16 12:28:44 [http-nio-8080-exec-3] DEBUG o.s.security.web.FilterChainProxy - Secured GET /payments/history
2026-04-16 12:28:44 [http-nio-8080-exec-8] DEBUG org.hibernate.SQL - 
    select
        r1_0.id,
        r1_0.booking_id,
        r1_0.created_at,
        r1_0.guide_id,
        r1_0.helpful_count,
        r1_0.is_public,
        r1_0.rating,
        r1_0.review_text,
        r1_0.updated_at,
        r1_0.user_id 
    from
        reviews r1_0 
    where
        r1_0.booking_id=?
2026-04-16 12:28:44 [http-nio-8080-exec-3] INFO  c.t.controller.PaymentController - Getting payment history
2026-04-16 12:28:44 [http-nio-8080-exec-8] DEBUG org.hibernate.SQL - 
    select
        p1_0.id,
        p1_0.amount,
        p1_0.booking_id,
        p1_0.created_at,
        p1_0.currency,
        p1_0.payment_date,
        p1_0.payment_method,
        p1_0.payment_status,
        p1_0.razorpay_order_id,
        p1_0.razorpay_payment_id,
        p1_0.razorpay_signature,
        p1_0.refund_amount,
        p1_0.refund_id,
        p1_0.refunded_at,
        p1_0.updated_at,
        p1_0.user_id 
    from
        payments p1_0 
    where
        p1_0.booking_id=?
2026-04-16 12:28:44 [http-nio-8080-exec-3] DEBUG org.hibernate.SQL - 
    select
        p1_0.id,
        p1_0.amount,
        p1_0.booking_id,
        p1_0.created_at,
        p1_0.currency,
        p1_0.payment_date,
        p1_0.payment_method,
        p1_0.payment_status,
        p1_0.razorpay_order_id,
        p1_0.razorpay_payment_id,
        p1_0.razorpay_signature,
        p1_0.refund_amount,
        p1_0.refund_id,
        p1_0.refunded_at,
        p1_0.updated_at,
        p1_0.user_id 
    from
        payments p1_0 
    where
        p1_0.user_id=? 
    order by
        p1_0.payment_date desc
2026-04-16 12:28:44 [http-nio-8080-exec-8] DEBUG org.hibernate.SQL - 
    select
        r1_0.id,
        r1_0.booking_id,
        r1_0.created_at,
        r1_0.guide_id,
        r1_0.helpful_count,
        r1_0.is_public,
        r1_0.rating,
        r1_0.review_text,
        r1_0.updated_at,
        r1_0.user_id 
    from
        reviews r1_0 
    where
        r1_0.booking_id=?
2026-04-16 12:28:44 [http-nio-8080-exec-6] DEBUG org.hibernate.SQL - 
    select
        r1_0.user_id,
        r1_1.id,
        r1_1.created_at,
        r1_1.description,
        r1_1.name,
        r1_1.updated_at 
    from
        user_roles r1_0 
    join
        roles r1_1 
            on r1_1.id=r1_0.role_id 
    where
        r1_0.user_id=?
2026-04-16 12:28:44 [http-nio-8080-exec-8] DEBUG org.hibernate.SQL - 
    select
        p1_0.id,
        p1_0.amount,
        p1_0.booking_id,
        p1_0.created_at,
        p1_0.currency,
        p1_0.payment_date,
        p1_0.payment_method,
        p1_0.payment_status,
        p1_0.razorpay_order_id,
        p1_0.razorpay_payment_id,
        p1_0.razorpay_signature,
        p1_0.refund_amount,
        p1_0.refund_id,
        p1_0.refunded_at,
        p1_0.updated_at,
        p1_0.user_id 
    from
        payments p1_0 
    where
        p1_0.booking_id=?
2026-04-16 12:28:44 [http-nio-8080-exec-6] DEBUG org.hibernate.SQL - 
    select
        b1_0.id,
        b1_0.cancellation_reason,
        b1_0.created_at,
        b1_0.end_date,
        b1_0.end_time,
        b1_0.guide_id,
        b1_0.guide_curated_quotation,
        b1_0.guide_earnings,
        b1_0.guide_package_id,
        b1_0.platform_fee,
        b1_0.proposal_id,
        b1_0.quotation_status,
        b1_0.razorpay_order_id,
        b1_0.special_requirements,
        b1_0.start_date,
        b1_0.start_time,
        b1_0.status,
        b1_0.total_amount,
        b1_0.traveler_preferences,
        b1_0.traveler_request_id,
        b1_0.updated_at,
        b1_0.user_id 
    from
        bookings b1_0 
    join
        guides g1_0 
            on g1_0.id=b1_0.guide_id 
    where
        b1_0.user_id=? 
        and g1_0.user_id=? 
    order by
        b1_0.created_at desc 
    limit
        ?, ?
2026-04-16 12:28:44 [http-nio-8080-exec-8] DEBUG org.hibernate.SQL - 
    select
        r1_0.id,
        r1_0.booking_id,
        r1_0.created_at,
        r1_0.guide_id,
        r1_0.helpful_count,
        r1_0.is_public,
        r1_0.rating,
        r1_0.review_text,
        r1_0.updated_at,
        r1_0.user_id 
    from
        reviews r1_0 
    where
        r1_0.booking_id=?
2026-04-16 12:28:44 [http-nio-8080-exec-8] DEBUG org.hibernate.SQL - 
    select
        p1_0.id,
        p1_0.amount,
        p1_0.booking_id,
        p1_0.created_at,
        p1_0.currency,
        p1_0.payment_date,
        p1_0.payment_method,
        p1_0.payment_status,
        p1_0.razorpay_order_id,
        p1_0.razorpay_payment_id,
        p1_0.razorpay_signature,
        p1_0.refund_amount,
        p1_0.refund_id,
        p1_0.refunded_at,
        p1_0.updated_at,
        p1_0.user_id 
    from
        payments p1_0 
    where
        p1_0.booking_id=?
2026-04-16 12:28:44 [http-nio-8080-exec-6] DEBUG org.hibernate.SQL - 
    select
        g1_0.id,
        g1_0.aadhar_number,
        g1_0.aadhar_verified,
        g1_0.admin_notes,
        g1_0.approved_at,
        g1_0.approved_by,
        g1_0.average_rating,
        g1_0.bio,
        g1_0.city,
        g1_0.created_at,
        g1_0.daily_rate,
        g1_0.experience_years,
        g1_0.expertise_areas,
        g1_0.hourly_rate,
        g1_0.intro_video_url,
        g1_0.is_approved,
        g1_0.is_available,
        g1_0.is_verified,
        g1_0.languages,
        g1_0.profile_image_url,
        g1_0.rejection_reason,
        g1_0.state,
        g1_0.total_bookings,
        g1_0.total_reviews,
        g1_0.updated_at,
        g1_0.user_id,
        u1_0.id,
        u1_0.created_at,
        u1_0.email,
        u1_0.email_verified,
        u1_0.first_name,
        u1_0.is_active,
        u1_0.last_login,
        u1_0.last_name,
        u1_0.password_hash,
        u1_0.phone,
        u1_0.phone_verified,
        u1_0.profile_image_url,
        r1_0.user_id,
        r1_1.id,
        r1_1.created_at,
        r1_1.description,
        r1_1.name,
        r1_1.updated_at,
        u1_0.updated_at,
        g1_0.verification_documents 
    from
        guides g1_0 
    join
        users u1_0 
            on u1_0.id=g1_0.user_id 
    left join
        user_roles r1_0 
            on u1_0.id=r1_0.user_id 
    left join
        roles r1_1 
            on r1_1.id=r1_0.role_id 
    where
        g1_0.id=?
2026-04-16 12:28:44 [http-nio-8080-exec-8] DEBUG org.hibernate.SQL - 
    select
        r1_0.id,
        r1_0.booking_id,
        r1_0.created_at,
        r1_0.guide_id,
        r1_0.helpful_count,
        r1_0.is_public,
        r1_0.rating,
        r1_0.review_text,
        r1_0.updated_at,
        r1_0.user_id 
    from
        reviews r1_0 
    where
        r1_0.booking_id=?
2026-04-16 12:28:44 [http-nio-8080-exec-6] DEBUG org.hibernate.SQL - 
    select
        p1_0.id,
        p1_0.amount,
        p1_0.booking_id,
        p1_0.created_at,
        p1_0.currency,
        p1_0.payment_date,
        p1_0.payment_method,
        p1_0.payment_status,
        p1_0.razorpay_order_id,
        p1_0.razorpay_payment_id,
        p1_0.razorpay_signature,
        p1_0.refund_amount,
        p1_0.refund_id,
        p1_0.refunded_at,
        p1_0.updated_at,
        p1_0.user_id 
    from
        payments p1_0 
    where
        p1_0.booking_id=?
2026-04-16 12:28:44 [http-nio-8080-exec-8] DEBUG org.hibernate.SQL - 
    select
        p1_0.id,
        p1_0.amount,
        p1_0.booking_id,
        p1_0.created_at,
        p1_0.currency,
        p1_0.payment_date,
        p1_0.payment_method,
        p1_0.payment_status,
        p1_0.razorpay_order_id,
        p1_0.razorpay_payment_id,
        p1_0.razorpay_signature,
        p1_0.refund_amount,
        p1_0.refund_id,
        p1_0.refunded_at,
        p1_0.updated_at,
        p1_0.user_id 
    from
        payments p1_0 
    where
        p1_0.booking_id=?
2026-04-16 12:28:44 [http-nio-8080-exec-6] DEBUG org.hibernate.SQL - 
    select
        r1_0.id,
        r1_0.booking_id,
        r1_0.created_at,
        r1_0.guide_id,
        r1_0.helpful_count,
        r1_0.is_public,
        r1_0.rating,
        r1_0.review_text,
        r1_0.updated_at,
        r1_0.user_id 
    from
        reviews r1_0 
    where
        r1_0.booking_id=?
2026-04-16 12:28:44 [http-nio-8080-exec-8] DEBUG org.hibernate.SQL - 
    select
        r1_0.id,
        r1_0.booking_id,
        r1_0.created_at,
        r1_0.guide_id,
        r1_0.helpful_count,
        r1_0.is_public,
        r1_0.rating,
        r1_0.review_text,
        r1_0.updated_at,
        r1_0.user_id 
    from
        reviews r1_0 
    where
        r1_0.booking_id=?
2026-04-16 12:28:44 [http-nio-8080-exec-6] DEBUG org.hibernate.SQL - 
    select
        u1_0.id,
        u1_0.created_at,
        u1_0.email,
        u1_0.email_verified,
        u1_0.first_name,
        g1_0.id,
        g1_0.aadhar_number,
        g1_0.aadhar_verified,
        g1_0.admin_notes,
        g1_0.approved_at,
        g1_0.approved_by,
        g1_0.average_rating,
        g1_0.bio,
        g1_0.city,
        g1_0.created_at,
        g1_0.daily_rate,
        g1_0.experience_years,
        g1_0.expertise_areas,
        g1_0.hourly_rate,
        g1_0.intro_video_url,
        g1_0.is_approved,
        g1_0.is_available,
        g1_0.is_verified,
        g1_0.languages,
        g1_0.profile_image_url,
        g1_0.rejection_reason,
        g1_0.state,
        g1_0.total_bookings,
        g1_0.total_reviews,
        g1_0.updated_at,
        g1_0.user_id,
        g1_0.verification_documents,
        u1_0.is_active,
        u1_0.last_login,
        u1_0.last_name,
        u1_0.password_hash,
        u1_0.phone,
        u1_0.phone_verified,
        u1_0.profile_image_url,
        r1_0.user_id,
        r1_1.id,
        r1_1.created_at,
        r1_1.description,
        r1_1.name,
        r1_1.updated_at,
        u1_0.updated_at 
    from
        users u1_0 
    left join
        guides g1_0 
            on u1_0.id=g1_0.user_id 
    left join
        user_roles r1_0 
            on u1_0.id=r1_0.user_id 
    left join
        roles r1_1 
            on r1_1.id=r1_0.role_id 
    where
        u1_0.id=?
2026-04-16 12:28:44 [http-nio-8080-exec-8] DEBUG org.hibernate.SQL - 
    select
        p1_0.id,
        p1_0.amount,
        p1_0.booking_id,
        p1_0.created_at,
        p1_0.currency,
        p1_0.payment_date,
        p1_0.payment_method,
        p1_0.payment_status,
        p1_0.razorpay_order_id,
        p1_0.razorpay_payment_id,
        p1_0.razorpay_signature,
        p1_0.refund_amount,
        p1_0.refund_id,
        p1_0.refunded_at,
        p1_0.updated_at,
        p1_0.user_id 
    from
        payments p1_0 
    where
        p1_0.booking_id=?
2026-04-16 12:28:44 [http-nio-8080-exec-8] DEBUG org.hibernate.SQL - 
    select
        r1_0.id,
        r1_0.booking_id,
        r1_0.created_at,
        r1_0.guide_id,
        r1_0.helpful_count,
        r1_0.is_public,
        r1_0.rating,
        r1_0.review_text,
        r1_0.updated_at,
        r1_0.user_id 
    from
        reviews r1_0 
    where
        r1_0.booking_id=?
2026-04-16 12:28:44 [http-nio-8080-exec-6] DEBUG org.hibernate.SQL - 
    select
        cm1_0.id,
        cm1_0.booking_id,
        cm1_0.message,
        cm1_0.proposal_id,
        cm1_0.read_status,
        cm1_0.receiver_id,
        cm1_0.sender_id,
        cm1_0.timestamp,
        cm1_0.type 
    from
        chat_messages cm1_0 
    where
        (
            cm1_0.sender_id=? 
            and cm1_0.receiver_id=?
        ) 
        or (
            cm1_0.sender_id=? 
            and cm1_0.receiver_id=?
        ) 
    order by
        cm1_0.timestamp desc 
    limit
        ?, ?
2026-04-16 12:28:44 [http-nio-8080-exec-8] DEBUG org.hibernate.SQL - 
    select
        count(b1_0.id) 
    from
        bookings b1_0 
    where
        b1_0.user_id=?
2026-04-16 12:28:44 [http-nio-8080-exec-6] DEBUG org.hibernate.SQL - 
    select
        b1_0.id,
        b1_0.cancellation_reason,
        b1_0.created_at,
        b1_0.end_date,
        b1_0.end_time,
        b1_0.guide_id,
        g1_0.id,
        g1_0.aadhar_number,
        g1_0.aadhar_verified,
        g1_0.admin_notes,
        g1_0.approved_at,
        g1_0.approved_by,
        g1_0.average_rating,
        g1_0.bio,
        g1_0.city,
        g1_0.created_at,
        g1_0.daily_rate,
        g1_0.experience_years,
        g1_0.expertise_areas,
        g1_0.hourly_rate,
        g1_0.intro_video_url,
        g1_0.is_approved,
        g1_0.is_available,
        g1_0.is_verified,
        g1_0.languages,
        g1_0.profile_image_url,
        g1_0.rejection_reason,
        g1_0.state,
        g1_0.total_bookings,
        g1_0.total_reviews,
        g1_0.updated_at,
        g1_0.user_id,
        u1_0.id,
        u1_0.created_at,
        u1_0.email,
        u1_0.email_verified,
        u1_0.first_name,
        u1_0.is_active,
        u1_0.last_login,
        u1_0.last_name,
        u1_0.password_hash,
        u1_0.phone,
        u1_0.phone_verified,
        u1_0.profile_image_url,
        u1_0.updated_at,
        g1_0.verification_documents,
        b1_0.guide_curated_quotation,
        b1_0.guide_earnings,
        b1_0.guide_package_id,
        p1_0.id,
        p1_0.amount,
        p1_0.booking_id,
        p1_0.created_at,
        p1_0.currency,
        p1_0.payment_date,
        p1_0.payment_method,
        p1_0.payment_status,
        p1_0.razorpay_order_id,
        p1_0.razorpay_payment_id,
        p1_0.razorpay_signature,
        p1_0.refund_amount,
        p1_0.refund_id,
        p1_0.refunded_at,
        p1_0.updated_at,
        p1_0.user_id,
        b1_0.platform_fee,
        b1_0.proposal_id,
        b1_0.quotation_status,
        b1_0.razorpay_order_id,
        r1_0.id,
        r1_0.booking_id,
        r1_0.created_at,
        r1_0.guide_id,
        r1_0.helpful_count,
        r1_0.is_public,
        r1_0.rating,
        r1_0.review_text,
        r1_0.updated_at,
        r1_0.user_id,
        b1_0.special_requirements,
        b1_0.start_date,
        b1_0.start_time,
        b1_0.status,
        b1_0.total_amount,
        b1_0.traveler_preferences,
        b1_0.traveler_request_id,
        b1_0.updated_at,
        b1_0.user_id,
        u4_0.id,
        u4_0.created_at,
        u4_0.email,
        u4_0.email_verified,
        u4_0.first_name,
        g3_0.id,
        g3_0.aadhar_number,
        g3_0.aadhar_verified,
        g3_0.admin_notes,
        g3_0.approved_at,
        g3_0.approved_by,
        g3_0.average_rating,
        g3_0.bio,
        g3_0.city,
        g3_0.created_at,
        g3_0.daily_rate,
        g3_0.experience_years,
        g3_0.expertise_areas,
        g3_0.hourly_rate,
        g3_0.intro_video_url,
        g3_0.is_approved,
        g3_0.is_available,
        g3_0.is_verified,
        g3_0.languages,
        g3_0.profile_image_url,
        g3_0.rejection_reason,
        g3_0.state,
        g3_0.total_bookings,
        g3_0.total_reviews,
        g3_0.updated_at,
        g3_0.user_id,
        g3_0.verification_documents,
        u4_0.is_active,
        u4_0.last_login,
        u4_0.last_name,
        u4_0.password_hash,
        u4_0.phone,
        u4_0.phone_verified,
        u4_0.profile_image_url,
        r2_0.user_id,
        r2_1.id,
        r2_1.created_at,
        r2_1.description,
        r2_1.name,
        r2_1.updated_at,
        u4_0.updated_at 
    from
        bookings b1_0 
    join
        guides g1_0 
            on g1_0.id=b1_0.guide_id 
    left join
        users u1_0 
            on u1_0.id=g1_0.user_id 
    left join
        payments p1_0 
            on b1_0.id=p1_0.booking_id 
    left join
        reviews r1_0 
            on b1_0.id=r1_0.booking_id 
    join
        users u4_0 
            on u4_0.id=b1_0.user_id 
    left join
        guides g3_0 
            on u4_0.id=g3_0.user_id 
    left join
        user_roles r2_0 
            on u4_0.id=r2_0.user_id 
    left join
        roles r2_1 
            on r2_1.id=r2_0.role_id 
    where
        b1_0.id=?
2026-04-16 12:28:44 [http-nio-8080-exec-2] DEBUG o.s.security.web.FilterChainProxy - Securing GET /bookings/user
2026-04-16 12:28:44 [http-nio-8080-exec-6] DEBUG org.hibernate.SQL - 
    select
        r1_0.user_id,
        r1_1.id,
        r1_1.created_at,
        r1_1.description,
        r1_1.name,
        r1_1.updated_at 
    from
        user_roles r1_0 
    join
        roles r1_1 
            on r1_1.id=r1_0.role_id 
    where
        r1_0.user_id=?
2026-04-16 12:28:44 [http-nio-8080-exec-2] DEBUG org.hibernate.SQL - 
    select
        u1_0.id,
        u1_0.created_at,
        u1_0.email,
        u1_0.email_verified,
        u1_0.first_name,
        u1_0.is_active,
        u1_0.last_login,
        u1_0.last_name,
        u1_0.password_hash,
        u1_0.phone,
        u1_0.phone_verified,
        u1_0.profile_image_url,
        u1_0.updated_at 
    from
        users u1_0 
    where
        u1_0.email=? 
        and u1_0.is_active=1
2026-04-16 12:28:44 [http-nio-8080-exec-2] DEBUG org.hibernate.SQL - 
    select
        g1_0.id,
        g1_0.aadhar_number,
        g1_0.aadhar_verified,
        g1_0.admin_notes,
        g1_0.approved_at,
        g1_0.approved_by,
        g1_0.average_rating,
        g1_0.bio,
        g1_0.city,
        g1_0.created_at,
        g1_0.daily_rate,
        g1_0.experience_years,
        g1_0.expertise_areas,
        g1_0.hourly_rate,
        g1_0.intro_video_url,
        g1_0.is_approved,
        g1_0.is_available,
        g1_0.is_verified,
        g1_0.languages,
        g1_0.profile_image_url,
        g1_0.rejection_reason,
        g1_0.state,
        g1_0.total_bookings,
        g1_0.total_reviews,
        g1_0.updated_at,
        g1_0.user_id,
        u1_0.id,
        u1_0.created_at,
        u1_0.email,
        u1_0.email_verified,
        u1_0.first_name,
        u1_0.is_active,
        u1_0.last_login,
        u1_0.last_name,
        u1_0.password_hash,
        u1_0.phone,
        u1_0.phone_verified,
        u1_0.profile_image_url,
        r1_0.user_id,
        r1_1.id,
        r1_1.created_at,
        r1_1.description,
        r1_1.name,
        r1_1.updated_at,
        u1_0.updated_at,
        g1_0.verification_documents 
    from
        guides g1_0 
    join
        users u1_0 
            on u1_0.id=g1_0.user_id 
    left join
        user_roles r1_0 
            on u1_0.id=r1_0.user_id 
    left join
        roles r1_1 
            on r1_1.id=r1_0.role_id 
    where
        g1_0.user_id=?
2026-04-16 12:28:44 [http-nio-8080-exec-5] DEBUG o.s.security.web.FilterChainProxy - Securing GET /chat/conversations
2026-04-16 12:28:44 [http-nio-8080-exec-2] DEBUG org.hibernate.SQL - 
    select
        r1_0.user_id,
        r1_1.id,
        r1_1.created_at,
        r1_1.description,
        r1_1.name,
        r1_1.updated_at 
    from
        user_roles r1_0 
    join
        roles r1_1 
            on r1_1.id=r1_0.role_id 
    where
        r1_0.user_id=?
2026-04-16 12:28:44 [http-nio-8080-exec-5] DEBUG org.hibernate.SQL - 
    select
        u1_0.id,
        u1_0.created_at,
        u1_0.email,
        u1_0.email_verified,
        u1_0.first_name,
        u1_0.is_active,
        u1_0.last_login,
        u1_0.last_name,
        u1_0.password_hash,
        u1_0.phone,
        u1_0.phone_verified,
        u1_0.profile_image_url,
        u1_0.updated_at 
    from
        users u1_0 
    where
        u1_0.email=? 
        and u1_0.is_active=1
2026-04-16 12:28:44 [http-nio-8080-exec-5] DEBUG org.hibernate.SQL - 
    select
        g1_0.id,
        g1_0.aadhar_number,
        g1_0.aadhar_verified,
        g1_0.admin_notes,
        g1_0.approved_at,
        g1_0.approved_by,
        g1_0.average_rating,
        g1_0.bio,
        g1_0.city,
        g1_0.created_at,
        g1_0.daily_rate,
        g1_0.experience_years,
        g1_0.expertise_areas,
        g1_0.hourly_rate,
        g1_0.intro_video_url,
        g1_0.is_approved,
        g1_0.is_available,
        g1_0.is_verified,
        g1_0.languages,
        g1_0.profile_image_url,
        g1_0.rejection_reason,
        g1_0.state,
        g1_0.total_bookings,
        g1_0.total_reviews,
        g1_0.updated_at,
        g1_0.user_id,
        u1_0.id,
        u1_0.created_at,
        u1_0.email,
        u1_0.email_verified,
        u1_0.first_name,
        u1_0.is_active,
        u1_0.last_login,
        u1_0.last_name,
        u1_0.password_hash,
        u1_0.phone,
        u1_0.phone_verified,
        u1_0.profile_image_url,
        r1_0.user_id,
        r1_1.id,
        r1_1.created_at,
        r1_1.description,
        r1_1.name,
        r1_1.updated_at,
        u1_0.updated_at,
        g1_0.verification_documents 
    from
        guides g1_0 
    join
        users u1_0 
            on u1_0.id=g1_0.user_id 
    left join
        user_roles r1_0 
            on u1_0.id=r1_0.user_id 
    left join
        roles r1_1 
            on r1_1.id=r1_0.role_id 
    where
        g1_0.user_id=?
2026-04-16 12:28:44 [http-nio-8080-exec-2] DEBUG o.s.security.web.FilterChainProxy - Secured GET /bookings/user
2026-04-16 12:28:44 [http-nio-8080-exec-2] DEBUG o.s.s.a.m.AuthorizationManagerBeforeMethodInterceptor - Authorizing method invocation ReflectiveMethodInvocation: public org.springframework.http.ResponseEntity com.trailbuddy.controller.BookingController.getUserBookings(int,int,java.lang.String,java.lang.String); target is of class [com.trailbuddy.controller.BookingController]
2026-04-16 12:28:44 [http-nio-8080-exec-2] DEBUG o.s.s.a.m.AuthorizationManagerBeforeMethodInterceptor - Authorized method invocation ReflectiveMethodInvocation: public org.springframework.http.ResponseEntity com.trailbuddy.controller.BookingController.getUserBookings(int,int,java.lang.String,java.lang.String); target is of class [com.trailbuddy.controller.BookingController]
2026-04-16 12:28:44 [http-nio-8080-exec-5] DEBUG org.hibernate.SQL - 
    select
        r1_0.user_id,
        r1_1.id,
        r1_1.created_at,
        r1_1.description,
        r1_1.name,
        r1_1.updated_at 
    from
        user_roles r1_0 
    join
        roles r1_1 
            on r1_1.id=r1_0.role_id 
    where
        r1_0.user_id=?
2026-04-16 12:28:44 [http-nio-8080-exec-2] DEBUG org.hibernate.SQL - 
    select
        b1_0.id,
        b1_0.cancellation_reason,
        b1_0.created_at,
        b1_0.end_date,
        b1_0.end_time,
        b1_0.guide_id,
        b1_0.guide_curated_quotation,
        b1_0.guide_earnings,
        b1_0.guide_package_id,
        b1_0.platform_fee,
        b1_0.proposal_id,
        b1_0.quotation_status,
        b1_0.razorpay_order_id,
        b1_0.special_requirements,
        b1_0.start_date,
        b1_0.start_time,
        b1_0.status,
        b1_0.total_amount,
        b1_0.traveler_preferences,
        b1_0.traveler_request_id,
        b1_0.updated_at,
        b1_0.user_id 
    from
        bookings b1_0 
    where
        b1_0.user_id=? 
    order by
        b1_0.created_at desc 
    limit
        ?, ?
2026-04-16 12:28:44 [http-nio-8080-exec-2] DEBUG org.hibernate.SQL - 
    select
        g1_0.id,
        g1_0.aadhar_number,
        g1_0.aadhar_verified,
        g1_0.admin_notes,
        g1_0.approved_at,
        g1_0.approved_by,
        g1_0.average_rating,
        g1_0.bio,
        g1_0.city,
        g1_0.created_at,
        g1_0.daily_rate,
        g1_0.experience_years,
        g1_0.expertise_areas,
        g1_0.hourly_rate,
        g1_0.intro_video_url,
        g1_0.is_approved,
        g1_0.is_available,
        g1_0.is_verified,
        g1_0.languages,
        g1_0.profile_image_url,
        g1_0.rejection_reason,
        g1_0.state,
        g1_0.total_bookings,
        g1_0.total_reviews,
        g1_0.updated_at,
        g1_0.user_id,
        u1_0.id,
        u1_0.created_at,
        u1_0.email,
        u1_0.email_verified,
        u1_0.first_name,
        u1_0.is_active,
        u1_0.last_login,
        u1_0.last_name,
        u1_0.password_hash,
        u1_0.phone,
        u1_0.phone_verified,
        u1_0.profile_image_url,
        r1_0.user_id,
        r1_1.id,
        r1_1.created_at,
        r1_1.description,
        r1_1.name,
        r1_1.updated_at,
        u1_0.updated_at,
        g1_0.verification_documents 
    from
        guides g1_0 
    join
        users u1_0 
            on u1_0.id=g1_0.user_id 
    left join
        user_roles r1_0 
            on u1_0.id=r1_0.user_id 
    left join
        roles r1_1 
            on r1_1.id=r1_0.role_id 
    where
        g1_0.id=?
2026-04-16 12:28:44 [http-nio-8080-exec-5] DEBUG o.s.security.web.FilterChainProxy - Secured GET /chat/conversations
2026-04-16 12:28:44 [http-nio-8080-exec-5] INFO  c.t.controller.ChatController - Getting conversations for user
2026-04-16 12:28:44 [http-nio-8080-exec-5] DEBUG org.hibernate.SQL - 
    select
        distinct r1_0.id,
        r1_0.created_at,
        r1_0.email,
        r1_0.email_verified,
        r1_0.first_name,
        r1_0.is_active,
        r1_0.last_login,
        r1_0.last_name,
        r1_0.password_hash,
        r1_0.phone,
        r1_0.phone_verified,
        r1_0.profile_image_url,
        r1_0.updated_at 
    from
        chat_messages cm1_0 
    join
        users r1_0 
            on r1_0.id=cm1_0.receiver_id 
    where
        cm1_0.sender_id=?
2026-04-16 12:28:44 [http-nio-8080-exec-2] DEBUG org.hibernate.SQL - 
    select
        p1_0.id,
        p1_0.amount,
        p1_0.booking_id,
        p1_0.created_at,
        p1_0.currency,
        p1_0.payment_date,
        p1_0.payment_method,
        p1_0.payment_status,
        p1_0.razorpay_order_id,
        p1_0.razorpay_payment_id,
        p1_0.razorpay_signature,
        p1_0.refund_amount,
        p1_0.refund_id,
        p1_0.refunded_at,
        p1_0.updated_at,
        p1_0.user_id 
    from
        payments p1_0 
    where
        p1_0.booking_id=?
2026-04-16 12:28:44 [http-nio-8080-exec-5] DEBUG org.hibernate.SQL - 
    select
        g1_0.id,
        g1_0.aadhar_number,
        g1_0.aadhar_verified,
        g1_0.admin_notes,
        g1_0.approved_at,
        g1_0.approved_by,
        g1_0.average_rating,
        g1_0.bio,
        g1_0.city,
        g1_0.created_at,
        g1_0.daily_rate,
        g1_0.experience_years,
        g1_0.expertise_areas,
        g1_0.hourly_rate,
        g1_0.intro_video_url,
        g1_0.is_approved,
        g1_0.is_available,
        g1_0.is_verified,
        g1_0.languages,
        g1_0.profile_image_url,
        g1_0.rejection_reason,
        g1_0.state,
        g1_0.total_bookings,
        g1_0.total_reviews,
        g1_0.updated_at,
        g1_0.user_id,
        u1_0.id,
        u1_0.created_at,
        u1_0.email,
        u1_0.email_verified,
        u1_0.first_name,
        u1_0.is_active,
        u1_0.last_login,
        u1_0.last_name,
        u1_0.password_hash,
        u1_0.phone,
        u1_0.phone_verified,
        u1_0.profile_image_url,
        r1_0.user_id,
        r1_1.id,
        r1_1.created_at,
        r1_1.description,
        r1_1.name,
        r1_1.updated_at,
        u1_0.updated_at,
        g1_0.verification_documents 
    from
        guides g1_0 
    join
        users u1_0 
            on u1_0.id=g1_0.user_id 
    left join
        user_roles r1_0 
            on u1_0.id=r1_0.user_id 
    left join
        roles r1_1 
            on r1_1.id=r1_0.role_id 
    where
        g1_0.user_id=?
2026-04-16 12:28:44 [http-nio-8080-exec-2] DEBUG org.hibernate.SQL - 
    select
        r1_0.id,
        r1_0.booking_id,
        r1_0.created_at,
        r1_0.guide_id,
        r1_0.helpful_count,
        r1_0.is_public,
        r1_0.rating,
        r1_0.review_text,
        r1_0.updated_at,
        r1_0.user_id 
    from
        reviews r1_0 
    where
        r1_0.booking_id=?
2026-04-16 12:28:44 [http-nio-8080-exec-2] DEBUG org.hibernate.SQL - 
    select
        u1_0.id,
        u1_0.created_at,
        u1_0.email,
        u1_0.email_verified,
        u1_0.first_name,
        g1_0.id,
        g1_0.aadhar_number,
        g1_0.aadhar_verified,
        g1_0.admin_notes,
        g1_0.approved_at,
        g1_0.approved_by,
        g1_0.average_rating,
        g1_0.bio,
        g1_0.city,
        g1_0.created_at,
        g1_0.daily_rate,
        g1_0.experience_years,
        g1_0.expertise_areas,
        g1_0.hourly_rate,
        g1_0.intro_video_url,
        g1_0.is_approved,
        g1_0.is_available,
        g1_0.is_verified,
        g1_0.languages,
        g1_0.profile_image_url,
        g1_0.rejection_reason,
        g1_0.state,
        g1_0.total_bookings,
        g1_0.total_reviews,
        g1_0.updated_at,
        g1_0.user_id,
        g1_0.verification_documents,
        u1_0.is_active,
        u1_0.last_login,
        u1_0.last_name,
        u1_0.password_hash,
        u1_0.phone,
        u1_0.phone_verified,
        u1_0.profile_image_url,
        r1_0.user_id,
        r1_1.id,
        r1_1.created_at,
        r1_1.description,
        r1_1.name,
        r1_1.updated_at,
        u1_0.updated_at 
    from
        users u1_0 
    left join
        guides g1_0 
            on u1_0.id=g1_0.user_id 
    left join
        user_roles r1_0 
            on u1_0.id=r1_0.user_id 
    left join
        roles r1_1 
            on r1_1.id=r1_0.role_id 
    where
        u1_0.id=?
2026-04-16 12:28:44 [http-nio-8080-exec-5] DEBUG org.hibernate.SQL - 
    select
        g1_0.id,
        g1_0.aadhar_number,
        g1_0.aadhar_verified,
        g1_0.admin_notes,
        g1_0.approved_at,
        g1_0.approved_by,
        g1_0.average_rating,
        g1_0.bio,
        g1_0.city,
        g1_0.created_at,
        g1_0.daily_rate,
        g1_0.experience_years,
        g1_0.expertise_areas,
        g1_0.hourly_rate,
        g1_0.intro_video_url,
        g1_0.is_approved,
        g1_0.is_available,
        g1_0.is_verified,
        g1_0.languages,
        g1_0.profile_image_url,
        g1_0.rejection_reason,
        g1_0.state,
        g1_0.total_bookings,
        g1_0.total_reviews,
        g1_0.updated_at,
        g1_0.user_id,
        u1_0.id,
        u1_0.created_at,
        u1_0.email,
        u1_0.email_verified,
        u1_0.first_name,
        u1_0.is_active,
        u1_0.last_login,
        u1_0.last_name,
        u1_0.password_hash,
        u1_0.phone,
        u1_0.phone_verified,
        u1_0.profile_image_url,
        r1_0.user_id,
        r1_1.id,
        r1_1.created_at,
        r1_1.description,
        r1_1.name,
        r1_1.updated_at,
        u1_0.updated_at,
        g1_0.verification_documents 
    from
        guides g1_0 
    join
        users u1_0 
            on u1_0.id=g1_0.user_id 
    left join
        user_roles r1_0 
            on u1_0.id=r1_0.user_id 
    left join
        roles r1_1 
            on r1_1.id=r1_0.role_id 
    where
        g1_0.user_id=?
2026-04-16 12:28:44 [http-nio-8080-exec-2] DEBUG org.hibernate.SQL - 
    select
        p1_0.id,
        p1_0.amount,
        p1_0.booking_id,
        p1_0.created_at,
        p1_0.currency,
        p1_0.payment_date,
        p1_0.payment_method,
        p1_0.payment_status,
        p1_0.razorpay_order_id,
        p1_0.razorpay_payment_id,
        p1_0.razorpay_signature,
        p1_0.refund_amount,
        p1_0.refund_id,
        p1_0.refunded_at,
        p1_0.updated_at,
        p1_0.user_id 
    from
        payments p1_0 
    where
        p1_0.booking_id=?
2026-04-16 12:28:44 [http-nio-8080-exec-5] DEBUG org.hibernate.SQL - 
    select
        distinct s1_0.id,
        s1_0.created_at,
        s1_0.email,
        s1_0.email_verified,
        s1_0.first_name,
        s1_0.is_active,
        s1_0.last_login,
        s1_0.last_name,
        s1_0.password_hash,
        s1_0.phone,
        s1_0.phone_verified,
        s1_0.profile_image_url,
        s1_0.updated_at 
    from
        chat_messages cm1_0 
    join
        users s1_0 
            on s1_0.id=cm1_0.sender_id 
    where
        cm1_0.receiver_id=?
2026-04-16 12:28:44 [http-nio-8080-exec-2] DEBUG org.hibernate.SQL - 
    select
        r1_0.id,
        r1_0.booking_id,
        r1_0.created_at,
        r1_0.guide_id,
        r1_0.helpful_count,
        r1_0.is_public,
        r1_0.rating,
        r1_0.review_text,
        r1_0.updated_at,
        r1_0.user_id 
    from
        reviews r1_0 
    where
        r1_0.booking_id=?
2026-04-16 12:28:44 [http-nio-8080-exec-2] DEBUG org.hibernate.SQL - 
    select
        g1_0.id,
        g1_0.aadhar_number,
        g1_0.aadhar_verified,
        g1_0.admin_notes,
        g1_0.approved_at,
        g1_0.approved_by,
        g1_0.average_rating,
        g1_0.bio,
        g1_0.city,
        g1_0.created_at,
        g1_0.daily_rate,
        g1_0.experience_years,
        g1_0.expertise_areas,
        g1_0.hourly_rate,
        g1_0.intro_video_url,
        g1_0.is_approved,
        g1_0.is_available,
        g1_0.is_verified,
        g1_0.languages,
        g1_0.profile_image_url,
        g1_0.rejection_reason,
        g1_0.state,
        g1_0.total_bookings,
        g1_0.total_reviews,
        g1_0.updated_at,
        g1_0.user_id,
        u1_0.id,
        u1_0.created_at,
        u1_0.email,
        u1_0.email_verified,
        u1_0.first_name,
        u1_0.is_active,
        u1_0.last_login,
        u1_0.last_name,
        u1_0.password_hash,
        u1_0.phone,
        u1_0.phone_verified,
        u1_0.profile_image_url,
        r1_0.user_id,
        r1_1.id,
        r1_1.created_at,
        r1_1.description,
        r1_1.name,
        r1_1.updated_at,
        u1_0.updated_at,
        g1_0.verification_documents 
    from
        guides g1_0 
    join
        users u1_0 
            on u1_0.id=g1_0.user_id 
    left join
        user_roles r1_0 
            on u1_0.id=r1_0.user_id 
    left join
        roles r1_1 
            on r1_1.id=r1_0.role_id 
    where
        g1_0.id=?
2026-04-16 12:28:44 [http-nio-8080-exec-5] DEBUG org.hibernate.SQL - 
    select
        g1_0.id,
        g1_0.aadhar_number,
        g1_0.aadhar_verified,
        g1_0.admin_notes,
        g1_0.approved_at,
        g1_0.approved_by,
        g1_0.average_rating,
        g1_0.bio,
        g1_0.city,
        g1_0.created_at,
        g1_0.daily_rate,
        g1_0.experience_years,
        g1_0.expertise_areas,
        g1_0.hourly_rate,
        g1_0.intro_video_url,
        g1_0.is_approved,
        g1_0.is_available,
        g1_0.is_verified,
        g1_0.languages,
        g1_0.profile_image_url,
        g1_0.rejection_reason,
        g1_0.state,
        g1_0.total_bookings,
        g1_0.total_reviews,
        g1_0.updated_at,
        g1_0.user_id,
        u1_0.id,
        u1_0.created_at,
        u1_0.email,
        u1_0.email_verified,
        u1_0.first_name,
        u1_0.is_active,
        u1_0.last_login,
        u1_0.last_name,
        u1_0.password_hash,
        u1_0.phone,
        u1_0.phone_verified,
        u1_0.profile_image_url,
        r1_0.user_id,
        r1_1.id,
        r1_1.created_at,
        r1_1.description,
        r1_1.name,
        r1_1.updated_at,
        u1_0.updated_at,
        g1_0.verification_documents 
    from
        guides g1_0 
    join
        users u1_0 
            on u1_0.id=g1_0.user_id 
    left join
        user_roles r1_0 
            on u1_0.id=r1_0.user_id 
    left join
        roles r1_1 
            on r1_1.id=r1_0.role_id 
    where
        g1_0.user_id=?
2026-04-16 12:28:44 [http-nio-8080-exec-2] DEBUG org.hibernate.SQL - 
    select
        p1_0.id,
        p1_0.amount,
        p1_0.booking_id,
        p1_0.created_at,
        p1_0.currency,
        p1_0.payment_date,
        p1_0.payment_method,
        p1_0.payment_status,
        p1_0.razorpay_order_id,
        p1_0.razorpay_payment_id,
        p1_0.razorpay_signature,
        p1_0.refund_amount,
        p1_0.refund_id,
        p1_0.refunded_at,
        p1_0.updated_at,
        p1_0.user_id 
    from
        payments p1_0 
    where
        p1_0.booking_id=?
2026-04-16 12:28:44 [http-nio-8080-exec-5] DEBUG org.hibernate.SQL - 
    select
        g1_0.id,
        g1_0.aadhar_number,
        g1_0.aadhar_verified,
        g1_0.admin_notes,
        g1_0.approved_at,
        g1_0.approved_by,
        g1_0.average_rating,
        g1_0.bio,
        g1_0.city,
        g1_0.created_at,
        g1_0.daily_rate,
        g1_0.experience_years,
        g1_0.expertise_areas,
        g1_0.hourly_rate,
        g1_0.intro_video_url,
        g1_0.is_approved,
        g1_0.is_available,
        g1_0.is_verified,
        g1_0.languages,
        g1_0.profile_image_url,
        g1_0.rejection_reason,
        g1_0.state,
        g1_0.total_bookings,
        g1_0.total_reviews,
        g1_0.updated_at,
        g1_0.user_id,
        u1_0.id,
        u1_0.created_at,
        u1_0.email,
        u1_0.email_verified,
        u1_0.first_name,
        u1_0.is_active,
        u1_0.last_login,
        u1_0.last_name,
        u1_0.password_hash,
        u1_0.phone,
        u1_0.phone_verified,
        u1_0.profile_image_url,
        r1_0.user_id,
        r1_1.id,
        r1_1.created_at,
        r1_1.description,
        r1_1.name,
        r1_1.updated_at,
        u1_0.updated_at,
        g1_0.verification_documents 
    from
        guides g1_0 
    join
        users u1_0 
            on u1_0.id=g1_0.user_id 
    left join
        user_roles r1_0 
            on u1_0.id=r1_0.user_id 
    left join
        roles r1_1 
            on r1_1.id=r1_0.role_id 
    where
        g1_0.user_id=?
2026-04-16 12:28:44 [http-nio-8080-exec-2] DEBUG org.hibernate.SQL - 
    select
        r1_0.id,
        r1_0.booking_id,
        r1_0.created_at,
        r1_0.guide_id,
        r1_0.helpful_count,
        r1_0.is_public,
        r1_0.rating,
        r1_0.review_text,
        r1_0.updated_at,
        r1_0.user_id 
    from
        reviews r1_0 
    where
        r1_0.booking_id=?
2026-04-16 12:28:44 [http-nio-8080-exec-5] DEBUG org.hibernate.SQL - 
    select
        b1_0.id,
        b1_0.cancellation_reason,
        b1_0.created_at,
        b1_0.end_date,
        b1_0.end_time,
        b1_0.guide_id,
        b1_0.guide_curated_quotation,
        b1_0.guide_earnings,
        b1_0.guide_package_id,
        b1_0.platform_fee,
        b1_0.proposal_id,
        b1_0.quotation_status,
        b1_0.razorpay_order_id,
        b1_0.special_requirements,
        b1_0.start_date,
        b1_0.start_time,
        b1_0.status,
        b1_0.total_amount,
        b1_0.traveler_preferences,
        b1_0.traveler_request_id,
        b1_0.updated_at,
        b1_0.user_id 
    from
        bookings b1_0 
    join
        guides g1_0 
            on g1_0.id=b1_0.guide_id 
    where
        b1_0.user_id=? 
        and g1_0.user_id=? 
    order by
        b1_0.created_at desc 
    limit
        ?, ?
2026-04-16 12:28:44 [http-nio-8080-exec-2] DEBUG org.hibernate.SQL - 
    select
        p1_0.id,
        p1_0.amount,
        p1_0.booking_id,
        p1_0.created_at,
        p1_0.currency,
        p1_0.payment_date,
        p1_0.payment_method,
        p1_0.payment_status,
        p1_0.razorpay_order_id,
        p1_0.razorpay_payment_id,
        p1_0.razorpay_signature,
        p1_0.refund_amount,
        p1_0.refund_id,
        p1_0.refunded_at,
        p1_0.updated_at,
        p1_0.user_id 
    from
        payments p1_0 
    where
        p1_0.booking_id=?
2026-04-16 12:28:44 [http-nio-8080-exec-2] DEBUG org.hibernate.SQL - 
    select
        r1_0.id,
        r1_0.booking_id,
        r1_0.created_at,
        r1_0.guide_id,
        r1_0.helpful_count,
        r1_0.is_public,
        r1_0.rating,
        r1_0.review_text,
        r1_0.updated_at,
        r1_0.user_id 
    from
        reviews r1_0 
    where
        r1_0.booking_id=?
2026-04-16 12:28:44 [http-nio-8080-exec-5] DEBUG org.hibernate.SQL - 
    select
        g1_0.id,
        g1_0.aadhar_number,
        g1_0.aadhar_verified,
        g1_0.admin_notes,
        g1_0.approved_at,
        g1_0.approved_by,
        g1_0.average_rating,
        g1_0.bio,
        g1_0.city,
        g1_0.created_at,
        g1_0.daily_rate,
        g1_0.experience_years,
        g1_0.expertise_areas,
        g1_0.hourly_rate,
        g1_0.intro_video_url,
        g1_0.is_approved,
        g1_0.is_available,
        g1_0.is_verified,
        g1_0.languages,
        g1_0.profile_image_url,
        g1_0.rejection_reason,
        g1_0.state,
        g1_0.total_bookings,
        g1_0.total_reviews,
        g1_0.updated_at,
        g1_0.user_id,
        u1_0.id,
        u1_0.created_at,
        u1_0.email,
        u1_0.email_verified,
        u1_0.first_name,
        u1_0.is_active,
        u1_0.last_login,
        u1_0.last_name,
        u1_0.password_hash,
        u1_0.phone,
        u1_0.phone_verified,
        u1_0.profile_image_url,
        r1_0.user_id,
        r1_1.id,
        r1_1.created_at,
        r1_1.description,
        r1_1.name,
        r1_1.updated_at,
        u1_0.updated_at,
        g1_0.verification_documents 
    from
        guides g1_0 
    join
        users u1_0 
            on u1_0.id=g1_0.user_id 
    left join
        user_roles r1_0 
            on u1_0.id=r1_0.user_id 
    left join
        roles r1_1 
            on r1_1.id=r1_0.role_id 
    where
        g1_0.id=?
2026-04-16 12:28:44 [http-nio-8080-exec-2] DEBUG org.hibernate.SQL - 
    select
        p1_0.id,
        p1_0.amount,
        p1_0.booking_id,
        p1_0.created_at,
        p1_0.currency,
        p1_0.payment_date,
        p1_0.payment_method,
        p1_0.payment_status,
        p1_0.razorpay_order_id,
        p1_0.razorpay_payment_id,
        p1_0.razorpay_signature,
        p1_0.refund_amount,
        p1_0.refund_id,
        p1_0.refunded_at,
        p1_0.updated_at,
        p1_0.user_id 
    from
        payments p1_0 
    where
        p1_0.booking_id=?
2026-04-16 12:28:44 [http-nio-8080-exec-5] DEBUG org.hibernate.SQL - 
    select
        p1_0.id,
        p1_0.amount,
        p1_0.booking_id,
        p1_0.created_at,
        p1_0.currency,
        p1_0.payment_date,
        p1_0.payment_method,
        p1_0.payment_status,
        p1_0.razorpay_order_id,
        p1_0.razorpay_payment_id,
        p1_0.razorpay_signature,
        p1_0.refund_amount,
        p1_0.refund_id,
        p1_0.refunded_at,
        p1_0.updated_at,
        p1_0.user_id 
    from
        payments p1_0 
    where
        p1_0.booking_id=?
2026-04-16 12:28:44 [http-nio-8080-exec-2] DEBUG org.hibernate.SQL - 
    select
        r1_0.id,
        r1_0.booking_id,
        r1_0.created_at,
        r1_0.guide_id,
        r1_0.helpful_count,
        r1_0.is_public,
        r1_0.rating,
        r1_0.review_text,
        r1_0.updated_at,
        r1_0.user_id 
    from
        reviews r1_0 
    where
        r1_0.booking_id=?
2026-04-16 12:28:44 [http-nio-8080-exec-5] DEBUG org.hibernate.SQL - 
    select
        r1_0.id,
        r1_0.booking_id,
        r1_0.created_at,
        r1_0.guide_id,
        r1_0.helpful_count,
        r1_0.is_public,
        r1_0.rating,
        r1_0.review_text,
        r1_0.updated_at,
        r1_0.user_id 
    from
        reviews r1_0 
    where
        r1_0.booking_id=?
2026-04-16 12:28:44 [http-nio-8080-exec-2] DEBUG org.hibernate.SQL - 
    select
        p1_0.id,
        p1_0.amount,
        p1_0.booking_id,
        p1_0.created_at,
        p1_0.currency,
        p1_0.payment_date,
        p1_0.payment_method,
        p1_0.payment_status,
        p1_0.razorpay_order_id,
        p1_0.razorpay_payment_id,
        p1_0.razorpay_signature,
        p1_0.refund_amount,
        p1_0.refund_id,
        p1_0.refunded_at,
        p1_0.updated_at,
        p1_0.user_id 
    from
        payments p1_0 
    where
        p1_0.booking_id=?
2026-04-16 12:28:44 [http-nio-8080-exec-5] DEBUG org.hibernate.SQL - 
    select
        u1_0.id,
        u1_0.created_at,
        u1_0.email,
        u1_0.email_verified,
        u1_0.first_name,
        g1_0.id,
        g1_0.aadhar_number,
        g1_0.aadhar_verified,
        g1_0.admin_notes,
        g1_0.approved_at,
        g1_0.approved_by,
        g1_0.average_rating,
        g1_0.bio,
        g1_0.city,
        g1_0.created_at,
        g1_0.daily_rate,
        g1_0.experience_years,
        g1_0.expertise_areas,
        g1_0.hourly_rate,
        g1_0.intro_video_url,
        g1_0.is_approved,
        g1_0.is_available,
        g1_0.is_verified,
        g1_0.languages,
        g1_0.profile_image_url,
        g1_0.rejection_reason,
        g1_0.state,
        g1_0.total_bookings,
        g1_0.total_reviews,
        g1_0.updated_at,
        g1_0.user_id,
        g1_0.verification_documents,
        u1_0.is_active,
        u1_0.last_login,
        u1_0.last_name,
        u1_0.password_hash,
        u1_0.phone,
        u1_0.phone_verified,
        u1_0.profile_image_url,
        r1_0.user_id,
        r1_1.id,
        r1_1.created_at,
        r1_1.description,
        r1_1.name,
        r1_1.updated_at,
        u1_0.updated_at 
    from
        users u1_0 
    left join
        guides g1_0 
            on u1_0.id=g1_0.user_id 
    left join
        user_roles r1_0 
            on u1_0.id=r1_0.user_id 
    left join
        roles r1_1 
            on r1_1.id=r1_0.role_id 
    where
        u1_0.id=?
2026-04-16 12:28:44 [http-nio-8080-exec-2] DEBUG org.hibernate.SQL - 
    select
        r1_0.id,
        r1_0.booking_id,
        r1_0.created_at,
        r1_0.guide_id,
        r1_0.helpful_count,
        r1_0.is_public,
        r1_0.rating,
        r1_0.review_text,
        r1_0.updated_at,
        r1_0.user_id 
    from
        reviews r1_0 
    where
        r1_0.booking_id=?
2026-04-16 12:28:44 [http-nio-8080-exec-2] DEBUG org.hibernate.SQL - 
    select
        p1_0.id,
        p1_0.amount,
        p1_0.booking_id,
        p1_0.created_at,
        p1_0.currency,
        p1_0.payment_date,
        p1_0.payment_method,
        p1_0.payment_status,
        p1_0.razorpay_order_id,
        p1_0.razorpay_payment_id,
        p1_0.razorpay_signature,
        p1_0.refund_amount,
        p1_0.refund_id,
        p1_0.refunded_at,
        p1_0.updated_at,
        p1_0.user_id 
    from
        payments p1_0 
    where
        p1_0.booking_id=?
2026-04-16 12:28:44 [http-nio-8080-exec-5] DEBUG org.hibernate.SQL - 
    select
        cm1_0.id,
        cm1_0.booking_id,
        cm1_0.message,
        cm1_0.proposal_id,
        cm1_0.read_status,
        cm1_0.receiver_id,
        cm1_0.sender_id,
        cm1_0.timestamp,
        cm1_0.type 
    from
        chat_messages cm1_0 
    where
        (
            cm1_0.sender_id=? 
            and cm1_0.receiver_id=?
        ) 
        or (
            cm1_0.sender_id=? 
            and cm1_0.receiver_id=?
        ) 
    order by
        cm1_0.timestamp desc 
    limit
        ?, ?
2026-04-16 12:28:44 [http-nio-8080-exec-2] DEBUG org.hibernate.SQL - 
    select
        r1_0.id,
        r1_0.booking_id,
        r1_0.created_at,
        r1_0.guide_id,
        r1_0.helpful_count,
        r1_0.is_public,
        r1_0.rating,
        r1_0.review_text,
        r1_0.updated_at,
        r1_0.user_id 
    from
        reviews r1_0 
    where
        r1_0.booking_id=?
2026-04-16 12:28:44 [http-nio-8080-exec-2] DEBUG org.hibernate.SQL - 
    select
        p1_0.id,
        p1_0.amount,
        p1_0.booking_id,
        p1_0.created_at,
        p1_0.currency,
        p1_0.payment_date,
        p1_0.payment_method,
        p1_0.payment_status,
        p1_0.razorpay_order_id,
        p1_0.razorpay_payment_id,
        p1_0.razorpay_signature,
        p1_0.refund_amount,
        p1_0.refund_id,
        p1_0.refunded_at,
        p1_0.updated_at,
        p1_0.user_id 
    from
        payments p1_0 
    where
        p1_0.booking_id=?
2026-04-16 12:28:44 [http-nio-8080-exec-5] DEBUG org.hibernate.SQL - 
    select
        b1_0.id,
        b1_0.cancellation_reason,
        b1_0.created_at,
        b1_0.end_date,
        b1_0.end_time,
        b1_0.guide_id,
        g1_0.id,
        g1_0.aadhar_number,
        g1_0.aadhar_verified,
        g1_0.admin_notes,
        g1_0.approved_at,
        g1_0.approved_by,
        g1_0.average_rating,
        g1_0.bio,
        g1_0.city,
        g1_0.created_at,
        g1_0.daily_rate,
        g1_0.experience_years,
        g1_0.expertise_areas,
        g1_0.hourly_rate,
        g1_0.intro_video_url,
        g1_0.is_approved,
        g1_0.is_available,
        g1_0.is_verified,
        g1_0.languages,
        g1_0.profile_image_url,
        g1_0.rejection_reason,
        g1_0.state,
        g1_0.total_bookings,
        g1_0.total_reviews,
        g1_0.updated_at,
        g1_0.user_id,
        u1_0.id,
        u1_0.created_at,
        u1_0.email,
        u1_0.email_verified,
        u1_0.first_name,
        u1_0.is_active,
        u1_0.last_login,
        u1_0.last_name,
        u1_0.password_hash,
        u1_0.phone,
        u1_0.phone_verified,
        u1_0.profile_image_url,
        u1_0.updated_at,
        g1_0.verification_documents,
        b1_0.guide_curated_quotation,
        b1_0.guide_earnings,
        b1_0.guide_package_id,
        p1_0.id,
        p1_0.amount,
        p1_0.booking_id,
        p1_0.created_at,
        p1_0.currency,
        p1_0.payment_date,
        p1_0.payment_method,
        p1_0.payment_status,
        p1_0.razorpay_order_id,
        p1_0.razorpay_payment_id,
        p1_0.razorpay_signature,
        p1_0.refund_amount,
        p1_0.refund_id,
        p1_0.refunded_at,
        p1_0.updated_at,
        p1_0.user_id,
        b1_0.platform_fee,
        b1_0.proposal_id,
        b1_0.quotation_status,
        b1_0.razorpay_order_id,
        r1_0.id,
        r1_0.booking_id,
        r1_0.created_at,
        r1_0.guide_id,
        r1_0.helpful_count,
        r1_0.is_public,
        r1_0.rating,
        r1_0.review_text,
        r1_0.updated_at,
        r1_0.user_id,
        b1_0.special_requirements,
        b1_0.start_date,
        b1_0.start_time,
        b1_0.status,
        b1_0.total_amount,
        b1_0.traveler_preferences,
        b1_0.traveler_request_id,
        b1_0.updated_at,
        b1_0.user_id,
        u4_0.id,
        u4_0.created_at,
        u4_0.email,
        u4_0.email_verified,
        u4_0.first_name,
        g3_0.id,
        g3_0.aadhar_number,
        g3_0.aadhar_verified,
        g3_0.admin_notes,
        g3_0.approved_at,
        g3_0.approved_by,
        g3_0.average_rating,
        g3_0.bio,
        g3_0.city,
        g3_0.created_at,
        g3_0.daily_rate,
        g3_0.experience_years,
        g3_0.expertise_areas,
        g3_0.hourly_rate,
        g3_0.intro_video_url,
        g3_0.is_approved,
        g3_0.is_available,
        g3_0.is_verified,
        g3_0.languages,
        g3_0.profile_image_url,
        g3_0.rejection_reason,
        g3_0.state,
        g3_0.total_bookings,
        g3_0.total_reviews,
        g3_0.updated_at,
        g3_0.user_id,
        g3_0.verification_documents,
        u4_0.is_active,
        u4_0.last_login,
        u4_0.last_name,
        u4_0.password_hash,
        u4_0.phone,
        u4_0.phone_verified,
        u4_0.profile_image_url,
        r2_0.user_id,
        r2_1.id,
        r2_1.created_at,
        r2_1.description,
        r2_1.name,
        r2_1.updated_at,
        u4_0.updated_at 
    from
        bookings b1_0 
    join
        guides g1_0 
            on g1_0.id=b1_0.guide_id 
    left join
        users u1_0 
            on u1_0.id=g1_0.user_id 
    left join
        payments p1_0 
            on b1_0.id=p1_0.booking_id 
    left join
        reviews r1_0 
            on b1_0.id=r1_0.booking_id 
    join
        users u4_0 
            on u4_0.id=b1_0.user_id 
    left join
        guides g3_0 
            on u4_0.id=g3_0.user_id 
    left join
        user_roles r2_0 
            on u4_0.id=r2_0.user_id 
    left join
        roles r2_1 
            on r2_1.id=r2_0.role_id 
    where
        b1_0.id=?
2026-04-16 12:28:44 [http-nio-8080-exec-2] DEBUG org.hibernate.SQL - 
    select
        r1_0.id,
        r1_0.booking_id,
        r1_0.created_at,
        r1_0.guide_id,
        r1_0.helpful_count,
        r1_0.is_public,
        r1_0.rating,
        r1_0.review_text,
        r1_0.updated_at,
        r1_0.user_id 
    from
        reviews r1_0 
    where
        r1_0.booking_id=?
2026-04-16 12:28:44 [http-nio-8080-exec-2] DEBUG org.hibernate.SQL - 
    select
        p1_0.id,
        p1_0.amount,
        p1_0.booking_id,
        p1_0.created_at,
        p1_0.currency,
        p1_0.payment_date,
        p1_0.payment_method,
        p1_0.payment_status,
        p1_0.razorpay_order_id,
        p1_0.razorpay_payment_id,
        p1_0.razorpay_signature,
        p1_0.refund_amount,
        p1_0.refund_id,
        p1_0.refunded_at,
        p1_0.updated_at,
        p1_0.user_id 
    from
        payments p1_0 
    where
        p1_0.booking_id=?
2026-04-16 12:28:44 [http-nio-8080-exec-5] DEBUG org.hibernate.SQL - 
    select
        r1_0.user_id,
        r1_1.id,
        r1_1.created_at,
        r1_1.description,
        r1_1.name,
        r1_1.updated_at 
    from
        user_roles r1_0 
    join
        roles r1_1 
            on r1_1.id=r1_0.role_id 
    where
        r1_0.user_id=?
2026-04-16 12:28:44 [http-nio-8080-exec-2] DEBUG org.hibernate.SQL - 
    select
        r1_0.id,
        r1_0.booking_id,
        r1_0.created_at,
        r1_0.guide_id,
        r1_0.helpful_count,
        r1_0.is_public,
        r1_0.rating,
        r1_0.review_text,
        r1_0.updated_at,
        r1_0.user_id 
    from
        reviews r1_0 
    where
        r1_0.booking_id=?
2026-04-16 12:28:44 [http-nio-8080-exec-5] DEBUG org.hibernate.SQL - 
    select
        b1_0.id,
        b1_0.cancellation_reason,
        b1_0.created_at,
        b1_0.end_date,
        b1_0.end_time,
        b1_0.guide_id,
        b1_0.guide_curated_quotation,
        b1_0.guide_earnings,
        b1_0.guide_package_id,
        b1_0.platform_fee,
        b1_0.proposal_id,
        b1_0.quotation_status,
        b1_0.razorpay_order_id,
        b1_0.special_requirements,
        b1_0.start_date,
        b1_0.start_time,
        b1_0.status,
        b1_0.total_amount,
        b1_0.traveler_preferences,
        b1_0.traveler_request_id,
        b1_0.updated_at,
        b1_0.user_id 
    from
        bookings b1_0 
    join
        guides g1_0 
            on g1_0.id=b1_0.guide_id 
    where
        b1_0.user_id=? 
        and g1_0.user_id=? 
    order by
        b1_0.created_at desc 
    limit
        ?, ?
2026-04-16 12:28:44 [http-nio-8080-exec-2] DEBUG org.hibernate.SQL - 
    select
        p1_0.id,
        p1_0.amount,
        p1_0.booking_id,
        p1_0.created_at,
        p1_0.currency,
        p1_0.payment_date,
        p1_0.payment_method,
        p1_0.payment_status,
        p1_0.razorpay_order_id,
        p1_0.razorpay_payment_id,
        p1_0.razorpay_signature,
        p1_0.refund_amount,
        p1_0.refund_id,
        p1_0.refunded_at,
        p1_0.updated_at,
        p1_0.user_id 
    from
        payments p1_0 
    where
        p1_0.booking_id=?
2026-04-16 12:28:44 [http-nio-8080-exec-2] DEBUG org.hibernate.SQL - 
    select
        r1_0.id,
        r1_0.booking_id,
        r1_0.created_at,
        r1_0.guide_id,
        r1_0.helpful_count,
        r1_0.is_public,
        r1_0.rating,
        r1_0.review_text,
        r1_0.updated_at,
        r1_0.user_id 
    from
        reviews r1_0 
    where
        r1_0.booking_id=?
2026-04-16 12:28:44 [http-nio-8080-exec-5] DEBUG org.hibernate.SQL - 
    select
        g1_0.id,
        g1_0.aadhar_number,
        g1_0.aadhar_verified,
        g1_0.admin_notes,
        g1_0.approved_at,
        g1_0.approved_by,
        g1_0.average_rating,
        g1_0.bio,
        g1_0.city,
        g1_0.created_at,
        g1_0.daily_rate,
        g1_0.experience_years,
        g1_0.expertise_areas,
        g1_0.hourly_rate,
        g1_0.intro_video_url,
        g1_0.is_approved,
        g1_0.is_available,
        g1_0.is_verified,
        g1_0.languages,
        g1_0.profile_image_url,
        g1_0.rejection_reason,
        g1_0.state,
        g1_0.total_bookings,
        g1_0.total_reviews,
        g1_0.updated_at,
        g1_0.user_id,
        u1_0.id,
        u1_0.created_at,
        u1_0.email,
        u1_0.email_verified,
        u1_0.first_name,
        u1_0.is_active,
        u1_0.last_login,
        u1_0.last_name,
        u1_0.password_hash,
        u1_0.phone,
        u1_0.phone_verified,
        u1_0.profile_image_url,
        r1_0.user_id,
        r1_1.id,
        r1_1.created_at,
        r1_1.description,
        r1_1.name,
        r1_1.updated_at,
        u1_0.updated_at,
        g1_0.verification_documents 
    from
        guides g1_0 
    join
        users u1_0 
            on u1_0.id=g1_0.user_id 
    left join
        user_roles r1_0 
            on u1_0.id=r1_0.user_id 
    left join
        roles r1_1 
            on r1_1.id=r1_0.role_id 
    where
        g1_0.id=?
2026-04-16 12:28:44 [http-nio-8080-exec-2] DEBUG org.hibernate.SQL - 
    select
        count(b1_0.id) 
    from
        bookings b1_0 
    where
        b1_0.user_id=?
2026-04-16 12:28:44 [http-nio-8080-exec-5] DEBUG org.hibernate.SQL - 
    select
        p1_0.id,
        p1_0.amount,
        p1_0.booking_id,
        p1_0.created_at,
        p1_0.currency,
        p1_0.payment_date,
        p1_0.payment_method,
        p1_0.payment_status,
        p1_0.razorpay_order_id,
        p1_0.razorpay_payment_id,
        p1_0.razorpay_signature,
        p1_0.refund_amount,
        p1_0.refund_id,
        p1_0.refunded_at,
        p1_0.updated_at,
        p1_0.user_id 
    from
        payments p1_0 
    where
        p1_0.booking_id=?
2026-04-16 12:28:44 [http-nio-8080-exec-5] DEBUG org.hibernate.SQL - 
    select
        r1_0.id,
        r1_0.booking_id,
        r1_0.created_at,
        r1_0.guide_id,
        r1_0.helpful_count,
        r1_0.is_public,
        r1_0.rating,
        r1_0.review_text,
        r1_0.updated_at,
        r1_0.user_id 
    from
        reviews r1_0 
    where
        r1_0.booking_id=?
2026-04-16 12:28:44 [http-nio-8080-exec-5] DEBUG org.hibernate.SQL - 
    select
        u1_0.id,
        u1_0.created_at,
        u1_0.email,
        u1_0.email_verified,
        u1_0.first_name,
        g1_0.id,
        g1_0.aadhar_number,
        g1_0.aadhar_verified,
        g1_0.admin_notes,
        g1_0.approved_at,
        g1_0.approved_by,
        g1_0.average_rating,
        g1_0.bio,
        g1_0.city,
        g1_0.created_at,
        g1_0.daily_rate,
        g1_0.experience_years,
        g1_0.expertise_areas,
        g1_0.hourly_rate,
        g1_0.intro_video_url,
        g1_0.is_approved,
        g1_0.is_available,
        g1_0.is_verified,
        g1_0.languages,
        g1_0.profile_image_url,
        g1_0.rejection_reason,
        g1_0.state,
        g1_0.total_bookings,
        g1_0.total_reviews,
        g1_0.updated_at,
        g1_0.user_id,
        g1_0.verification_documents,
        u1_0.is_active,
        u1_0.last_login,
        u1_0.last_name,
        u1_0.password_hash,
        u1_0.phone,
        u1_0.phone_verified,
        u1_0.profile_image_url,
        r1_0.user_id,
        r1_1.id,
        r1_1.created_at,
        r1_1.description,
        r1_1.name,
        r1_1.updated_at,
        u1_0.updated_at 
    from
        users u1_0 
    left join
        guides g1_0 
            on u1_0.id=g1_0.user_id 
    left join
        user_roles r1_0 
            on u1_0.id=r1_0.user_id 
    left join
        roles r1_1 
            on r1_1.id=r1_0.role_id 
    where
        u1_0.id=?
2026-04-16 12:28:44 [http-nio-8080-exec-5] DEBUG org.hibernate.SQL - 
    select
        cm1_0.id,
        cm1_0.booking_id,
        cm1_0.message,
        cm1_0.proposal_id,
        cm1_0.read_status,
        cm1_0.receiver_id,
        cm1_0.sender_id,
        cm1_0.timestamp,
        cm1_0.type 
    from
        chat_messages cm1_0 
    where
        (
            cm1_0.sender_id=? 
            and cm1_0.receiver_id=?
        ) 
        or (
            cm1_0.sender_id=? 
            and cm1_0.receiver_id=?
        ) 
    order by
        cm1_0.timestamp desc 
    limit
        ?, ?
2026-04-16 12:28:44 [http-nio-8080-exec-5] DEBUG org.hibernate.SQL - 
    select
        b1_0.id,
        b1_0.cancellation_reason,
        b1_0.created_at,
        b1_0.end_date,
        b1_0.end_time,
        b1_0.guide_id,
        g1_0.id,
        g1_0.aadhar_number,
        g1_0.aadhar_verified,
        g1_0.admin_notes,
        g1_0.approved_at,
        g1_0.approved_by,
        g1_0.average_rating,
        g1_0.bio,
        g1_0.city,
        g1_0.created_at,
        g1_0.daily_rate,
        g1_0.experience_years,
        g1_0.expertise_areas,
        g1_0.hourly_rate,
        g1_0.intro_video_url,
        g1_0.is_approved,
        g1_0.is_available,
        g1_0.is_verified,
        g1_0.languages,
        g1_0.profile_image_url,
        g1_0.rejection_reason,
        g1_0.state,
        g1_0.total_bookings,
        g1_0.total_reviews,
        g1_0.updated_at,
        g1_0.user_id,
        u1_0.id,
        u1_0.created_at,
        u1_0.email,
        u1_0.email_verified,
        u1_0.first_name,
        u1_0.is_active,
        u1_0.last_login,
        u1_0.last_name,
        u1_0.password_hash,
        u1_0.phone,
        u1_0.phone_verified,
        u1_0.profile_image_url,
        u1_0.updated_at,
        g1_0.verification_documents,
        b1_0.guide_curated_quotation,
        b1_0.guide_earnings,
        b1_0.guide_package_id,
        p1_0.id,
        p1_0.amount,
        p1_0.booking_id,
        p1_0.created_at,
        p1_0.currency,
        p1_0.payment_date,
        p1_0.payment_method,
        p1_0.payment_status,
        p1_0.razorpay_order_id,
        p1_0.razorpay_payment_id,
        p1_0.razorpay_signature,
        p1_0.refund_amount,
        p1_0.refund_id,
        p1_0.refunded_at,
        p1_0.updated_at,
        p1_0.user_id,
        b1_0.platform_fee,
        b1_0.proposal_id,
        b1_0.quotation_status,
        b1_0.razorpay_order_id,
        r1_0.id,
        r1_0.booking_id,
        r1_0.created_at,
        r1_0.guide_id,
        r1_0.helpful_count,
        r1_0.is_public,
        r1_0.rating,
        r1_0.review_text,
        r1_0.updated_at,
        r1_0.user_id,
        b1_0.special_requirements,
        b1_0.start_date,
        b1_0.start_time,
        b1_0.status,
        b1_0.total_amount,
        b1_0.traveler_preferences,
        b1_0.traveler_request_id,
        b1_0.updated_at,
        b1_0.user_id,
        u4_0.id,
        u4_0.created_at,
        u4_0.email,
        u4_0.email_verified,
        u4_0.first_name,
        g3_0.id,
        g3_0.aadhar_number,
        g3_0.aadhar_verified,
        g3_0.admin_notes,
        g3_0.approved_at,
        g3_0.approved_by,
        g3_0.average_rating,
        g3_0.bio,
        g3_0.city,
        g3_0.created_at,
        g3_0.daily_rate,
        g3_0.experience_years,
        g3_0.expertise_areas,
        g3_0.hourly_rate,
        g3_0.intro_video_url,
        g3_0.is_approved,
        g3_0.is_available,
        g3_0.is_verified,
        g3_0.languages,
        g3_0.profile_image_url,
        g3_0.rejection_reason,
        g3_0.state,
        g3_0.total_bookings,
        g3_0.total_reviews,
        g3_0.updated_at,
        g3_0.user_id,
        g3_0.verification_documents,
        u4_0.is_active,
        u4_0.last_login,
        u4_0.last_name,
        u4_0.password_hash,
        u4_0.phone,
        u4_0.phone_verified,
        u4_0.profile_image_url,
        r2_0.user_id,
        r2_1.id,
        r2_1.created_at,
        r2_1.description,
        r2_1.name,
        r2_1.updated_at,
        u4_0.updated_at 
    from
        bookings b1_0 
    join
        guides g1_0 
            on g1_0.id=b1_0.guide_id 
    left join
        users u1_0 
            on u1_0.id=g1_0.user_id 
    left join
        payments p1_0 
            on b1_0.id=p1_0.booking_id 
    left join
        reviews r1_0 
            on b1_0.id=r1_0.booking_id 
    join
        users u4_0 
            on u4_0.id=b1_0.user_id 
    left join
        guides g3_0 
            on u4_0.id=g3_0.user_id 
    left join
        user_roles r2_0 
            on u4_0.id=r2_0.user_id 
    left join
        roles r2_1 
            on r2_1.id=r2_0.role_id 
    where
        b1_0.id=?
2026-04-16 12:28:44 [http-nio-8080-exec-5] DEBUG org.hibernate.SQL - 
    select
        r1_0.user_id,
        r1_1.id,
        r1_1.created_at,
        r1_1.description,
        r1_1.name,
        r1_1.updated_at 
    from
        user_roles r1_0 
    join
        roles r1_1 
            on r1_1.id=r1_0.role_id 
    where
        r1_0.user_id=?
2026-04-16 12:29:07 [http-nio-8080-exec-1] DEBUG o.s.security.web.FilterChainProxy - Securing POST /auth/signin
2026-04-16 12:29:07 [http-nio-8080-exec-1] DEBUG o.s.s.w.a.AnonymousAuthenticationFilter - Set SecurityContextHolder to anonymous SecurityContext
2026-04-16 12:29:07 [http-nio-8080-exec-1] DEBUG o.s.security.web.FilterChainProxy - Secured POST /auth/signin
2026-04-16 12:29:07 [http-nio-8080-exec-1] DEBUG org.hibernate.SQL - 
    select
        u1_0.id,
        u1_0.created_at,
        u1_0.email,
        u1_0.email_verified,
        u1_0.first_name,
        u1_0.is_active,
        u1_0.last_login,
        u1_0.last_name,
        u1_0.password_hash,
        u1_0.phone,
        u1_0.phone_verified,
        u1_0.profile_image_url,
        u1_0.updated_at 
    from
        users u1_0 
    where
        u1_0.email=? 
        and u1_0.is_active=1
2026-04-16 12:29:07 [http-nio-8080-exec-1] DEBUG org.hibernate.SQL - 
    select
        g1_0.id,
        g1_0.aadhar_number,
        g1_0.aadhar_verified,
        g1_0.admin_notes,
        g1_0.approved_at,
        g1_0.approved_by,
        g1_0.average_rating,
        g1_0.bio,
        g1_0.city,
        g1_0.created_at,
        g1_0.daily_rate,
        g1_0.experience_years,
        g1_0.expertise_areas,
        g1_0.hourly_rate,
        g1_0.intro_video_url,
        g1_0.is_approved,
        g1_0.is_available,
        g1_0.is_verified,
        g1_0.languages,
        g1_0.profile_image_url,
        g1_0.rejection_reason,
        g1_0.state,
        g1_0.total_bookings,
        g1_0.total_reviews,
        g1_0.updated_at,
        g1_0.user_id,
        u1_0.id,
        u1_0.created_at,
        u1_0.email,
        u1_0.email_verified,
        u1_0.first_name,
        u1_0.is_active,
        u1_0.last_login,
        u1_0.last_name,
        u1_0.password_hash,
        u1_0.phone,
        u1_0.phone_verified,
        u1_0.profile_image_url,
        r1_0.user_id,
        r1_1.id,
        r1_1.created_at,
        r1_1.description,
        r1_1.name,
        r1_1.updated_at,
        u1_0.updated_at,
        g1_0.verification_documents 
    from
        guides g1_0 
    join
        users u1_0 
            on u1_0.id=g1_0.user_id 
    left join
        user_roles r1_0 
            on u1_0.id=r1_0.user_id 
    left join
        roles r1_1 
            on r1_1.id=r1_0.role_id 
    where
        g1_0.user_id=?
2026-04-16 12:29:07 [http-nio-8080-exec-1] DEBUG org.hibernate.SQL - 
    select
        r1_0.user_id,
        r1_1.id,
        r1_1.created_at,
        r1_1.description,
        r1_1.name,
        r1_1.updated_at 
    from
        user_roles r1_0 
    join
        roles r1_1 
            on r1_1.id=r1_0.role_id 
    where
        r1_0.user_id=?
2026-04-16 12:29:07 [http-nio-8080-exec-1] DEBUG o.s.s.a.d.DaoAuthenticationProvider - Authenticated user
2026-04-16 12:29:07 [http-nio-8080-exec-1] DEBUG org.hibernate.SQL - 
    select
        u1_0.id,
        b1_0.user_id,
        b1_0.id,
        b1_0.cancellation_reason,
        b1_0.created_at,
        b1_0.end_date,
        b1_0.end_time,
        b1_0.guide_id,
        g1_0.id,
        g1_0.aadhar_number,
        g1_0.aadhar_verified,
        g1_0.admin_notes,
        g1_0.approved_at,
        g1_0.approved_by,
        g1_0.average_rating,
        g1_0.bio,
        g1_0.city,
        g1_0.created_at,
        g1_0.daily_rate,
        g1_0.experience_years,
        g1_0.expertise_areas,
        g1_0.hourly_rate,
        g1_0.intro_video_url,
        g1_0.is_approved,
        g1_0.is_available,
        g1_0.is_verified,
        g1_0.languages,
        g1_0.profile_image_url,
        g1_0.rejection_reason,
        g1_0.state,
        g1_0.total_bookings,
        g1_0.total_reviews,
        g1_0.updated_at,
        g1_0.user_id,
        g1_0.verification_documents,
        b1_0.guide_curated_quotation,
        b1_0.guide_earnings,
        b1_0.guide_package_id,
        p1_0.id,
        p1_0.amount,
        p1_0.booking_id,
        p1_0.created_at,
        p1_0.currency,
        p1_0.payment_date,
        p1_0.payment_method,
        p1_0.payment_status,
        p1_0.razorpay_order_id,
        p1_0.razorpay_payment_id,
        p1_0.razorpay_signature,
        p1_0.refund_amount,
        p1_0.refund_id,
        p1_0.refunded_at,
        p1_0.updated_at,
        p1_0.user_id,
        b1_0.platform_fee,
        b1_0.proposal_id,
        b1_0.quotation_status,
        b1_0.razorpay_order_id,
        r1_0.id,
        r1_0.booking_id,
        r1_0.created_at,
        r1_0.guide_id,
        r1_0.helpful_count,
        r1_0.is_public,
        r1_0.rating,
        r1_0.review_text,
        r1_0.updated_at,
        r1_0.user_id,
        b1_0.special_requirements,
        b1_0.start_date,
        b1_0.start_time,
        b1_0.status,
        b1_0.total_amount,
        b1_0.traveler_preferences,
        b1_0.traveler_request_id,
        b1_0.updated_at,
        u1_0.created_at,
        u1_0.email,
        u1_0.email_verified,
        u1_0.first_name,
        g3_0.id,
        g3_0.aadhar_number,
        g3_0.aadhar_verified,
        g3_0.admin_notes,
        g3_0.approved_at,
        g3_0.approved_by,
        g3_0.average_rating,
        g3_0.bio,
        g3_0.city,
        g3_0.created_at,
        g3_0.daily_rate,
        g3_0.experience_years,
        g3_0.expertise_areas,
        g3_0.hourly_rate,
        g3_0.intro_video_url,
        g3_0.is_approved,
        g3_0.is_available,
        g3_0.is_verified,
        g3_0.languages,
        g3_0.profile_image_url,
        g3_0.rejection_reason,
        g3_0.state,
        g3_0.total_bookings,
        g3_0.total_reviews,
        g3_0.updated_at,
        g3_0.user_id,
        g3_0.verification_documents,
        u1_0.is_active,
        u1_0.last_login,
        u1_0.last_name,
        u1_0.password_hash,
        u1_0.phone,
        u1_0.phone_verified,
        u1_0.profile_image_url,
        r2_0.user_id,
        r2_1.id,
        r2_1.created_at,
        r2_1.description,
        r2_1.name,
        r2_1.updated_at,
        u1_0.updated_at 
    from
        users u1_0 
    left join
        bookings b1_0 
            on u1_0.id=b1_0.user_id 
    left join
        guides g1_0 
            on g1_0.id=b1_0.guide_id 
    left join
        payments p1_0 
            on b1_0.id=p1_0.booking_id 
    left join
        reviews r1_0 
            on b1_0.id=r1_0.booking_id 
    left join
        guides g3_0 
            on u1_0.id=g3_0.user_id 
    left join
        user_roles r2_0 
            on u1_0.id=r2_0.user_id 
    left join
        roles r2_1 
            on r2_1.id=r2_0.role_id 
    where
        u1_0.id=?
2026-04-16 12:29:07 [http-nio-8080-exec-1] DEBUG org.hibernate.SQL - 
    select
        u1_0.id,
        b1_0.user_id,
        b1_0.id,
        b1_0.cancellation_reason,
        b1_0.created_at,
        b1_0.end_date,
        b1_0.end_time,
        b1_0.guide_id,
        g1_0.id,
        g1_0.aadhar_number,
        g1_0.aadhar_verified,
        g1_0.admin_notes,
        g1_0.approved_at,
        g1_0.approved_by,
        g1_0.average_rating,
        g1_0.bio,
        g1_0.city,
        g1_0.created_at,
        g1_0.daily_rate,
        g1_0.experience_years,
        g1_0.expertise_areas,
        g1_0.hourly_rate,
        g1_0.intro_video_url,
        g1_0.is_approved,
        g1_0.is_available,
        g1_0.is_verified,
        g1_0.languages,
        g1_0.profile_image_url,
        g1_0.rejection_reason,
        g1_0.state,
        g1_0.total_bookings,
        g1_0.total_reviews,
        g1_0.updated_at,
        g1_0.user_id,
        g1_0.verification_documents,
        b1_0.guide_curated_quotation,
        b1_0.guide_earnings,
        b1_0.guide_package_id,
        p1_0.id,
        p1_0.amount,
        p1_0.booking_id,
        p1_0.created_at,
        p1_0.currency,
        p1_0.payment_date,
        p1_0.payment_method,
        p1_0.payment_status,
        p1_0.razorpay_order_id,
        p1_0.razorpay_payment_id,
        p1_0.razorpay_signature,
        p1_0.refund_amount,
        p1_0.refund_id,
        p1_0.refunded_at,
        p1_0.updated_at,
        p1_0.user_id,
        b1_0.platform_fee,
        b1_0.proposal_id,
        b1_0.quotation_status,
        b1_0.razorpay_order_id,
        r1_0.id,
        r1_0.booking_id,
        r1_0.created_at,
        r1_0.guide_id,
        r1_0.helpful_count,
        r1_0.is_public,
        r1_0.rating,
        r1_0.review_text,
        r1_0.updated_at,
        r1_0.user_id,
        b1_0.special_requirements,
        b1_0.start_date,
        b1_0.start_time,
        b1_0.status,
        b1_0.total_amount,
        b1_0.traveler_preferences,
        b1_0.traveler_request_id,
        b1_0.updated_at,
        u1_0.created_at,
        u1_0.email,
        u1_0.email_verified,
        u1_0.first_name,
        g3_0.id,
        g3_0.aadhar_number,
        g3_0.aadhar_verified,
        g3_0.admin_notes,
        g3_0.approved_at,
        g3_0.approved_by,
        g3_0.average_rating,
        g3_0.bio,
        g3_0.city,
        g3_0.created_at,
        g3_0.daily_rate,
        g3_0.experience_years,
        g3_0.expertise_areas,
        g3_0.hourly_rate,
        g3_0.intro_video_url,
        g3_0.is_approved,
        g3_0.is_available,
        g3_0.is_verified,
        g3_0.languages,
        g3_0.profile_image_url,
        g3_0.rejection_reason,
        g3_0.state,
        g3_0.total_bookings,
        g3_0.total_reviews,
        g3_0.updated_at,
        g3_0.user_id,
        g3_0.verification_documents,
        u1_0.is_active,
        u1_0.last_login,
        u1_0.last_name,
        u1_0.password_hash,
        u1_0.phone,
        u1_0.phone_verified,
        u1_0.profile_image_url,
        r2_0.user_id,
        r2_1.id,
        r2_1.created_at,
        r2_1.description,
        r2_1.name,
        r2_1.updated_at,
        u1_0.updated_at 
    from
        users u1_0 
    left join
        bookings b1_0 
            on u1_0.id=b1_0.user_id 
    left join
        guides g1_0 
            on g1_0.id=b1_0.guide_id 
    left join
        payments p1_0 
            on b1_0.id=p1_0.booking_id 
    left join
        reviews r1_0 
            on b1_0.id=r1_0.booking_id 
    left join
        guides g3_0 
            on u1_0.id=g3_0.user_id 
    left join
        user_roles r2_0 
            on u1_0.id=r2_0.user_id 
    left join
        roles r2_1 
            on r2_1.id=r2_0.role_id 
    where
        u1_0.id=?
2026-04-16 12:29:07 [http-nio-8080-exec-1] DEBUG org.hibernate.SQL - 
    select
        u1_0.id,
        b1_0.user_id,
        b1_0.id,
        b1_0.cancellation_reason,
        b1_0.created_at,
        b1_0.end_date,
        b1_0.end_time,
        b1_0.guide_id,
        g1_0.id,
        g1_0.aadhar_number,
        g1_0.aadhar_verified,
        g1_0.admin_notes,
        g1_0.approved_at,
        g1_0.approved_by,
        g1_0.average_rating,
        g1_0.bio,
        g1_0.city,
        g1_0.created_at,
        g1_0.daily_rate,
        g1_0.experience_years,
        g1_0.expertise_areas,
        g1_0.hourly_rate,
        g1_0.intro_video_url,
        g1_0.is_approved,
        g1_0.is_available,
        g1_0.is_verified,
        g1_0.languages,
        g1_0.profile_image_url,
        g1_0.rejection_reason,
        g1_0.state,
        g1_0.total_bookings,
        g1_0.total_reviews,
        g1_0.updated_at,
        g1_0.user_id,
        g1_0.verification_documents,
        b1_0.guide_curated_quotation,
        b1_0.guide_earnings,
        b1_0.guide_package_id,
        p1_0.id,
        p1_0.amount,
        p1_0.booking_id,
        p1_0.created_at,
        p1_0.currency,
        p1_0.payment_date,
        p1_0.payment_method,
        p1_0.payment_status,
        p1_0.razorpay_order_id,
        p1_0.razorpay_payment_id,
        p1_0.razorpay_signature,
        p1_0.refund_amount,
        p1_0.refund_id,
        p1_0.refunded_at,
        p1_0.updated_at,
        p1_0.user_id,
        b1_0.platform_fee,
        b1_0.proposal_id,
        b1_0.quotation_status,
        b1_0.razorpay_order_id,
        r1_0.id,
        r1_0.booking_id,
        r1_0.created_at,
        r1_0.guide_id,
        r1_0.helpful_count,
        r1_0.is_public,
        r1_0.rating,
        r1_0.review_text,
        r1_0.updated_at,
        r1_0.user_id,
        b1_0.special_requirements,
        b1_0.start_date,
        b1_0.start_time,
        b1_0.status,
        b1_0.total_amount,
        b1_0.traveler_preferences,
        b1_0.traveler_request_id,
        b1_0.updated_at,
        u1_0.created_at,
        u1_0.email,
        u1_0.email_verified,
        u1_0.first_name,
        g3_0.id,
        g3_0.aadhar_number,
        g3_0.aadhar_verified,
        g3_0.admin_notes,
        g3_0.approved_at,
        g3_0.approved_by,
        g3_0.average_rating,
        g3_0.bio,
        g3_0.city,
        g3_0.created_at,
        g3_0.daily_rate,
        g3_0.experience_years,
        g3_0.expertise_areas,
        g3_0.hourly_rate,
        g3_0.intro_video_url,
        g3_0.is_approved,
        g3_0.is_available,
        g3_0.is_verified,
        g3_0.languages,
        g3_0.profile_image_url,
        g3_0.rejection_reason,
        g3_0.state,
        g3_0.total_bookings,
        g3_0.total_reviews,
        g3_0.updated_at,
        g3_0.user_id,
        g3_0.verification_documents,
        u1_0.is_active,
        u1_0.last_login,
        u1_0.last_name,
        u1_0.password_hash,
        u1_0.phone,
        u1_0.phone_verified,
        u1_0.profile_image_url,
        r2_0.user_id,
        r2_1.id,
        r2_1.created_at,
        r2_1.description,
        r2_1.name,
        r2_1.updated_at,
        u1_0.updated_at 
    from
        users u1_0 
    left join
        bookings b1_0 
            on u1_0.id=b1_0.user_id 
    left join
        guides g1_0 
            on g1_0.id=b1_0.guide_id 
    left join
        payments p1_0 
            on b1_0.id=p1_0.booking_id 
    left join
        reviews r1_0 
            on b1_0.id=r1_0.booking_id 
    left join
        guides g3_0 
            on u1_0.id=g3_0.user_id 
    left join
        user_roles r2_0 
            on u1_0.id=r2_0.user_id 
    left join
        roles r2_1 
            on r2_1.id=r2_0.role_id 
    where
        u1_0.id=?
2026-04-16 12:29:07 [http-nio-8080-exec-1] DEBUG org.hibernate.SQL - 
    select
        cm1_0.booking_id,
        cm1_0.id,
        cm1_0.message,
        p1_0.id,
        p1_0.booking_id,
        p1_0.created_at,
        p1_0.days,
        p1_0.description,
        p1_0.duration,
        p1_0.guide_id,
        p1_0.guide_name,
        p1_0.highlights,
        p1_0.is_boosted,
        p1_0.itinerary,
        p1_0.price,
        p1_0.status,
        p1_0.title,
        p1_0.traveler_id,
        p1_0.request_id,
        cm1_0.read_status,
        cm1_0.receiver_id,
        r1_0.id,
        r1_0.created_at,
        r1_0.email,
        r1_0.email_verified,
        r1_0.first_name,
        g1_0.id,
        g1_0.aadhar_number,
        g1_0.aadhar_verified,
        g1_0.admin_notes,
        g1_0.approved_at,
        g1_0.approved_by,
        g1_0.average_rating,
        g1_0.bio,
        g1_0.city,
        g1_0.created_at,
        g1_0.daily_rate,
        g1_0.experience_years,
        g1_0.expertise_areas,
        g1_0.hourly_rate,
        g1_0.intro_video_url,
        g1_0.is_approved,
        g1_0.is_available,
        g1_0.is_verified,
        g1_0.languages,
        g1_0.profile_image_url,
        g1_0.rejection_reason,
        g1_0.state,
        g1_0.total_bookings,
        g1_0.total_reviews,
        g1_0.updated_at,
        g1_0.user_id,
        g1_0.verification_documents,
        r1_0.is_active,
        r1_0.last_login,
        r1_0.last_name,
        r1_0.password_hash,
        r1_0.phone,
        r1_0.phone_verified,
        r1_0.profile_image_url,
        r2_0.user_id,
        r2_1.id,
        r2_1.created_at,
        r2_1.description,
        r2_1.name,
        r2_1.updated_at,
        r1_0.updated_at,
        cm1_0.sender_id,
        s1_0.id,
        s1_0.created_at,
        s1_0.email,
        s1_0.email_verified,
        s1_0.first_name,
        g2_0.id,
        g2_0.aadhar_number,
        g2_0.aadhar_verified,
        g2_0.admin_notes,
        g2_0.approved_at,
        g2_0.approved_by,
        g2_0.average_rating,
        g2_0.bio,
        g2_0.city,
        g2_0.created_at,
        g2_0.daily_rate,
        g2_0.experience_years,
        g2_0.expertise_areas,
        g2_0.hourly_rate,
        g2_0.intro_video_url,
        g2_0.is_approved,
        g2_0.is_available,
        g2_0.is_verified,
        g2_0.languages,
        g2_0.profile_image_url,
        g2_0.rejection_reason,
        g2_0.state,
        g2_0.total_bookings,
        g2_0.total_reviews,
        g2_0.updated_at,
        g2_0.user_id,
        g2_0.verification_documents,
        s1_0.is_active,
        s1_0.last_login,
        s1_0.last_name,
        s1_0.password_hash,
        s1_0.phone,
        s1_0.phone_verified,
        s1_0.profile_image_url,
        r3_0.user_id,
        r3_1.id,
        r3_1.created_at,
        r3_1.description,
        r3_1.name,
        r3_1.updated_at,
        s1_0.updated_at,
        cm1_0.timestamp,
        cm1_0.type 
    from
        chat_messages cm1_0 
    left join
        guide_proposals p1_0 
            on p1_0.id=cm1_0.proposal_id 
    left join
        users r1_0 
            on r1_0.id=cm1_0.receiver_id 
    left join
        guides g1_0 
            on r1_0.id=g1_0.user_id 
    left join
        user_roles r2_0 
            on r1_0.id=r2_0.user_id 
    left join
        roles r2_1 
            on r2_1.id=r2_0.role_id 
    left join
        users s1_0 
            on s1_0.id=cm1_0.sender_id 
    left join
        guides g2_0 
            on s1_0.id=g2_0.user_id 
    left join
        user_roles r3_0 
            on s1_0.id=r3_0.user_id 
    left join
        roles r3_1 
            on r3_1.id=r3_0.role_id 
    where
        cm1_0.booking_id=?
2026-04-16 12:29:07 [http-nio-8080-exec-1] DEBUG org.hibernate.SQL - 
    select
        s1_0.user_id,
        s1_0.id,
        s1_0.amount,
        s1_0.created_at,
        s1_0.end_date,
        s1_0.plan_type,
        s1_0.start_date,
        s1_0.status 
    from
        subscriptions s1_0 
    where
        s1_0.user_id=?
2026-04-16 12:29:07 [http-nio-8080-exec-1] DEBUG org.hibernate.SQL - 
    select
        sl1_0.user_id,
        sl1_0.id,
        sl1_0.created_at,
        sl1_0.story_id 
    from
        story_likes sl1_0 
    where
        sl1_0.user_id=?
2026-04-16 12:29:07 [http-nio-8080-exec-1] DEBUG org.hibernate.SQL - 
    select
        sc1_0.user_id,
        sc1_0.id,
        sc1_0.comment_text,
        sc1_0.created_at,
        sc1_0.is_deleted,
        sc1_0.parent_comment_id,
        sc1_0.story_id,
        sc1_0.updated_at 
    from
        story_comments sc1_0 
    where
        sc1_0.user_id=?
2026-04-16 12:29:07 [http-nio-8080-exec-1] DEBUG org.hibernate.SQL - 
    select
        sm1_0.sender_id,
        sm1_0.id,
        b1_0.id,
        b1_0.cancellation_reason,
        b1_0.created_at,
        b1_0.end_date,
        b1_0.end_time,
        b1_0.guide_id,
        g1_0.id,
        g1_0.aadhar_number,
        g1_0.aadhar_verified,
        g1_0.admin_notes,
        g1_0.approved_at,
        g1_0.approved_by,
        g1_0.average_rating,
        g1_0.bio,
        g1_0.city,
        g1_0.created_at,
        g1_0.daily_rate,
        g1_0.experience_years,
        g1_0.expertise_areas,
        g1_0.hourly_rate,
        g1_0.intro_video_url,
        g1_0.is_approved,
        g1_0.is_available,
        g1_0.is_verified,
        g1_0.languages,
        g1_0.profile_image_url,
        g1_0.rejection_reason,
        g1_0.state,
        g1_0.total_bookings,
        g1_0.total_reviews,
        g1_0.updated_at,
        g1_0.user_id,
        g1_0.verification_documents,
        b1_0.guide_curated_quotation,
        b1_0.guide_earnings,
        b1_0.guide_package_id,
        p1_0.id,
        p1_0.amount,
        p1_0.booking_id,
        p1_0.created_at,
        p1_0.currency,
        p1_0.payment_date,
        p1_0.payment_method,
        p1_0.payment_status,
        p1_0.razorpay_order_id,
        p1_0.razorpay_payment_id,
        p1_0.razorpay_signature,
        p1_0.refund_amount,
        p1_0.refund_id,
        p1_0.refunded_at,
        p1_0.updated_at,
        p1_0.user_id,
        b1_0.platform_fee,
        b1_0.proposal_id,
        b1_0.quotation_status,
        b1_0.razorpay_order_id,
        r1_0.id,
        r1_0.booking_id,
        r1_0.created_at,
        r1_0.guide_id,
        r1_0.helpful_count,
        r1_0.is_public,
        r1_0.rating,
        r1_0.review_text,
        r1_0.updated_at,
        r1_0.user_id,
        b1_0.special_requirements,
        b1_0.start_date,
        b1_0.start_time,
        b1_0.status,
        b1_0.total_amount,
        b1_0.traveler_preferences,
        b1_0.traveler_request_id,
        b1_0.updated_at,
        b1_0.user_id,
        u4_0.id,
        u4_0.created_at,
        u4_0.email,
        u4_0.email_verified,
        u4_0.first_name,
        u4_0.is_active,
        u4_0.last_login,
        u4_0.last_name,
        u4_0.password_hash,
        u4_0.phone,
        u4_0.phone_verified,
        u4_0.profile_image_url,
        u4_0.updated_at,
        sm1_0.message,
        p2_0.id,
        p2_0.booking_id,
        p2_0.created_at,
        p2_0.days,
        p2_0.description,
        p2_0.duration,
        p2_0.guide_id,
        p2_0.guide_name,
        p2_0.highlights,
        p2_0.is_boosted,
        p2_0.itinerary,
        p2_0.price,
        p2_0.status,
        p2_0.title,
        p2_0.traveler_id,
        p2_0.request_id,
        sm1_0.read_status,
        sm1_0.receiver_id,
        r2_0.id,
        r2_0.created_at,
        r2_0.email,
        r2_0.email_verified,
        r2_0.first_name,
        g3_0.id,
        g3_0.aadhar_number,
        g3_0.aadhar_verified,
        g3_0.admin_notes,
        g3_0.approved_at,
        g3_0.approved_by,
        g3_0.average_rating,
        g3_0.bio,
        g3_0.city,
        g3_0.created_at,
        g3_0.daily_rate,
        g3_0.experience_years,
        g3_0.expertise_areas,
        g3_0.hourly_rate,
        g3_0.intro_video_url,
        g3_0.is_approved,
        g3_0.is_available,
        g3_0.is_verified,
        g3_0.languages,
        g3_0.profile_image_url,
        g3_0.rejection_reason,
        g3_0.state,
        g3_0.total_bookings,
        g3_0.total_reviews,
        g3_0.updated_at,
        g3_0.user_id,
        g3_0.verification_documents,
        r2_0.is_active,
        r2_0.last_login,
        r2_0.last_name,
        r2_0.password_hash,
        r2_0.phone,
        r2_0.phone_verified,
        r2_0.profile_image_url,
        r3_0.user_id,
        r3_1.id,
        r3_1.created_at,
        r3_1.description,
        r3_1.name,
        r3_1.updated_at,
        r2_0.updated_at,
        sm1_0.timestamp,
        sm1_0.type 
    from
        chat_messages sm1_0 
    left join
        bookings b1_0 
            on b1_0.id=sm1_0.booking_id 
    left join
        guides g1_0 
            on g1_0.id=b1_0.guide_id 
    left join
        payments p1_0 
            on b1_0.id=p1_0.booking_id 
    left join
        reviews r1_0 
            on b1_0.id=r1_0.booking_id 
    left join
        users u4_0 
            on u4_0.id=b1_0.user_id 
    left join
        guide_proposals p2_0 
            on p2_0.id=sm1_0.proposal_id 
    left join
        users r2_0 
            on r2_0.id=sm1_0.receiver_id 
    left join
        guides g3_0 
            on r2_0.id=g3_0.user_id 
    left join
        user_roles r3_0 
            on r2_0.id=r3_0.user_id 
    left join
        roles r3_1 
            on r3_1.id=r3_0.role_id 
    where
        sm1_0.sender_id=?
2026-04-16 12:29:07 [http-nio-8080-exec-1] DEBUG org.hibernate.SQL - 
    select
        r1_0.user_id,
        r1_0.id,
        r1_0.booking_id,
        r1_0.created_at,
        r1_0.guide_id,
        r1_0.helpful_count,
        r1_0.is_public,
        r1_0.rating,
        r1_0.review_text,
        r1_0.updated_at 
    from
        reviews r1_0 
    where
        r1_0.user_id=?
2026-04-16 12:29:07 [http-nio-8080-exec-1] DEBUG org.hibernate.SQL - 
    select
        rm1_0.receiver_id,
        rm1_0.id,
        b1_0.id,
        b1_0.cancellation_reason,
        b1_0.created_at,
        b1_0.end_date,
        b1_0.end_time,
        b1_0.guide_id,
        g1_0.id,
        g1_0.aadhar_number,
        g1_0.aadhar_verified,
        g1_0.admin_notes,
        g1_0.approved_at,
        g1_0.approved_by,
        g1_0.average_rating,
        g1_0.bio,
        g1_0.city,
        g1_0.created_at,
        g1_0.daily_rate,
        g1_0.experience_years,
        g1_0.expertise_areas,
        g1_0.hourly_rate,
        g1_0.intro_video_url,
        g1_0.is_approved,
        g1_0.is_available,
        g1_0.is_verified,
        g1_0.languages,
        g1_0.profile_image_url,
        g1_0.rejection_reason,
        g1_0.state,
        g1_0.total_bookings,
        g1_0.total_reviews,
        g1_0.updated_at,
        g1_0.user_id,
        g1_0.verification_documents,
        b1_0.guide_curated_quotation,
        b1_0.guide_earnings,
        b1_0.guide_package_id,
        p1_0.id,
        p1_0.amount,
        p1_0.booking_id,
        p1_0.created_at,
        p1_0.currency,
        p1_0.payment_date,
        p1_0.payment_method,
        p1_0.payment_status,
        p1_0.razorpay_order_id,
        p1_0.razorpay_payment_id,
        p1_0.razorpay_signature,
        p1_0.refund_amount,
        p1_0.refund_id,
        p1_0.refunded_at,
        p1_0.updated_at,
        p1_0.user_id,
        b1_0.platform_fee,
        b1_0.proposal_id,
        b1_0.quotation_status,
        b1_0.razorpay_order_id,
        r1_0.id,
        r1_0.booking_id,
        r1_0.created_at,
        r1_0.guide_id,
        r1_0.helpful_count,
        r1_0.is_public,
        r1_0.rating,
        r1_0.review_text,
        r1_0.updated_at,
        r1_0.user_id,
        b1_0.special_requirements,
        b1_0.start_date,
        b1_0.start_time,
        b1_0.status,
        b1_0.total_amount,
        b1_0.traveler_preferences,
        b1_0.traveler_request_id,
        b1_0.updated_at,
        b1_0.user_id,
        u4_0.id,
        u4_0.created_at,
        u4_0.email,
        u4_0.email_verified,
        u4_0.first_name,
        u4_0.is_active,
        u4_0.last_login,
        u4_0.last_name,
        u4_0.password_hash,
        u4_0.phone,
        u4_0.phone_verified,
        u4_0.profile_image_url,
        u4_0.updated_at,
        rm1_0.message,
        p2_0.id,
        p2_0.booking_id,
        p2_0.created_at,
        p2_0.days,
        p2_0.description,
        p2_0.duration,
        p2_0.guide_id,
        p2_0.guide_name,
        p2_0.highlights,
        p2_0.is_boosted,
        p2_0.itinerary,
        p2_0.price,
        p2_0.status,
        p2_0.title,
        p2_0.traveler_id,
        p2_0.request_id,
        rm1_0.read_status,
        rm1_0.sender_id,
        s1_0.id,
        s1_0.created_at,
        s1_0.email,
        s1_0.email_verified,
        s1_0.first_name,
        g3_0.id,
        g3_0.aadhar_number,
        g3_0.aadhar_verified,
        g3_0.admin_notes,
        g3_0.approved_at,
        g3_0.approved_by,
        g3_0.average_rating,
        g3_0.bio,
        g3_0.city,
        g3_0.created_at,
        g3_0.daily_rate,
        g3_0.experience_years,
        g3_0.expertise_areas,
        g3_0.hourly_rate,
        g3_0.intro_video_url,
        g3_0.is_approved,
        g3_0.is_available,
        g3_0.is_verified,
        g3_0.languages,
        g3_0.profile_image_url,
        g3_0.rejection_reason,
        g3_0.state,
        g3_0.total_bookings,
        g3_0.total_reviews,
        g3_0.updated_at,
        g3_0.user_id,
        g3_0.verification_documents,
        s1_0.is_active,
        s1_0.last_login,
        s1_0.last_name,
        s1_0.password_hash,
        s1_0.phone,
        s1_0.phone_verified,
        s1_0.profile_image_url,
        r3_0.user_id,
        r3_1.id,
        r3_1.created_at,
        r3_1.description,
        r3_1.name,
        r3_1.updated_at,
        s1_0.updated_at,
        rm1_0.timestamp,
        rm1_0.type 
    from
        chat_messages rm1_0 
    left join
        bookings b1_0 
            on b1_0.id=rm1_0.booking_id 
    left join
        guides g1_0 
            on g1_0.id=b1_0.guide_id 
    left join
        payments p1_0 
            on b1_0.id=p1_0.booking_id 
    left join
        reviews r1_0 
            on b1_0.id=r1_0.booking_id 
    left join
        users u4_0 
            on u4_0.id=b1_0.user_id 
    left join
        guide_proposals p2_0 
            on p2_0.id=rm1_0.proposal_id 
    left join
        users s1_0 
            on s1_0.id=rm1_0.sender_id 
    left join
        guides g3_0 
            on s1_0.id=g3_0.user_id 
    left join
        user_roles r3_0 
            on s1_0.id=r3_0.user_id 
    left join
        roles r3_1 
            on r3_1.id=r3_0.role_id 
    where
        rm1_0.receiver_id=?
2026-04-16 12:29:07 [http-nio-8080-exec-1] DEBUG org.hibernate.SQL - 
    select
        p1_0.user_id,
        p1_0.id,
        p1_0.amount,
        p1_0.booking_id,
        p1_0.created_at,
        p1_0.currency,
        p1_0.payment_date,
        p1_0.payment_method,
        p1_0.payment_status,
        p1_0.razorpay_order_id,
        p1_0.razorpay_payment_id,
        p1_0.razorpay_signature,
        p1_0.refund_amount,
        p1_0.refund_id,
        p1_0.refunded_at,
        p1_0.updated_at 
    from
        payments p1_0 
    where
        p1_0.user_id=?
2026-04-16 12:29:07 [http-nio-8080-exec-1] DEBUG org.hibernate.SQL - 
    select
        n1_0.user_id,
        n1_0.id,
        n1_0.created_at,
        n1_0.message,
        n1_0.read_status,
        n1_0.title,
        n1_0.type 
    from
        notifications n1_0 
    where
        n1_0.user_id=?
2026-04-16 12:29:07 [http-nio-8080-exec-1] DEBUG org.hibernate.SQL - 
    select
        cm1_0.booking_id,
        cm1_0.id,
        cm1_0.message,
        p1_0.id,
        p1_0.booking_id,
        p1_0.created_at,
        p1_0.days,
        p1_0.description,
        p1_0.duration,
        p1_0.guide_id,
        p1_0.guide_name,
        p1_0.highlights,
        p1_0.is_boosted,
        p1_0.itinerary,
        p1_0.price,
        p1_0.status,
        p1_0.title,
        p1_0.traveler_id,
        p1_0.request_id,
        cm1_0.read_status,
        cm1_0.receiver_id,
        r1_0.id,
        r1_0.created_at,
        r1_0.email,
        r1_0.email_verified,
        r1_0.first_name,
        g1_0.id,
        g1_0.aadhar_number,
        g1_0.aadhar_verified,
        g1_0.admin_notes,
        g1_0.approved_at,
        g1_0.approved_by,
        g1_0.average_rating,
        g1_0.bio,
        g1_0.city,
        g1_0.created_at,
        g1_0.daily_rate,
        g1_0.experience_years,
        g1_0.expertise_areas,
        g1_0.hourly_rate,
        g1_0.intro_video_url,
        g1_0.is_approved,
        g1_0.is_available,
        g1_0.is_verified,
        g1_0.languages,
        g1_0.profile_image_url,
        g1_0.rejection_reason,
        g1_0.state,
        g1_0.total_bookings,
        g1_0.total_reviews,
        g1_0.updated_at,
        g1_0.user_id,
        g1_0.verification_documents,
        r1_0.is_active,
        r1_0.last_login,
        r1_0.last_name,
        r1_0.password_hash,
        r1_0.phone,
        r1_0.phone_verified,
        r1_0.profile_image_url,
        r2_0.user_id,
        r2_1.id,
        r2_1.created_at,
        r2_1.description,
        r2_1.name,
        r2_1.updated_at,
        r1_0.updated_at,
        cm1_0.sender_id,
        s1_0.id,
        s1_0.created_at,
        s1_0.email,
        s1_0.email_verified,
        s1_0.first_name,
        g2_0.id,
        g2_0.aadhar_number,
        g2_0.aadhar_verified,
        g2_0.admin_notes,
        g2_0.approved_at,
        g2_0.approved_by,
        g2_0.average_rating,
        g2_0.bio,
        g2_0.city,
        g2_0.created_at,
        g2_0.daily_rate,
        g2_0.experience_years,
        g2_0.expertise_areas,
        g2_0.hourly_rate,
        g2_0.intro_video_url,
        g2_0.is_approved,
        g2_0.is_available,
        g2_0.is_verified,
        g2_0.languages,
        g2_0.profile_image_url,
        g2_0.rejection_reason,
        g2_0.state,
        g2_0.total_bookings,
        g2_0.total_reviews,
        g2_0.updated_at,
        g2_0.user_id,
        g2_0.verification_documents,
        s1_0.is_active,
        s1_0.last_login,
        s1_0.last_name,
        s1_0.password_hash,
        s1_0.phone,
        s1_0.phone_verified,
        s1_0.profile_image_url,
        r3_0.user_id,
        r3_1.id,
        r3_1.created_at,
        r3_1.description,
        r3_1.name,
        r3_1.updated_at,
        s1_0.updated_at,
        cm1_0.timestamp,
        cm1_0.type 
    from
        chat_messages cm1_0 
    left join
        guide_proposals p1_0 
            on p1_0.id=cm1_0.proposal_id 
    left join
        users r1_0 
            on r1_0.id=cm1_0.receiver_id 
    left join
        guides g1_0 
            on r1_0.id=g1_0.user_id 
    left join
        user_roles r2_0 
            on r1_0.id=r2_0.user_id 
    left join
        roles r2_1 
            on r2_1.id=r2_0.role_id 
    left join
        users s1_0 
            on s1_0.id=cm1_0.sender_id 
    left join
        guides g2_0 
            on s1_0.id=g2_0.user_id 
    left join
        user_roles r3_0 
            on s1_0.id=r3_0.user_id 
    left join
        roles r3_1 
            on r3_1.id=r3_0.role_id 
    where
        cm1_0.booking_id=?
2026-04-16 12:29:07 [http-nio-8080-exec-1] DEBUG org.hibernate.SQL - 
    select
        s1_0.user_id,
        s1_0.id,
        s1_0.amount,
        s1_0.created_at,
        s1_0.end_date,
        s1_0.plan_type,
        s1_0.start_date,
        s1_0.status 
    from
        subscriptions s1_0 
    where
        s1_0.user_id=?
2026-04-16 12:29:07 [http-nio-8080-exec-1] DEBUG org.hibernate.SQL - 
    select
        sl1_0.user_id,
        sl1_0.id,
        sl1_0.created_at,
        sl1_0.story_id 
    from
        story_likes sl1_0 
    where
        sl1_0.user_id=?
2026-04-16 12:29:07 [http-nio-8080-exec-1] DEBUG org.hibernate.SQL - 
    select
        sc1_0.user_id,
        sc1_0.id,
        sc1_0.comment_text,
        sc1_0.created_at,
        sc1_0.is_deleted,
        sc1_0.parent_comment_id,
        sc1_0.story_id,
        sc1_0.updated_at 
    from
        story_comments sc1_0 
    where
        sc1_0.user_id=?
2026-04-16 12:29:07 [http-nio-8080-exec-1] DEBUG org.hibernate.SQL - 
    select
        sm1_0.sender_id,
        sm1_0.id,
        b1_0.id,
        b1_0.cancellation_reason,
        b1_0.created_at,
        b1_0.end_date,
        b1_0.end_time,
        b1_0.guide_id,
        g1_0.id,
        g1_0.aadhar_number,
        g1_0.aadhar_verified,
        g1_0.admin_notes,
        g1_0.approved_at,
        g1_0.approved_by,
        g1_0.average_rating,
        g1_0.bio,
        g1_0.city,
        g1_0.created_at,
        g1_0.daily_rate,
        g1_0.experience_years,
        g1_0.expertise_areas,
        g1_0.hourly_rate,
        g1_0.intro_video_url,
        g1_0.is_approved,
        g1_0.is_available,
        g1_0.is_verified,
        g1_0.languages,
        g1_0.profile_image_url,
        g1_0.rejection_reason,
        g1_0.state,
        g1_0.total_bookings,
        g1_0.total_reviews,
        g1_0.updated_at,
        g1_0.user_id,
        g1_0.verification_documents,
        b1_0.guide_curated_quotation,
        b1_0.guide_earnings,
        b1_0.guide_package_id,
        p1_0.id,
        p1_0.amount,
        p1_0.booking_id,
        p1_0.created_at,
        p1_0.currency,
        p1_0.payment_date,
        p1_0.payment_method,
        p1_0.payment_status,
        p1_0.razorpay_order_id,
        p1_0.razorpay_payment_id,
        p1_0.razorpay_signature,
        p1_0.refund_amount,
        p1_0.refund_id,
        p1_0.refunded_at,
        p1_0.updated_at,
        p1_0.user_id,
        b1_0.platform_fee,
        b1_0.proposal_id,
        b1_0.quotation_status,
        b1_0.razorpay_order_id,
        r1_0.id,
        r1_0.booking_id,
        r1_0.created_at,
        r1_0.guide_id,
        r1_0.helpful_count,
        r1_0.is_public,
        r1_0.rating,
        r1_0.review_text,
        r1_0.updated_at,
        r1_0.user_id,
        b1_0.special_requirements,
        b1_0.start_date,
        b1_0.start_time,
        b1_0.status,
        b1_0.total_amount,
        b1_0.traveler_preferences,
        b1_0.traveler_request_id,
        b1_0.updated_at,
        b1_0.user_id,
        u4_0.id,
        u4_0.created_at,
        u4_0.email,
        u4_0.email_verified,
        u4_0.first_name,
        u4_0.is_active,
        u4_0.last_login,
        u4_0.last_name,
        u4_0.password_hash,
        u4_0.phone,
        u4_0.phone_verified,
        u4_0.profile_image_url,
        u4_0.updated_at,
        sm1_0.message,
        p2_0.id,
        p2_0.booking_id,
        p2_0.created_at,
        p2_0.days,
        p2_0.description,
        p2_0.duration,
        p2_0.guide_id,
        p2_0.guide_name,
        p2_0.highlights,
        p2_0.is_boosted,
        p2_0.itinerary,
        p2_0.price,
        p2_0.status,
        p2_0.title,
        p2_0.traveler_id,
        p2_0.request_id,
        sm1_0.read_status,
        sm1_0.receiver_id,
        r2_0.id,
        r2_0.created_at,
        r2_0.email,
        r2_0.email_verified,
        r2_0.first_name,
        g3_0.id,
        g3_0.aadhar_number,
        g3_0.aadhar_verified,
        g3_0.admin_notes,
        g3_0.approved_at,
        g3_0.approved_by,
        g3_0.average_rating,
        g3_0.bio,
        g3_0.city,
        g3_0.created_at,
        g3_0.daily_rate,
        g3_0.experience_years,
        g3_0.expertise_areas,
        g3_0.hourly_rate,
        g3_0.intro_video_url,
        g3_0.is_approved,
        g3_0.is_available,
        g3_0.is_verified,
        g3_0.languages,
        g3_0.profile_image_url,
        g3_0.rejection_reason,
        g3_0.state,
        g3_0.total_bookings,
        g3_0.total_reviews,
        g3_0.updated_at,
        g3_0.user_id,
        g3_0.verification_documents,
        r2_0.is_active,
        r2_0.last_login,
        r2_0.last_name,
        r2_0.password_hash,
        r2_0.phone,
        r2_0.phone_verified,
        r2_0.profile_image_url,
        r3_0.user_id,
        r3_1.id,
        r3_1.created_at,
        r3_1.description,
        r3_1.name,
        r3_1.updated_at,
        r2_0.updated_at,
        sm1_0.timestamp,
        sm1_0.type 
    from
        chat_messages sm1_0 
    left join
        bookings b1_0 
            on b1_0.id=sm1_0.booking_id 
    left join
        guides g1_0 
            on g1_0.id=b1_0.guide_id 
    left join
        payments p1_0 
            on b1_0.id=p1_0.booking_id 
    left join
        reviews r1_0 
            on b1_0.id=r1_0.booking_id 
    left join
        users u4_0 
            on u4_0.id=b1_0.user_id 
    left join
        guide_proposals p2_0 
            on p2_0.id=sm1_0.proposal_id 
    left join
        users r2_0 
            on r2_0.id=sm1_0.receiver_id 
    left join
        guides g3_0 
            on r2_0.id=g3_0.user_id 
    left join
        user_roles r3_0 
            on r2_0.id=r3_0.user_id 
    left join
        roles r3_1 
            on r3_1.id=r3_0.role_id 
    where
        sm1_0.sender_id=?
2026-04-16 12:29:07 [http-nio-8080-exec-1] DEBUG org.hibernate.SQL - 
    select
        r1_0.user_id,
        r1_0.id,
        r1_0.booking_id,
        r1_0.created_at,
        r1_0.guide_id,
        r1_0.helpful_count,
        r1_0.is_public,
        r1_0.rating,
        r1_0.review_text,
        r1_0.updated_at 
    from
        reviews r1_0 
    where
        r1_0.user_id=?
2026-04-16 12:29:07 [http-nio-8080-exec-1] DEBUG org.hibernate.SQL - 
    select
        rm1_0.receiver_id,
        rm1_0.id,
        b1_0.id,
        b1_0.cancellation_reason,
        b1_0.created_at,
        b1_0.end_date,
        b1_0.end_time,
        b1_0.guide_id,
        g1_0.id,
        g1_0.aadhar_number,
        g1_0.aadhar_verified,
        g1_0.admin_notes,
        g1_0.approved_at,
        g1_0.approved_by,
        g1_0.average_rating,
        g1_0.bio,
        g1_0.city,
        g1_0.created_at,
        g1_0.daily_rate,
        g1_0.experience_years,
        g1_0.expertise_areas,
        g1_0.hourly_rate,
        g1_0.intro_video_url,
        g1_0.is_approved,
        g1_0.is_available,
        g1_0.is_verified,
        g1_0.languages,
        g1_0.profile_image_url,
        g1_0.rejection_reason,
        g1_0.state,
        g1_0.total_bookings,
        g1_0.total_reviews,
        g1_0.updated_at,
        g1_0.user_id,
        g1_0.verification_documents,
        b1_0.guide_curated_quotation,
        b1_0.guide_earnings,
        b1_0.guide_package_id,
        p1_0.id,
        p1_0.amount,
        p1_0.booking_id,
        p1_0.created_at,
        p1_0.currency,
        p1_0.payment_date,
        p1_0.payment_method,
        p1_0.payment_status,
        p1_0.razorpay_order_id,
        p1_0.razorpay_payment_id,
        p1_0.razorpay_signature,
        p1_0.refund_amount,
        p1_0.refund_id,
        p1_0.refunded_at,
        p1_0.updated_at,
        p1_0.user_id,
        b1_0.platform_fee,
        b1_0.proposal_id,
        b1_0.quotation_status,
        b1_0.razorpay_order_id,
        r1_0.id,
        r1_0.booking_id,
        r1_0.created_at,
        r1_0.guide_id,
        r1_0.helpful_count,
        r1_0.is_public,
        r1_0.rating,
        r1_0.review_text,
        r1_0.updated_at,
        r1_0.user_id,
        b1_0.special_requirements,
        b1_0.start_date,
        b1_0.start_time,
        b1_0.status,
        b1_0.total_amount,
        b1_0.traveler_preferences,
        b1_0.traveler_request_id,
        b1_0.updated_at,
        b1_0.user_id,
        u4_0.id,
        u4_0.created_at,
        u4_0.email,
        u4_0.email_verified,
        u4_0.first_name,
        u4_0.is_active,
        u4_0.last_login,
        u4_0.last_name,
        u4_0.password_hash,
        u4_0.phone,
        u4_0.phone_verified,
        u4_0.profile_image_url,
        u4_0.updated_at,
        rm1_0.message,
        p2_0.id,
        p2_0.booking_id,
        p2_0.created_at,
        p2_0.days,
        p2_0.description,
        p2_0.duration,
        p2_0.guide_id,
        p2_0.guide_name,
        p2_0.highlights,
        p2_0.is_boosted,
        p2_0.itinerary,
        p2_0.price,
        p2_0.status,
        p2_0.title,
        p2_0.traveler_id,
        p2_0.request_id,
        rm1_0.read_status,
        rm1_0.sender_id,
        s1_0.id,
        s1_0.created_at,
        s1_0.email,
        s1_0.email_verified,
        s1_0.first_name,
        g3_0.id,
        g3_0.aadhar_number,
        g3_0.aadhar_verified,
        g3_0.admin_notes,
        g3_0.approved_at,
        g3_0.approved_by,
        g3_0.average_rating,
        g3_0.bio,
        g3_0.city,
        g3_0.created_at,
        g3_0.daily_rate,
        g3_0.experience_years,
        g3_0.expertise_areas,
        g3_0.hourly_rate,
        g3_0.intro_video_url,
        g3_0.is_approved,
        g3_0.is_available,
        g3_0.is_verified,
        g3_0.languages,
        g3_0.profile_image_url,
        g3_0.rejection_reason,
        g3_0.state,
        g3_0.total_bookings,
        g3_0.total_reviews,
        g3_0.updated_at,
        g3_0.user_id,
        g3_0.verification_documents,
        s1_0.is_active,
        s1_0.last_login,
        s1_0.last_name,
        s1_0.password_hash,
        s1_0.phone,
        s1_0.phone_verified,
        s1_0.profile_image_url,
        r3_0.user_id,
        r3_1.id,
        r3_1.created_at,
        r3_1.description,
        r3_1.name,
        r3_1.updated_at,
        s1_0.updated_at,
        rm1_0.timestamp,
        rm1_0.type 
    from
        chat_messages rm1_0 
    left join
        bookings b1_0 
            on b1_0.id=rm1_0.booking_id 
    left join
        guides g1_0 
            on g1_0.id=b1_0.guide_id 
    left join
        payments p1_0 
            on b1_0.id=p1_0.booking_id 
    left join
        reviews r1_0 
            on b1_0.id=r1_0.booking_id 
    left join
        users u4_0 
            on u4_0.id=b1_0.user_id 
    left join
        guide_proposals p2_0 
            on p2_0.id=rm1_0.proposal_id 
    left join
        users s1_0 
            on s1_0.id=rm1_0.sender_id 
    left join
        guides g3_0 
            on s1_0.id=g3_0.user_id 
    left join
        user_roles r3_0 
            on s1_0.id=r3_0.user_id 
    left join
        roles r3_1 
            on r3_1.id=r3_0.role_id 
    where
        rm1_0.receiver_id=?
2026-04-16 12:29:07 [http-nio-8080-exec-1] DEBUG org.hibernate.SQL - 
    select
        p1_0.user_id,
        p1_0.id,
        p1_0.amount,
        p1_0.booking_id,
        p1_0.created_at,
        p1_0.currency,
        p1_0.payment_date,
        p1_0.payment_method,
        p1_0.payment_status,
        p1_0.razorpay_order_id,
        p1_0.razorpay_payment_id,
        p1_0.razorpay_signature,
        p1_0.refund_amount,
        p1_0.refund_id,
        p1_0.refunded_at,
        p1_0.updated_at 
    from
        payments p1_0 
    where
        p1_0.user_id=?
2026-04-16 12:29:07 [http-nio-8080-exec-1] DEBUG org.hibernate.SQL - 
    select
        n1_0.user_id,
        n1_0.id,
        n1_0.created_at,
        n1_0.message,
        n1_0.read_status,
        n1_0.title,
        n1_0.type 
    from
        notifications n1_0 
    where
        n1_0.user_id=?
2026-04-16 12:29:07 [http-nio-8080-exec-1] DEBUG org.hibernate.SQL - 
    select
        s1_0.guide_id,
        s1_0.id,
        s1_0.comments_count,
        s1_0.content,
        s1_0.created_at,
        s1_0.images,
        s1_0.is_public,
        s1_0.likes_count,
        s1_0.location,
        s1_0.tags,
        s1_0.title,
        s1_0.updated_at,
        s1_0.views_count 
    from
        stories s1_0 
    where
        s1_0.guide_id=?
2026-04-16 12:29:07 [http-nio-8080-exec-1] DEBUG org.hibernate.SQL - 
    select
        r1_0.guide_id,
        r1_0.id,
        r1_0.booking_id,
        r1_0.created_at,
        r1_0.helpful_count,
        r1_0.is_public,
        r1_0.rating,
        r1_0.review_text,
        r1_0.updated_at,
        r1_0.user_id 
    from
        reviews r1_0 
    where
        r1_0.guide_id=?
2026-04-16 12:29:07 [http-nio-8080-exec-1] DEBUG org.hibernate.SQL - 
    select
        b1_0.guide_id,
        b1_0.id,
        b1_0.cancellation_reason,
        b1_0.created_at,
        b1_0.end_date,
        b1_0.end_time,
        b1_0.guide_curated_quotation,
        b1_0.guide_earnings,
        b1_0.guide_package_id,
        p1_0.id,
        p1_0.amount,
        p1_0.booking_id,
        p1_0.created_at,
        p1_0.currency,
        p1_0.payment_date,
        p1_0.payment_method,
        p1_0.payment_status,
        p1_0.razorpay_order_id,
        p1_0.razorpay_payment_id,
        p1_0.razorpay_signature,
        p1_0.refund_amount,
        p1_0.refund_id,
        p1_0.refunded_at,
        p1_0.updated_at,
        p1_0.user_id,
        b1_0.platform_fee,
        b1_0.proposal_id,
        b1_0.quotation_status,
        b1_0.razorpay_order_id,
        r1_0.id,
        r1_0.booking_id,
        r1_0.created_at,
        r1_0.guide_id,
        r1_0.helpful_count,
        r1_0.is_public,
        r1_0.rating,
        r1_0.review_text,
        r1_0.updated_at,
        r1_0.user_id,
        b1_0.special_requirements,
        b1_0.start_date,
        b1_0.start_time,
        b1_0.status,
        b1_0.total_amount,
        b1_0.traveler_preferences,
        b1_0.traveler_request_id,
        b1_0.updated_at,
        b1_0.user_id,
        u3_0.id,
        u3_0.created_at,
        u3_0.email,
        u3_0.email_verified,
        u3_0.first_name,
        g3_0.id,
        g3_0.aadhar_number,
        g3_0.aadhar_verified,
        g3_0.admin_notes,
        g3_0.approved_at,
        g3_0.approved_by,
        g3_0.average_rating,
        g3_0.bio,
        g3_0.city,
        g3_0.created_at,
        g3_0.daily_rate,
        g3_0.experience_years,
        g3_0.expertise_areas,
        g3_0.hourly_rate,
        g3_0.intro_video_url,
        g3_0.is_approved,
        g3_0.is_available,
        g3_0.is_verified,
        g3_0.languages,
        g3_0.profile_image_url,
        g3_0.rejection_reason,
        g3_0.state,
        g3_0.total_bookings,
        g3_0.total_reviews,
        g3_0.updated_at,
        g3_0.user_id,
        g3_0.verification_documents,
        u3_0.is_active,
        u3_0.last_login,
        u3_0.last_name,
        u3_0.password_hash,
        u3_0.phone,
        u3_0.phone_verified,
        u3_0.profile_image_url,
        r2_0.user_id,
        r2_1.id,
        r2_1.created_at,
        r2_1.description,
        r2_1.name,
        r2_1.updated_at,
        u3_0.updated_at 
    from
        bookings b1_0 
    left join
        payments p1_0 
            on b1_0.id=p1_0.booking_id 
    left join
        reviews r1_0 
            on b1_0.id=r1_0.booking_id 
    left join
        users u3_0 
            on u3_0.id=b1_0.user_id 
    left join
        guides g3_0 
            on u3_0.id=g3_0.user_id 
    left join
        user_roles r2_0 
            on u3_0.id=r2_0.user_id 
    left join
        roles r2_1 
            on r2_1.id=r2_0.role_id 
    where
        b1_0.guide_id=?
2026-04-16 12:29:07 [http-nio-8080-exec-1] DEBUG org.hibernate.SQL - 
    select
        a1_0.guide_id,
        a1_0.id,
        a1_0.created_at,
        a1_0.date,
        a1_0.is_available,
        a1_0.notes,
        a1_0.updated_at 
    from
        guide_availability a1_0 
    where
        a1_0.guide_id=?
2026-04-16 12:29:07 [http-nio-8080-exec-1] DEBUG org.hibernate.SQL - 
    select
        cm1_0.booking_id,
        cm1_0.id,
        cm1_0.message,
        p1_0.id,
        p1_0.booking_id,
        p1_0.created_at,
        p1_0.days,
        p1_0.description,
        p1_0.duration,
        p1_0.guide_id,
        p1_0.guide_name,
        p1_0.highlights,
        p1_0.is_boosted,
        p1_0.itinerary,
        p1_0.price,
        p1_0.status,
        p1_0.title,
        p1_0.traveler_id,
        p1_0.request_id,
        cm1_0.read_status,
        cm1_0.receiver_id,
        r1_0.id,
        r1_0.created_at,
        r1_0.email,
        r1_0.email_verified,
        r1_0.first_name,
        g1_0.id,
        g1_0.aadhar_number,
        g1_0.aadhar_verified,
        g1_0.admin_notes,
        g1_0.approved_at,
        g1_0.approved_by,
        g1_0.average_rating,
        g1_0.bio,
        g1_0.city,
        g1_0.created_at,
        g1_0.daily_rate,
        g1_0.experience_years,
        g1_0.expertise_areas,
        g1_0.hourly_rate,
        g1_0.intro_video_url,
        g1_0.is_approved,
        g1_0.is_available,
        g1_0.is_verified,
        g1_0.languages,
        g1_0.profile_image_url,
        g1_0.rejection_reason,
        g1_0.state,
        g1_0.total_bookings,
        g1_0.total_reviews,
        g1_0.updated_at,
        g1_0.user_id,
        g1_0.verification_documents,
        r1_0.is_active,
        r1_0.last_login,
        r1_0.last_name,
        r1_0.password_hash,
        r1_0.phone,
        r1_0.phone_verified,
        r1_0.profile_image_url,
        r2_0.user_id,
        r2_1.id,
        r2_1.created_at,
        r2_1.description,
        r2_1.name,
        r2_1.updated_at,
        r1_0.updated_at,
        cm1_0.sender_id,
        s1_0.id,
        s1_0.created_at,
        s1_0.email,
        s1_0.email_verified,
        s1_0.first_name,
        g2_0.id,
        g2_0.aadhar_number,
        g2_0.aadhar_verified,
        g2_0.admin_notes,
        g2_0.approved_at,
        g2_0.approved_by,
        g2_0.average_rating,
        g2_0.bio,
        g2_0.city,
        g2_0.created_at,
        g2_0.daily_rate,
        g2_0.experience_years,
        g2_0.expertise_areas,
        g2_0.hourly_rate,
        g2_0.intro_video_url,
        g2_0.is_approved,
        g2_0.is_available,
        g2_0.is_verified,
        g2_0.languages,
        g2_0.profile_image_url,
        g2_0.rejection_reason,
        g2_0.state,
        g2_0.total_bookings,
        g2_0.total_reviews,
        g2_0.updated_at,
        g2_0.user_id,
        g2_0.verification_documents,
        s1_0.is_active,
        s1_0.last_login,
        s1_0.last_name,
        s1_0.password_hash,
        s1_0.phone,
        s1_0.phone_verified,
        s1_0.profile_image_url,
        r3_0.user_id,
        r3_1.id,
        r3_1.created_at,
        r3_1.description,
        r3_1.name,
        r3_1.updated_at,
        s1_0.updated_at,
        cm1_0.timestamp,
        cm1_0.type 
    from
        chat_messages cm1_0 
    left join
        guide_proposals p1_0 
            on p1_0.id=cm1_0.proposal_id 
    left join
        users r1_0 
            on r1_0.id=cm1_0.receiver_id 
    left join
        guides g1_0 
            on r1_0.id=g1_0.user_id 
    left join
        user_roles r2_0 
            on r1_0.id=r2_0.user_id 
    left join
        roles r2_1 
            on r2_1.id=r2_0.role_id 
    left join
        users s1_0 
            on s1_0.id=cm1_0.sender_id 
    left join
        guides g2_0 
            on s1_0.id=g2_0.user_id 
    left join
        user_roles r3_0 
            on s1_0.id=r3_0.user_id 
    left join
        roles r3_1 
            on r3_1.id=r3_0.role_id 
    where
        cm1_0.booking_id=?
2026-04-16 12:29:07 [http-nio-8080-exec-1] DEBUG org.hibernate.SQL - 
    select
        s1_0.user_id,
        s1_0.id,
        s1_0.amount,
        s1_0.created_at,
        s1_0.end_date,
        s1_0.plan_type,
        s1_0.start_date,
        s1_0.status 
    from
        subscriptions s1_0 
    where
        s1_0.user_id=?
2026-04-16 12:29:07 [http-nio-8080-exec-1] DEBUG org.hibernate.SQL - 
    select
        sl1_0.user_id,
        sl1_0.id,
        sl1_0.created_at,
        sl1_0.story_id 
    from
        story_likes sl1_0 
    where
        sl1_0.user_id=?
2026-04-16 12:29:07 [http-nio-8080-exec-1] DEBUG org.hibernate.SQL - 
    select
        sc1_0.user_id,
        sc1_0.id,
        sc1_0.comment_text,
        sc1_0.created_at,
        sc1_0.is_deleted,
        sc1_0.parent_comment_id,
        sc1_0.story_id,
        sc1_0.updated_at 
    from
        story_comments sc1_0 
    where
        sc1_0.user_id=?
2026-04-16 12:29:07 [http-nio-8080-exec-1] DEBUG org.hibernate.SQL - 
    select
        sm1_0.sender_id,
        sm1_0.id,
        b1_0.id,
        b1_0.cancellation_reason,
        b1_0.created_at,
        b1_0.end_date,
        b1_0.end_time,
        b1_0.guide_id,
        g1_0.id,
        g1_0.aadhar_number,
        g1_0.aadhar_verified,
        g1_0.admin_notes,
        g1_0.approved_at,
        g1_0.approved_by,
        g1_0.average_rating,
        g1_0.bio,
        g1_0.city,
        g1_0.created_at,
        g1_0.daily_rate,
        g1_0.experience_years,
        g1_0.expertise_areas,
        g1_0.hourly_rate,
        g1_0.intro_video_url,
        g1_0.is_approved,
        g1_0.is_available,
        g1_0.is_verified,
        g1_0.languages,
        g1_0.profile_image_url,
        g1_0.rejection_reason,
        g1_0.state,
        g1_0.total_bookings,
        g1_0.total_reviews,
        g1_0.updated_at,
        g1_0.user_id,
        g1_0.verification_documents,
        b1_0.guide_curated_quotation,
        b1_0.guide_earnings,
        b1_0.guide_package_id,
        p1_0.id,
        p1_0.amount,
        p1_0.booking_id,
        p1_0.created_at,
        p1_0.currency,
        p1_0.payment_date,
        p1_0.payment_method,
        p1_0.payment_status,
        p1_0.razorpay_order_id,
        p1_0.razorpay_payment_id,
        p1_0.razorpay_signature,
        p1_0.refund_amount,
        p1_0.refund_id,
        p1_0.refunded_at,
        p1_0.updated_at,
        p1_0.user_id,
        b1_0.platform_fee,
        b1_0.proposal_id,
        b1_0.quotation_status,
        b1_0.razorpay_order_id,
        r1_0.id,
        r1_0.booking_id,
        r1_0.created_at,
        r1_0.guide_id,
        r1_0.helpful_count,
        r1_0.is_public,
        r1_0.rating,
        r1_0.review_text,
        r1_0.updated_at,
        r1_0.user_id,
        b1_0.special_requirements,
        b1_0.start_date,
        b1_0.start_time,
        b1_0.status,
        b1_0.total_amount,
        b1_0.traveler_preferences,
        b1_0.traveler_request_id,
        b1_0.updated_at,
        b1_0.user_id,
        u4_0.id,
        u4_0.created_at,
        u4_0.email,
        u4_0.email_verified,
        u4_0.first_name,
        u4_0.is_active,
        u4_0.last_login,
        u4_0.last_name,
        u4_0.password_hash,
        u4_0.phone,
        u4_0.phone_verified,
        u4_0.profile_image_url,
        u4_0.updated_at,
        sm1_0.message,
        p2_0.id,
        p2_0.booking_id,
        p2_0.created_at,
        p2_0.days,
        p2_0.description,
        p2_0.duration,
        p2_0.guide_id,
        p2_0.guide_name,
        p2_0.highlights,
        p2_0.is_boosted,
        p2_0.itinerary,
        p2_0.price,
        p2_0.status,
        p2_0.title,
        p2_0.traveler_id,
        p2_0.request_id,
        sm1_0.read_status,
        sm1_0.receiver_id,
        r2_0.id,
        r2_0.created_at,
        r2_0.email,
        r2_0.email_verified,
        r2_0.first_name,
        g3_0.id,
        g3_0.aadhar_number,
        g3_0.aadhar_verified,
        g3_0.admin_notes,
        g3_0.approved_at,
        g3_0.approved_by,
        g3_0.average_rating,
        g3_0.bio,
        g3_0.city,
        g3_0.created_at,
        g3_0.daily_rate,
        g3_0.experience_years,
        g3_0.expertise_areas,
        g3_0.hourly_rate,
        g3_0.intro_video_url,
        g3_0.is_approved,
        g3_0.is_available,
        g3_0.is_verified,
        g3_0.languages,
        g3_0.profile_image_url,
        g3_0.rejection_reason,
        g3_0.state,
        g3_0.total_bookings,
        g3_0.total_reviews,
        g3_0.updated_at,
        g3_0.user_id,
        g3_0.verification_documents,
        r2_0.is_active,
        r2_0.last_login,
        r2_0.last_name,
        r2_0.password_hash,
        r2_0.phone,
        r2_0.phone_verified,
        r2_0.profile_image_url,
        r3_0.user_id,
        r3_1.id,
        r3_1.created_at,
        r3_1.description,
        r3_1.name,
        r3_1.updated_at,
        r2_0.updated_at,
        sm1_0.timestamp,
        sm1_0.type 
    from
        chat_messages sm1_0 
    left join
        bookings b1_0 
            on b1_0.id=sm1_0.booking_id 
    left join
        guides g1_0 
            on g1_0.id=b1_0.guide_id 
    left join
        payments p1_0 
            on b1_0.id=p1_0.booking_id 
    left join
        reviews r1_0 
            on b1_0.id=r1_0.booking_id 
    left join
        users u4_0 
            on u4_0.id=b1_0.user_id 
    left join
        guide_proposals p2_0 
            on p2_0.id=sm1_0.proposal_id 
    left join
        users r2_0 
            on r2_0.id=sm1_0.receiver_id 
    left join
        guides g3_0 
            on r2_0.id=g3_0.user_id 
    left join
        user_roles r3_0 
            on r2_0.id=r3_0.user_id 
    left join
        roles r3_1 
            on r3_1.id=r3_0.role_id 
    where
        sm1_0.sender_id=?
2026-04-16 12:29:07 [http-nio-8080-exec-1] DEBUG org.hibernate.SQL - 
    select
        r1_0.user_id,
        r1_0.id,
        r1_0.booking_id,
        r1_0.created_at,
        r1_0.guide_id,
        r1_0.helpful_count,
        r1_0.is_public,
        r1_0.rating,
        r1_0.review_text,
        r1_0.updated_at 
    from
        reviews r1_0 
    where
        r1_0.user_id=?
2026-04-16 12:29:07 [http-nio-8080-exec-1] DEBUG org.hibernate.SQL - 
    select
        rm1_0.receiver_id,
        rm1_0.id,
        b1_0.id,
        b1_0.cancellation_reason,
        b1_0.created_at,
        b1_0.end_date,
        b1_0.end_time,
        b1_0.guide_id,
        g1_0.id,
        g1_0.aadhar_number,
        g1_0.aadhar_verified,
        g1_0.admin_notes,
        g1_0.approved_at,
        g1_0.approved_by,
        g1_0.average_rating,
        g1_0.bio,
        g1_0.city,
        g1_0.created_at,
        g1_0.daily_rate,
        g1_0.experience_years,
        g1_0.expertise_areas,
        g1_0.hourly_rate,
        g1_0.intro_video_url,
        g1_0.is_approved,
        g1_0.is_available,
        g1_0.is_verified,
        g1_0.languages,
        g1_0.profile_image_url,
        g1_0.rejection_reason,
        g1_0.state,
        g1_0.total_bookings,
        g1_0.total_reviews,
        g1_0.updated_at,
        g1_0.user_id,
        g1_0.verification_documents,
        b1_0.guide_curated_quotation,
        b1_0.guide_earnings,
        b1_0.guide_package_id,
        p1_0.id,
        p1_0.amount,
        p1_0.booking_id,
        p1_0.created_at,
        p1_0.currency,
        p1_0.payment_date,
        p1_0.payment_method,
        p1_0.payment_status,
        p1_0.razorpay_order_id,
        p1_0.razorpay_payment_id,
        p1_0.razorpay_signature,
        p1_0.refund_amount,
        p1_0.refund_id,
        p1_0.refunded_at,
        p1_0.updated_at,
        p1_0.user_id,
        b1_0.platform_fee,
        b1_0.proposal_id,
        b1_0.quotation_status,
        b1_0.razorpay_order_id,
        r1_0.id,
        r1_0.booking_id,
        r1_0.created_at,
        r1_0.guide_id,
        r1_0.helpful_count,
        r1_0.is_public,
        r1_0.rating,
        r1_0.review_text,
        r1_0.updated_at,
        r1_0.user_id,
        b1_0.special_requirements,
        b1_0.start_date,
        b1_0.start_time,
        b1_0.status,
        b1_0.total_amount,
        b1_0.traveler_preferences,
        b1_0.traveler_request_id,
        b1_0.updated_at,
        b1_0.user_id,
        u4_0.id,
        u4_0.created_at,
        u4_0.email,
        u4_0.email_verified,
        u4_0.first_name,
        u4_0.is_active,
        u4_0.last_login,
        u4_0.last_name,
        u4_0.password_hash,
        u4_0.phone,
        u4_0.phone_verified,
        u4_0.profile_image_url,
        u4_0.updated_at,
        rm1_0.message,
        p2_0.id,
        p2_0.booking_id,
        p2_0.created_at,
        p2_0.days,
        p2_0.description,
        p2_0.duration,
        p2_0.guide_id,
        p2_0.guide_name,
        p2_0.highlights,
        p2_0.is_boosted,
        p2_0.itinerary,
        p2_0.price,
        p2_0.status,
        p2_0.title,
        p2_0.traveler_id,
        p2_0.request_id,
        rm1_0.read_status,
        rm1_0.sender_id,
        s1_0.id,
        s1_0.created_at,
        s1_0.email,
        s1_0.email_verified,
        s1_0.first_name,
        g3_0.id,
        g3_0.aadhar_number,
        g3_0.aadhar_verified,
        g3_0.admin_notes,
        g3_0.approved_at,
        g3_0.approved_by,
        g3_0.average_rating,
        g3_0.bio,
        g3_0.city,
        g3_0.created_at,
        g3_0.daily_rate,
        g3_0.experience_years,
        g3_0.expertise_areas,
        g3_0.hourly_rate,
        g3_0.intro_video_url,
        g3_0.is_approved,
        g3_0.is_available,
        g3_0.is_verified,
        g3_0.languages,
        g3_0.profile_image_url,
        g3_0.rejection_reason,
        g3_0.state,
        g3_0.total_bookings,
        g3_0.total_reviews,
        g3_0.updated_at,
        g3_0.user_id,
        g3_0.verification_documents,
        s1_0.is_active,
        s1_0.last_login,
        s1_0.last_name,
        s1_0.password_hash,
        s1_0.phone,
        s1_0.phone_verified,
        s1_0.profile_image_url,
        r3_0.user_id,
        r3_1.id,
        r3_1.created_at,
        r3_1.description,
        r3_1.name,
        r3_1.updated_at,
        s1_0.updated_at,
        rm1_0.timestamp,
        rm1_0.type 
    from
        chat_messages rm1_0 
    left join
        bookings b1_0 
            on b1_0.id=rm1_0.booking_id 
    left join
        guides g1_0 
            on g1_0.id=b1_0.guide_id 
    left join
        payments p1_0 
            on b1_0.id=p1_0.booking_id 
    left join
        reviews r1_0 
            on b1_0.id=r1_0.booking_id 
    left join
        users u4_0 
            on u4_0.id=b1_0.user_id 
    left join
        guide_proposals p2_0 
            on p2_0.id=rm1_0.proposal_id 
    left join
        users s1_0 
            on s1_0.id=rm1_0.sender_id 
    left join
        guides g3_0 
            on s1_0.id=g3_0.user_id 
    left join
        user_roles r3_0 
            on s1_0.id=r3_0.user_id 
    left join
        roles r3_1 
            on r3_1.id=r3_0.role_id 
    where
        rm1_0.receiver_id=?
2026-04-16 12:29:07 [http-nio-8080-exec-1] DEBUG org.hibernate.SQL - 
    select
        p1_0.user_id,
        p1_0.id,
        p1_0.amount,
        p1_0.booking_id,
        p1_0.created_at,
        p1_0.currency,
        p1_0.payment_date,
        p1_0.payment_method,
        p1_0.payment_status,
        p1_0.razorpay_order_id,
        p1_0.razorpay_payment_id,
        p1_0.razorpay_signature,
        p1_0.refund_amount,
        p1_0.refund_id,
        p1_0.refunded_at,
        p1_0.updated_at 
    from
        payments p1_0 
    where
        p1_0.user_id=?
2026-04-16 12:29:07 [http-nio-8080-exec-1] DEBUG org.hibernate.SQL - 
    select
        n1_0.user_id,
        n1_0.id,
        n1_0.created_at,
        n1_0.message,
        n1_0.read_status,
        n1_0.title,
        n1_0.type 
    from
        notifications n1_0 
    where
        n1_0.user_id=?
2026-04-16 12:29:07 [http-nio-8080-exec-1] DEBUG org.hibernate.SQL - 
    select
        s1_0.guide_id,
        s1_0.id,
        s1_0.comments_count,
        s1_0.content,
        s1_0.created_at,
        s1_0.images,
        s1_0.is_public,
        s1_0.likes_count,
        s1_0.location,
        s1_0.tags,
        s1_0.title,
        s1_0.updated_at,
        s1_0.views_count 
    from
        stories s1_0 
    where
        s1_0.guide_id=?
2026-04-16 12:29:07 [http-nio-8080-exec-1] DEBUG org.hibernate.SQL - 
    select
        r1_0.guide_id,
        r1_0.id,
        r1_0.booking_id,
        r1_0.created_at,
        r1_0.helpful_count,
        r1_0.is_public,
        r1_0.rating,
        r1_0.review_text,
        r1_0.updated_at,
        r1_0.user_id 
    from
        reviews r1_0 
    where
        r1_0.guide_id=?
2026-04-16 12:29:07 [http-nio-8080-exec-1] DEBUG org.hibernate.SQL - 
    select
        b1_0.guide_id,
        b1_0.id,
        b1_0.cancellation_reason,
        b1_0.created_at,
        b1_0.end_date,
        b1_0.end_time,
        b1_0.guide_curated_quotation,
        b1_0.guide_earnings,
        b1_0.guide_package_id,
        p1_0.id,
        p1_0.amount,
        p1_0.booking_id,
        p1_0.created_at,
        p1_0.currency,
        p1_0.payment_date,
        p1_0.payment_method,
        p1_0.payment_status,
        p1_0.razorpay_order_id,
        p1_0.razorpay_payment_id,
        p1_0.razorpay_signature,
        p1_0.refund_amount,
        p1_0.refund_id,
        p1_0.refunded_at,
        p1_0.updated_at,
        p1_0.user_id,
        b1_0.platform_fee,
        b1_0.proposal_id,
        b1_0.quotation_status,
        b1_0.razorpay_order_id,
        r1_0.id,
        r1_0.booking_id,
        r1_0.created_at,
        r1_0.guide_id,
        r1_0.helpful_count,
        r1_0.is_public,
        r1_0.rating,
        r1_0.review_text,
        r1_0.updated_at,
        r1_0.user_id,
        b1_0.special_requirements,
        b1_0.start_date,
        b1_0.start_time,
        b1_0.status,
        b1_0.total_amount,
        b1_0.traveler_preferences,
        b1_0.traveler_request_id,
        b1_0.updated_at,
        b1_0.user_id,
        u3_0.id,
        u3_0.created_at,
        u3_0.email,
        u3_0.email_verified,
        u3_0.first_name,
        g3_0.id,
        g3_0.aadhar_number,
        g3_0.aadhar_verified,
        g3_0.admin_notes,
        g3_0.approved_at,
        g3_0.approved_by,
        g3_0.average_rating,
        g3_0.bio,
        g3_0.city,
        g3_0.created_at,
        g3_0.daily_rate,
        g3_0.experience_years,
        g3_0.expertise_areas,
        g3_0.hourly_rate,
        g3_0.intro_video_url,
        g3_0.is_approved,
        g3_0.is_available,
        g3_0.is_verified,
        g3_0.languages,
        g3_0.profile_image_url,
        g3_0.rejection_reason,
        g3_0.state,
        g3_0.total_bookings,
        g3_0.total_reviews,
        g3_0.updated_at,
        g3_0.user_id,
        g3_0.verification_documents,
        u3_0.is_active,
        u3_0.last_login,
        u3_0.last_name,
        u3_0.password_hash,
        u3_0.phone,
        u3_0.phone_verified,
        u3_0.profile_image_url,
        r2_0.user_id,
        r2_1.id,
        r2_1.created_at,
        r2_1.description,
        r2_1.name,
        r2_1.updated_at,
        u3_0.updated_at 
    from
        bookings b1_0 
    left join
        payments p1_0 
            on b1_0.id=p1_0.booking_id 
    left join
        reviews r1_0 
            on b1_0.id=r1_0.booking_id 
    left join
        users u3_0 
            on u3_0.id=b1_0.user_id 
    left join
        guides g3_0 
            on u3_0.id=g3_0.user_id 
    left join
        user_roles r2_0 
            on u3_0.id=r2_0.user_id 
    left join
        roles r2_1 
            on r2_1.id=r2_0.role_id 
    where
        b1_0.guide_id=?
2026-04-16 12:29:07 [http-nio-8080-exec-1] DEBUG org.hibernate.SQL - 
    select
        a1_0.guide_id,
        a1_0.id,
        a1_0.created_at,
        a1_0.date,
        a1_0.is_available,
        a1_0.notes,
        a1_0.updated_at 
    from
        guide_availability a1_0 
    where
        a1_0.guide_id=?
2026-04-16 12:29:07 [http-nio-8080-exec-1] DEBUG org.hibernate.SQL - 
    select
        cm1_0.booking_id,
        cm1_0.id,
        cm1_0.message,
        p1_0.id,
        p1_0.booking_id,
        p1_0.created_at,
        p1_0.days,
        p1_0.description,
        p1_0.duration,
        p1_0.guide_id,
        p1_0.guide_name,
        p1_0.highlights,
        p1_0.is_boosted,
        p1_0.itinerary,
        p1_0.price,
        p1_0.status,
        p1_0.title,
        p1_0.traveler_id,
        p1_0.request_id,
        cm1_0.read_status,
        cm1_0.receiver_id,
        r1_0.id,
        r1_0.created_at,
        r1_0.email,
        r1_0.email_verified,
        r1_0.first_name,
        g1_0.id,
        g1_0.aadhar_number,
        g1_0.aadhar_verified,
        g1_0.admin_notes,
        g1_0.approved_at,
        g1_0.approved_by,
        g1_0.average_rating,
        g1_0.bio,
        g1_0.city,
        g1_0.created_at,
        g1_0.daily_rate,
        g1_0.experience_years,
        g1_0.expertise_areas,
        g1_0.hourly_rate,
        g1_0.intro_video_url,
        g1_0.is_approved,
        g1_0.is_available,
        g1_0.is_verified,
        g1_0.languages,
        g1_0.profile_image_url,
        g1_0.rejection_reason,
        g1_0.state,
        g1_0.total_bookings,
        g1_0.total_reviews,
        g1_0.updated_at,
        g1_0.user_id,
        g1_0.verification_documents,
        r1_0.is_active,
        r1_0.last_login,
        r1_0.last_name,
        r1_0.password_hash,
        r1_0.phone,
        r1_0.phone_verified,
        r1_0.profile_image_url,
        r2_0.user_id,
        r2_1.id,
        r2_1.created_at,
        r2_1.description,
        r2_1.name,
        r2_1.updated_at,
        r1_0.updated_at,
        cm1_0.sender_id,
        s1_0.id,
        s1_0.created_at,
        s1_0.email,
        s1_0.email_verified,
        s1_0.first_name,
        g2_0.id,
        g2_0.aadhar_number,
        g2_0.aadhar_verified,
        g2_0.admin_notes,
        g2_0.approved_at,
        g2_0.approved_by,
        g2_0.average_rating,
        g2_0.bio,
        g2_0.city,
        g2_0.created_at,
        g2_0.daily_rate,
        g2_0.experience_years,
        g2_0.expertise_areas,
        g2_0.hourly_rate,
        g2_0.intro_video_url,
        g2_0.is_approved,
        g2_0.is_available,
        g2_0.is_verified,
        g2_0.languages,
        g2_0.profile_image_url,
        g2_0.rejection_reason,
        g2_0.state,
        g2_0.total_bookings,
        g2_0.total_reviews,
        g2_0.updated_at,
        g2_0.user_id,
        g2_0.verification_documents,
        s1_0.is_active,
        s1_0.last_login,
        s1_0.last_name,
        s1_0.password_hash,
        s1_0.phone,
        s1_0.phone_verified,
        s1_0.profile_image_url,
        r3_0.user_id,
        r3_1.id,
        r3_1.created_at,
        r3_1.description,
        r3_1.name,
        r3_1.updated_at,
        s1_0.updated_at,
        cm1_0.timestamp,
        cm1_0.type 
    from
        chat_messages cm1_0 
    left join
        guide_proposals p1_0 
            on p1_0.id=cm1_0.proposal_id 
    left join
        users r1_0 
            on r1_0.id=cm1_0.receiver_id 
    left join
        guides g1_0 
            on r1_0.id=g1_0.user_id 
    left join
        user_roles r2_0 
            on r1_0.id=r2_0.user_id 
    left join
        roles r2_1 
            on r2_1.id=r2_0.role_id 
    left join
        users s1_0 
            on s1_0.id=cm1_0.sender_id 
    left join
        guides g2_0 
            on s1_0.id=g2_0.user_id 
    left join
        user_roles r3_0 
            on s1_0.id=r3_0.user_id 
    left join
        roles r3_1 
            on r3_1.id=r3_0.role_id 
    where
        cm1_0.booking_id=?
2026-04-16 12:29:07 [http-nio-8080-exec-1] DEBUG org.hibernate.SQL - 
    update
        users 
    set
        email=?,
        email_verified=?,
        first_name=?,
        is_active=?,
        last_login=?,
        last_name=?,
        password_hash=?,
        phone=?,
        phone_verified=?,
        profile_image_url=?,
        updated_at=? 
    where
        id=?
2026-04-16 12:29:07 [http-nio-8080-exec-1] INFO  c.t.controller.AuthController - User admin@trailbuddy.com authenticated successfully
2026-04-16 12:29:07 [http-nio-8080-exec-7] DEBUG o.s.security.web.FilterChainProxy - Securing GET /user/profile
2026-04-16 12:29:07 [http-nio-8080-exec-7] DEBUG org.hibernate.SQL - 
    select
        u1_0.id,
        u1_0.created_at,
        u1_0.email,
        u1_0.email_verified,
        u1_0.first_name,
        u1_0.is_active,
        u1_0.last_login,
        u1_0.last_name,
        u1_0.password_hash,
        u1_0.phone,
        u1_0.phone_verified,
        u1_0.profile_image_url,
        u1_0.updated_at 
    from
        users u1_0 
    where
        u1_0.email=? 
        and u1_0.is_active=1
2026-04-16 12:29:07 [http-nio-8080-exec-7] DEBUG org.hibernate.SQL - 
    select
        g1_0.id,
        g1_0.aadhar_number,
        g1_0.aadhar_verified,
        g1_0.admin_notes,
        g1_0.approved_at,
        g1_0.approved_by,
        g1_0.average_rating,
        g1_0.bio,
        g1_0.city,
        g1_0.created_at,
        g1_0.daily_rate,
        g1_0.experience_years,
        g1_0.expertise_areas,
        g1_0.hourly_rate,
        g1_0.intro_video_url,
        g1_0.is_approved,
        g1_0.is_available,
        g1_0.is_verified,
        g1_0.languages,
        g1_0.profile_image_url,
        g1_0.rejection_reason,
        g1_0.state,
        g1_0.total_bookings,
        g1_0.total_reviews,
        g1_0.updated_at,
        g1_0.user_id,
        u1_0.id,
        u1_0.created_at,
        u1_0.email,
        u1_0.email_verified,
        u1_0.first_name,
        u1_0.is_active,
        u1_0.last_login,
        u1_0.last_name,
        u1_0.password_hash,
        u1_0.phone,
        u1_0.phone_verified,
        u1_0.profile_image_url,
        r1_0.user_id,
        r1_1.id,
        r1_1.created_at,
        r1_1.description,
        r1_1.name,
        r1_1.updated_at,
        u1_0.updated_at,
        g1_0.verification_documents 
    from
        guides g1_0 
    join
        users u1_0 
            on u1_0.id=g1_0.user_id 
    left join
        user_roles r1_0 
            on u1_0.id=r1_0.user_id 
    left join
        roles r1_1 
            on r1_1.id=r1_0.role_id 
    where
        g1_0.user_id=?
2026-04-16 12:29:07 [http-nio-8080-exec-7] DEBUG org.hibernate.SQL - 
    select
        r1_0.user_id,
        r1_1.id,
        r1_1.created_at,
        r1_1.description,
        r1_1.name,
        r1_1.updated_at 
    from
        user_roles r1_0 
    join
        roles r1_1 
            on r1_1.id=r1_0.role_id 
    where
        r1_0.user_id=?
2026-04-16 12:29:07 [http-nio-8080-exec-7] DEBUG o.s.security.web.FilterChainProxy - Secured GET /user/profile
2026-04-16 12:29:07 [http-nio-8080-exec-4] DEBUG o.s.security.web.FilterChainProxy - Securing OPTIONS /admin/dashboard
2026-04-16 12:29:07 [http-nio-8080-exec-9] DEBUG o.s.security.web.FilterChainProxy - Securing GET /user/guide-status
2026-04-16 12:29:07 [http-nio-8080-exec-10] DEBUG o.s.security.web.FilterChainProxy - Securing OPTIONS /admin/dashboard
2026-04-16 12:29:07 [http-nio-8080-exec-3] DEBUG o.s.security.web.FilterChainProxy - Securing GET /chat/conversations
2026-04-16 12:29:07 [http-nio-8080-exec-9] DEBUG org.hibernate.SQL - 
    select
        u1_0.id,
        u1_0.created_at,
        u1_0.email,
        u1_0.email_verified,
        u1_0.first_name,
        u1_0.is_active,
        u1_0.last_login,
        u1_0.last_name,
        u1_0.password_hash,
        u1_0.phone,
        u1_0.phone_verified,
        u1_0.profile_image_url,
        u1_0.updated_at 
    from
        users u1_0 
    where
        u1_0.email=? 
        and u1_0.is_active=1
2026-04-16 12:29:07 [http-nio-8080-exec-8] DEBUG o.s.security.web.FilterChainProxy - Securing GET /admin/dashboard
2026-04-16 12:29:07 [http-nio-8080-exec-9] DEBUG org.hibernate.SQL - 
    select
        g1_0.id,
        g1_0.aadhar_number,
        g1_0.aadhar_verified,
        g1_0.admin_notes,
        g1_0.approved_at,
        g1_0.approved_by,
        g1_0.average_rating,
        g1_0.bio,
        g1_0.city,
        g1_0.created_at,
        g1_0.daily_rate,
        g1_0.experience_years,
        g1_0.expertise_areas,
        g1_0.hourly_rate,
        g1_0.intro_video_url,
        g1_0.is_approved,
        g1_0.is_available,
        g1_0.is_verified,
        g1_0.languages,
        g1_0.profile_image_url,
        g1_0.rejection_reason,
        g1_0.state,
        g1_0.total_bookings,
        g1_0.total_reviews,
        g1_0.updated_at,
        g1_0.user_id,
        u1_0.id,
        u1_0.created_at,
        u1_0.email,
        u1_0.email_verified,
        u1_0.first_name,
        u1_0.is_active,
        u1_0.last_login,
        u1_0.last_name,
        u1_0.password_hash,
        u1_0.phone,
        u1_0.phone_verified,
        u1_0.profile_image_url,
        r1_0.user_id,
        r1_1.id,
        r1_1.created_at,
        r1_1.description,
        r1_1.name,
        r1_1.updated_at,
        u1_0.updated_at,
        g1_0.verification_documents 
    from
        guides g1_0 
    join
        users u1_0 
            on u1_0.id=g1_0.user_id 
    left join
        user_roles r1_0 
            on u1_0.id=r1_0.user_id 
    left join
        roles r1_1 
            on r1_1.id=r1_0.role_id 
    where
        g1_0.user_id=?
2026-04-16 12:29:07 [http-nio-8080-exec-3] DEBUG org.hibernate.SQL - 
    select
        u1_0.id,
        u1_0.created_at,
        u1_0.email,
        u1_0.email_verified,
        u1_0.first_name,
        u1_0.is_active,
        u1_0.last_login,
        u1_0.last_name,
        u1_0.password_hash,
        u1_0.phone,
        u1_0.phone_verified,
        u1_0.profile_image_url,
        u1_0.updated_at 
    from
        users u1_0 
    where
        u1_0.email=? 
        and u1_0.is_active=1
2026-04-16 12:29:07 [http-nio-8080-exec-3] DEBUG org.hibernate.SQL - 
    select
        g1_0.id,
        g1_0.aadhar_number,
        g1_0.aadhar_verified,
        g1_0.admin_notes,
        g1_0.approved_at,
        g1_0.approved_by,
        g1_0.average_rating,
        g1_0.bio,
        g1_0.city,
        g1_0.created_at,
        g1_0.daily_rate,
        g1_0.experience_years,
        g1_0.expertise_areas,
        g1_0.hourly_rate,
        g1_0.intro_video_url,
        g1_0.is_approved,
        g1_0.is_available,
        g1_0.is_verified,
        g1_0.languages,
        g1_0.profile_image_url,
        g1_0.rejection_reason,
        g1_0.state,
        g1_0.total_bookings,
        g1_0.total_reviews,
        g1_0.updated_at,
        g1_0.user_id,
        u1_0.id,
        u1_0.created_at,
        u1_0.email,
        u1_0.email_verified,
        u1_0.first_name,
        u1_0.is_active,
        u1_0.last_login,
        u1_0.last_name,
        u1_0.password_hash,
        u1_0.phone,
        u1_0.phone_verified,
        u1_0.profile_image_url,
        r1_0.user_id,
        r1_1.id,
        r1_1.created_at,
        r1_1.description,
        r1_1.name,
        r1_1.updated_at,
        u1_0.updated_at,
        g1_0.verification_documents 
    from
        guides g1_0 
    join
        users u1_0 
            on u1_0.id=g1_0.user_id 
    left join
        user_roles r1_0 
            on u1_0.id=r1_0.user_id 
    left join
        roles r1_1 
            on r1_1.id=r1_0.role_id 
    where
        g1_0.user_id=?
2026-04-16 12:29:07 [http-nio-8080-exec-9] DEBUG org.hibernate.SQL - 
    select
        r1_0.user_id,
        r1_1.id,
        r1_1.created_at,
        r1_1.description,
        r1_1.name,
        r1_1.updated_at 
    from
        user_roles r1_0 
    join
        roles r1_1 
            on r1_1.id=r1_0.role_id 
    where
        r1_0.user_id=?
2026-04-16 12:29:07 [http-nio-8080-exec-8] DEBUG org.hibernate.SQL - 
    select
        u1_0.id,
        u1_0.created_at,
        u1_0.email,
        u1_0.email_verified,
        u1_0.first_name,
        u1_0.is_active,
        u1_0.last_login,
        u1_0.last_name,
        u1_0.password_hash,
        u1_0.phone,
        u1_0.phone_verified,
        u1_0.profile_image_url,
        u1_0.updated_at 
    from
        users u1_0 
    where
        u1_0.email=? 
        and u1_0.is_active=1
2026-04-16 12:29:07 [http-nio-8080-exec-3] DEBUG org.hibernate.SQL - 
    select
        r1_0.user_id,
        r1_1.id,
        r1_1.created_at,
        r1_1.description,
        r1_1.name,
        r1_1.updated_at 
    from
        user_roles r1_0 
    join
        roles r1_1 
            on r1_1.id=r1_0.role_id 
    where
        r1_0.user_id=?
2026-04-16 12:29:07 [http-nio-8080-exec-8] DEBUG org.hibernate.SQL - 
    select
        g1_0.id,
        g1_0.aadhar_number,
        g1_0.aadhar_verified,
        g1_0.admin_notes,
        g1_0.approved_at,
        g1_0.approved_by,
        g1_0.average_rating,
        g1_0.bio,
        g1_0.city,
        g1_0.created_at,
        g1_0.daily_rate,
        g1_0.experience_years,
        g1_0.expertise_areas,
        g1_0.hourly_rate,
        g1_0.intro_video_url,
        g1_0.is_approved,
        g1_0.is_available,
        g1_0.is_verified,
        g1_0.languages,
        g1_0.profile_image_url,
        g1_0.rejection_reason,
        g1_0.state,
        g1_0.total_bookings,
        g1_0.total_reviews,
        g1_0.updated_at,
        g1_0.user_id,
        u1_0.id,
        u1_0.created_at,
        u1_0.email,
        u1_0.email_verified,
        u1_0.first_name,
        u1_0.is_active,
        u1_0.last_login,
        u1_0.last_name,
        u1_0.password_hash,
        u1_0.phone,
        u1_0.phone_verified,
        u1_0.profile_image_url,
        r1_0.user_id,
        r1_1.id,
        r1_1.created_at,
        r1_1.description,
        r1_1.name,
        r1_1.updated_at,
        u1_0.updated_at,
        g1_0.verification_documents 
    from
        guides g1_0 
    join
        users u1_0 
            on u1_0.id=g1_0.user_id 
    left join
        user_roles r1_0 
            on u1_0.id=r1_0.user_id 
    left join
        roles r1_1 
            on r1_1.id=r1_0.role_id 
    where
        g1_0.user_id=?
2026-04-16 12:29:07 [http-nio-8080-exec-9] DEBUG o.s.security.web.FilterChainProxy - Secured GET /user/guide-status
2026-04-16 12:29:07 [http-nio-8080-exec-8] DEBUG org.hibernate.SQL - 
    select
        r1_0.user_id,
        r1_1.id,
        r1_1.created_at,
        r1_1.description,
        r1_1.name,
        r1_1.updated_at 
    from
        user_roles r1_0 
    join
        roles r1_1 
            on r1_1.id=r1_0.role_id 
    where
        r1_0.user_id=?
2026-04-16 12:29:07 [http-nio-8080-exec-9] DEBUG org.hibernate.SQL - 
    select
        g1_0.id,
        g1_0.aadhar_number,
        g1_0.aadhar_verified,
        g1_0.admin_notes,
        g1_0.approved_at,
        g1_0.approved_by,
        g1_0.average_rating,
        g1_0.bio,
        g1_0.city,
        g1_0.created_at,
        g1_0.daily_rate,
        g1_0.experience_years,
        g1_0.expertise_areas,
        g1_0.hourly_rate,
        g1_0.intro_video_url,
        g1_0.is_approved,
        g1_0.is_available,
        g1_0.is_verified,
        g1_0.languages,
        g1_0.profile_image_url,
        g1_0.rejection_reason,
        g1_0.state,
        g1_0.total_bookings,
        g1_0.total_reviews,
        g1_0.updated_at,
        g1_0.user_id,
        g1_0.verification_documents 
    from
        guides g1_0 
    where
        g1_0.user_id=?
2026-04-16 12:29:07 [http-nio-8080-exec-3] DEBUG o.s.security.web.FilterChainProxy - Secured GET /chat/conversations
2026-04-16 12:29:07 [http-nio-8080-exec-3] INFO  c.t.controller.ChatController - Getting conversations for user
2026-04-16 12:29:07 [http-nio-8080-exec-3] DEBUG org.hibernate.SQL - 
    select
        distinct r1_0.id,
        r1_0.created_at,
        r1_0.email,
        r1_0.email_verified,
        r1_0.first_name,
        r1_0.is_active,
        r1_0.last_login,
        r1_0.last_name,
        r1_0.password_hash,
        r1_0.phone,
        r1_0.phone_verified,
        r1_0.profile_image_url,
        r1_0.updated_at 
    from
        chat_messages cm1_0 
    join
        users r1_0 
            on r1_0.id=cm1_0.receiver_id 
    where
        cm1_0.sender_id=?
2026-04-16 12:29:07 [http-nio-8080-exec-8] DEBUG o.s.security.web.FilterChainProxy - Secured GET /admin/dashboard
2026-04-16 12:29:07 [http-nio-8080-exec-9] DEBUG org.hibernate.SQL - 
    select
        g1_0.id,
        g1_0.aadhar_number,
        g1_0.aadhar_verified,
        g1_0.admin_notes,
        g1_0.approved_at,
        g1_0.approved_by,
        g1_0.average_rating,
        g1_0.bio,
        g1_0.city,
        g1_0.created_at,
        g1_0.daily_rate,
        g1_0.experience_years,
        g1_0.expertise_areas,
        g1_0.hourly_rate,
        g1_0.intro_video_url,
        g1_0.is_approved,
        g1_0.is_available,
        g1_0.is_verified,
        g1_0.languages,
        g1_0.profile_image_url,
        g1_0.rejection_reason,
        g1_0.state,
        g1_0.total_bookings,
        g1_0.total_reviews,
        g1_0.updated_at,
        g1_0.user_id,
        g1_0.verification_documents 
    from
        guides g1_0 
    join
        users u1_0 
            on u1_0.id=g1_0.user_id 
    where
        lower(trim(BOTH from u1_0.first_name))=lower(trim(BOTH from ?)) 
        and lower(trim(BOTH from u1_0.last_name))=lower(trim(BOTH from ?))
2026-04-16 12:29:07 [http-nio-8080-exec-3] DEBUG org.hibernate.SQL - 
    select
        distinct s1_0.id,
        s1_0.created_at,
        s1_0.email,
        s1_0.email_verified,
        s1_0.first_name,
        s1_0.is_active,
        s1_0.last_login,
        s1_0.last_name,
        s1_0.password_hash,
        s1_0.phone,
        s1_0.phone_verified,
        s1_0.profile_image_url,
        s1_0.updated_at 
    from
        chat_messages cm1_0 
    join
        users s1_0 
            on s1_0.id=cm1_0.sender_id 
    where
        cm1_0.receiver_id=?
2026-04-16 12:29:07 [http-nio-8080-exec-8] DEBUG o.s.s.a.m.AuthorizationManagerBeforeMethodInterceptor - Authorizing method invocation ReflectiveMethodInvocation: public org.springframework.http.ResponseEntity com.trailbuddy.controller.AdminController.getDashboard(); target is of class [com.trailbuddy.controller.AdminController]
2026-04-16 12:29:07 [http-nio-8080-exec-8] DEBUG o.s.s.a.m.AuthorizationManagerBeforeMethodInterceptor - Authorized method invocation ReflectiveMethodInvocation: public org.springframework.http.ResponseEntity com.trailbuddy.controller.AdminController.getDashboard(); target is of class [com.trailbuddy.controller.AdminController]
2026-04-16 12:29:07 [http-nio-8080-exec-6] DEBUG o.s.security.web.FilterChainProxy - Securing GET /chat/conversations
2026-04-16 12:29:07 [http-nio-8080-exec-2] DEBUG o.s.security.web.FilterChainProxy - Securing GET /user/guide-status
2026-04-16 12:29:07 [http-nio-8080-exec-6] DEBUG org.hibernate.SQL - 
    select
        u1_0.id,
        u1_0.created_at,
        u1_0.email,
        u1_0.email_verified,
        u1_0.first_name,
        u1_0.is_active,
        u1_0.last_login,
        u1_0.last_name,
        u1_0.password_hash,
        u1_0.phone,
        u1_0.phone_verified,
        u1_0.profile_image_url,
        u1_0.updated_at 
    from
        users u1_0 
    where
        u1_0.email=? 
        and u1_0.is_active=1
2026-04-16 12:29:07 [http-nio-8080-exec-2] DEBUG org.hibernate.SQL - 
    select
        u1_0.id,
        u1_0.created_at,
        u1_0.email,
        u1_0.email_verified,
        u1_0.first_name,
        u1_0.is_active,
        u1_0.last_login,
        u1_0.last_name,
        u1_0.password_hash,
        u1_0.phone,
        u1_0.phone_verified,
        u1_0.profile_image_url,
        u1_0.updated_at 
    from
        users u1_0 
    where
        u1_0.email=? 
        and u1_0.is_active=1
2026-04-16 12:29:07 [http-nio-8080-exec-8] DEBUG org.hibernate.SQL - 
    select
        count(u1_0.id) 
    from
        users u1_0 
    where
        u1_0.is_active=1
2026-04-16 12:29:07 [http-nio-8080-exec-6] DEBUG org.hibernate.SQL - 
    select
        g1_0.id,
        g1_0.aadhar_number,
        g1_0.aadhar_verified,
        g1_0.admin_notes,
        g1_0.approved_at,
        g1_0.approved_by,
        g1_0.average_rating,
        g1_0.bio,
        g1_0.city,
        g1_0.created_at,
        g1_0.daily_rate,
        g1_0.experience_years,
        g1_0.expertise_areas,
        g1_0.hourly_rate,
        g1_0.intro_video_url,
        g1_0.is_approved,
        g1_0.is_available,
        g1_0.is_verified,
        g1_0.languages,
        g1_0.profile_image_url,
        g1_0.rejection_reason,
        g1_0.state,
        g1_0.total_bookings,
        g1_0.total_reviews,
        g1_0.updated_at,
        g1_0.user_id,
        u1_0.id,
        u1_0.created_at,
        u1_0.email,
        u1_0.email_verified,
        u1_0.first_name,
        u1_0.is_active,
        u1_0.last_login,
        u1_0.last_name,
        u1_0.password_hash,
        u1_0.phone,
        u1_0.phone_verified,
        u1_0.profile_image_url,
        r1_0.user_id,
        r1_1.id,
        r1_1.created_at,
        r1_1.description,
        r1_1.name,
        r1_1.updated_at,
        u1_0.updated_at,
        g1_0.verification_documents 
    from
        guides g1_0 
    join
        users u1_0 
            on u1_0.id=g1_0.user_id 
    left join
        user_roles r1_0 
            on u1_0.id=r1_0.user_id 
    left join
        roles r1_1 
            on r1_1.id=r1_0.role_id 
    where
        g1_0.user_id=?
2026-04-16 12:29:07 [http-nio-8080-exec-2] DEBUG org.hibernate.SQL - 
    select
        g1_0.id,
        g1_0.aadhar_number,
        g1_0.aadhar_verified,
        g1_0.admin_notes,
        g1_0.approved_at,
        g1_0.approved_by,
        g1_0.average_rating,
        g1_0.bio,
        g1_0.city,
        g1_0.created_at,
        g1_0.daily_rate,
        g1_0.experience_years,
        g1_0.expertise_areas,
        g1_0.hourly_rate,
        g1_0.intro_video_url,
        g1_0.is_approved,
        g1_0.is_available,
        g1_0.is_verified,
        g1_0.languages,
        g1_0.profile_image_url,
        g1_0.rejection_reason,
        g1_0.state,
        g1_0.total_bookings,
        g1_0.total_reviews,
        g1_0.updated_at,
        g1_0.user_id,
        u1_0.id,
        u1_0.created_at,
        u1_0.email,
        u1_0.email_verified,
        u1_0.first_name,
        u1_0.is_active,
        u1_0.last_login,
        u1_0.last_name,
        u1_0.password_hash,
        u1_0.phone,
        u1_0.phone_verified,
        u1_0.profile_image_url,
        r1_0.user_id,
        r1_1.id,
        r1_1.created_at,
        r1_1.description,
        r1_1.name,
        r1_1.updated_at,
        u1_0.updated_at,
        g1_0.verification_documents 
    from
        guides g1_0 
    join
        users u1_0 
            on u1_0.id=g1_0.user_id 
    left join
        user_roles r1_0 
            on u1_0.id=r1_0.user_id 
    left join
        roles r1_1 
            on r1_1.id=r1_0.role_id 
    where
        g1_0.user_id=?
2026-04-16 12:29:07 [http-nio-8080-exec-6] DEBUG org.hibernate.SQL - 
    select
        r1_0.user_id,
        r1_1.id,
        r1_1.created_at,
        r1_1.description,
        r1_1.name,
        r1_1.updated_at 
    from
        user_roles r1_0 
    join
        roles r1_1 
            on r1_1.id=r1_0.role_id 
    where
        r1_0.user_id=?
2026-04-16 12:29:07 [http-nio-8080-exec-2] DEBUG org.hibernate.SQL - 
    select
        r1_0.user_id,
        r1_1.id,
        r1_1.created_at,
        r1_1.description,
        r1_1.name,
        r1_1.updated_at 
    from
        user_roles r1_0 
    join
        roles r1_1 
            on r1_1.id=r1_0.role_id 
    where
        r1_0.user_id=?
2026-04-16 12:29:07 [http-nio-8080-exec-8] DEBUG org.hibernate.SQL - 
    select
        count(u1_0.id) 
    from
        users u1_0 
    join
        user_roles r1_0 
            on u1_0.id=r1_0.user_id 
    join
        roles r1_1 
            on r1_1.id=r1_0.role_id 
    where
        r1_1.name='GUIDE' 
        and u1_0.is_active=1
2026-04-16 12:29:07 [http-nio-8080-exec-6] DEBUG o.s.security.web.FilterChainProxy - Secured GET /chat/conversations
2026-04-16 12:29:07 [http-nio-8080-exec-2] DEBUG o.s.security.web.FilterChainProxy - Secured GET /user/guide-status
2026-04-16 12:29:07 [http-nio-8080-exec-6] INFO  c.t.controller.ChatController - Getting conversations for user
2026-04-16 12:29:07 [http-nio-8080-exec-6] DEBUG org.hibernate.SQL - 
    select
        distinct r1_0.id,
        r1_0.created_at,
        r1_0.email,
        r1_0.email_verified,
        r1_0.first_name,
        r1_0.is_active,
        r1_0.last_login,
        r1_0.last_name,
        r1_0.password_hash,
        r1_0.phone,
        r1_0.phone_verified,
        r1_0.profile_image_url,
        r1_0.updated_at 
    from
        chat_messages cm1_0 
    join
        users r1_0 
            on r1_0.id=cm1_0.receiver_id 
    where
        cm1_0.sender_id=?
2026-04-16 12:29:07 [http-nio-8080-exec-2] DEBUG org.hibernate.SQL - 
    select
        g1_0.id,
        g1_0.aadhar_number,
        g1_0.aadhar_verified,
        g1_0.admin_notes,
        g1_0.approved_at,
        g1_0.approved_by,
        g1_0.average_rating,
        g1_0.bio,
        g1_0.city,
        g1_0.created_at,
        g1_0.daily_rate,
        g1_0.experience_years,
        g1_0.expertise_areas,
        g1_0.hourly_rate,
        g1_0.intro_video_url,
        g1_0.is_approved,
        g1_0.is_available,
        g1_0.is_verified,
        g1_0.languages,
        g1_0.profile_image_url,
        g1_0.rejection_reason,
        g1_0.state,
        g1_0.total_bookings,
        g1_0.total_reviews,
        g1_0.updated_at,
        g1_0.user_id,
        g1_0.verification_documents 
    from
        guides g1_0 
    where
        g1_0.user_id=?
2026-04-16 12:29:07 [http-nio-8080-exec-6] DEBUG org.hibernate.SQL - 
    select
        distinct s1_0.id,
        s1_0.created_at,
        s1_0.email,
        s1_0.email_verified,
        s1_0.first_name,
        s1_0.is_active,
        s1_0.last_login,
        s1_0.last_name,
        s1_0.password_hash,
        s1_0.phone,
        s1_0.phone_verified,
        s1_0.profile_image_url,
        s1_0.updated_at 
    from
        chat_messages cm1_0 
    join
        users s1_0 
            on s1_0.id=cm1_0.sender_id 
    where
        cm1_0.receiver_id=?
2026-04-16 12:29:07 [http-nio-8080-exec-2] DEBUG org.hibernate.SQL - 
    select
        g1_0.id,
        g1_0.aadhar_number,
        g1_0.aadhar_verified,
        g1_0.admin_notes,
        g1_0.approved_at,
        g1_0.approved_by,
        g1_0.average_rating,
        g1_0.bio,
        g1_0.city,
        g1_0.created_at,
        g1_0.daily_rate,
        g1_0.experience_years,
        g1_0.expertise_areas,
        g1_0.hourly_rate,
        g1_0.intro_video_url,
        g1_0.is_approved,
        g1_0.is_available,
        g1_0.is_verified,
        g1_0.languages,
        g1_0.profile_image_url,
        g1_0.rejection_reason,
        g1_0.state,
        g1_0.total_bookings,
        g1_0.total_reviews,
        g1_0.updated_at,
        g1_0.user_id,
        g1_0.verification_documents 
    from
        guides g1_0 
    join
        users u1_0 
            on u1_0.id=g1_0.user_id 
    where
        lower(trim(BOTH from u1_0.first_name))=lower(trim(BOTH from ?)) 
        and lower(trim(BOTH from u1_0.last_name))=lower(trim(BOTH from ?))
2026-04-16 12:29:07 [http-nio-8080-exec-8] DEBUG org.hibernate.SQL - 
    select
        count(*) 
    from
        bookings b1_0
2026-04-16 12:29:07 [http-nio-8080-exec-8] DEBUG org.hibernate.SQL - 
    select
        p1_0.id,
        p1_0.amount,
        p1_0.booking_id,
        p1_0.created_at,
        p1_0.currency,
        p1_0.payment_date,
        p1_0.payment_method,
        p1_0.payment_status,
        p1_0.razorpay_order_id,
        p1_0.razorpay_payment_id,
        p1_0.razorpay_signature,
        p1_0.refund_amount,
        p1_0.refund_id,
        p1_0.refunded_at,
        p1_0.updated_at,
        p1_0.user_id 
    from
        payments p1_0
2026-04-16 12:29:07 [http-nio-8080-exec-5] DEBUG o.s.security.web.FilterChainProxy - Securing GET /admin/dashboard
2026-04-16 12:29:07 [http-nio-8080-exec-5] DEBUG org.hibernate.SQL - 
    select
        u1_0.id,
        u1_0.created_at,
        u1_0.email,
        u1_0.email_verified,
        u1_0.first_name,
        u1_0.is_active,
        u1_0.last_login,
        u1_0.last_name,
        u1_0.password_hash,
        u1_0.phone,
        u1_0.phone_verified,
        u1_0.profile_image_url,
        u1_0.updated_at 
    from
        users u1_0 
    where
        u1_0.email=? 
        and u1_0.is_active=1
2026-04-16 12:29:07 [http-nio-8080-exec-5] DEBUG org.hibernate.SQL - 
    select
        g1_0.id,
        g1_0.aadhar_number,
        g1_0.aadhar_verified,
        g1_0.admin_notes,
        g1_0.approved_at,
        g1_0.approved_by,
        g1_0.average_rating,
        g1_0.bio,
        g1_0.city,
        g1_0.created_at,
        g1_0.daily_rate,
        g1_0.experience_years,
        g1_0.expertise_areas,
        g1_0.hourly_rate,
        g1_0.intro_video_url,
        g1_0.is_approved,
        g1_0.is_available,
        g1_0.is_verified,
        g1_0.languages,
        g1_0.profile_image_url,
        g1_0.rejection_reason,
        g1_0.state,
        g1_0.total_bookings,
        g1_0.total_reviews,
        g1_0.updated_at,
        g1_0.user_id,
        u1_0.id,
        u1_0.created_at,
        u1_0.email,
        u1_0.email_verified,
        u1_0.first_name,
        u1_0.is_active,
        u1_0.last_login,
        u1_0.last_name,
        u1_0.password_hash,
        u1_0.phone,
        u1_0.phone_verified,
        u1_0.profile_image_url,
        r1_0.user_id,
        r1_1.id,
        r1_1.created_at,
        r1_1.description,
        r1_1.name,
        r1_1.updated_at,
        u1_0.updated_at,
        g1_0.verification_documents 
    from
        guides g1_0 
    join
        users u1_0 
            on u1_0.id=g1_0.user_id 
    left join
        user_roles r1_0 
            on u1_0.id=r1_0.user_id 
    left join
        roles r1_1 
            on r1_1.id=r1_0.role_id 
    where
        g1_0.user_id=?
2026-04-16 12:29:07 [http-nio-8080-exec-5] DEBUG org.hibernate.SQL - 
    select
        r1_0.user_id,
        r1_1.id,
        r1_1.created_at,
        r1_1.description,
        r1_1.name,
        r1_1.updated_at 
    from
        user_roles r1_0 
    join
        roles r1_1 
            on r1_1.id=r1_0.role_id 
    where
        r1_0.user_id=?
2026-04-16 12:29:07 [http-nio-8080-exec-5] DEBUG o.s.security.web.FilterChainProxy - Secured GET /admin/dashboard
2026-04-16 12:29:07 [http-nio-8080-exec-5] DEBUG o.s.s.a.m.AuthorizationManagerBeforeMethodInterceptor - Authorizing method invocation ReflectiveMethodInvocation: public org.springframework.http.ResponseEntity com.trailbuddy.controller.AdminController.getDashboard(); target is of class [com.trailbuddy.controller.AdminController]
2026-04-16 12:29:07 [http-nio-8080-exec-5] DEBUG o.s.s.a.m.AuthorizationManagerBeforeMethodInterceptor - Authorized method invocation ReflectiveMethodInvocation: public org.springframework.http.ResponseEntity com.trailbuddy.controller.AdminController.getDashboard(); target is of class [com.trailbuddy.controller.AdminController]
2026-04-16 12:29:07 [http-nio-8080-exec-5] DEBUG org.hibernate.SQL - 
    select
        count(u1_0.id) 
    from
        users u1_0 
    where
        u1_0.is_active=1
2026-04-16 12:29:07 [http-nio-8080-exec-5] DEBUG org.hibernate.SQL - 
    select
        count(u1_0.id) 
    from
        users u1_0 
    join
        user_roles r1_0 
            on u1_0.id=r1_0.user_id 
    join
        roles r1_1 
            on r1_1.id=r1_0.role_id 
    where
        r1_1.name='GUIDE' 
        and u1_0.is_active=1
2026-04-16 12:29:07 [http-nio-8080-exec-5] DEBUG org.hibernate.SQL - 
    select
        count(*) 
    from
        bookings b1_0
2026-04-16 12:29:07 [http-nio-8080-exec-5] DEBUG org.hibernate.SQL - 
    select
        p1_0.id,
        p1_0.amount,
        p1_0.booking_id,
        p1_0.created_at,
        p1_0.currency,
        p1_0.payment_date,
        p1_0.payment_method,
        p1_0.payment_status,
        p1_0.razorpay_order_id,
        p1_0.razorpay_payment_id,
        p1_0.razorpay_signature,
        p1_0.refund_amount,
        p1_0.refund_id,
        p1_0.refunded_at,
        p1_0.updated_at,
        p1_0.user_id 
    from
        payments p1_0
2026-04-16 12:29:09 [http-nio-8080-exec-1] DEBUG o.s.security.web.FilterChainProxy - Securing OPTIONS /admin/guides?page=0&size=20
2026-04-16 12:29:09 [http-nio-8080-exec-7] DEBUG o.s.security.web.FilterChainProxy - Securing GET /admin/dashboard
2026-04-16 12:29:09 [http-nio-8080-exec-4] DEBUG o.s.security.web.FilterChainProxy - Securing OPTIONS /admin/guides/pending
2026-04-16 12:29:09 [http-nio-8080-exec-10] DEBUG o.s.security.web.FilterChainProxy - Securing OPTIONS /admin/bookings?page=0&size=200
2026-04-16 12:29:09 [http-nio-8080-exec-7] DEBUG org.hibernate.SQL - 
    select
        u1_0.id,
        u1_0.created_at,
        u1_0.email,
        u1_0.email_verified,
        u1_0.first_name,
        u1_0.is_active,
        u1_0.last_login,
        u1_0.last_name,
        u1_0.password_hash,
        u1_0.phone,
        u1_0.phone_verified,
        u1_0.profile_image_url,
        u1_0.updated_at 
    from
        users u1_0 
    where
        u1_0.email=? 
        and u1_0.is_active=1
2026-04-16 12:29:09 [http-nio-8080-exec-6] DEBUG o.s.security.web.FilterChainProxy - Securing GET /admin/bookings?page=0&size=200
2026-04-16 12:29:09 [http-nio-8080-exec-9] DEBUG o.s.security.web.FilterChainProxy - Securing GET /admin/guides/pending
2026-04-16 12:29:09 [http-nio-8080-exec-3] DEBUG o.s.security.web.FilterChainProxy - Securing GET /admin/guides?page=0&size=20
2026-04-16 12:29:09 [http-nio-8080-exec-7] DEBUG org.hibernate.SQL - 
    select
        g1_0.id,
        g1_0.aadhar_number,
        g1_0.aadhar_verified,
        g1_0.admin_notes,
        g1_0.approved_at,
        g1_0.approved_by,
        g1_0.average_rating,
        g1_0.bio,
        g1_0.city,
        g1_0.created_at,
        g1_0.daily_rate,
        g1_0.experience_years,
        g1_0.expertise_areas,
        g1_0.hourly_rate,
        g1_0.intro_video_url,
        g1_0.is_approved,
        g1_0.is_available,
        g1_0.is_verified,
        g1_0.languages,
        g1_0.profile_image_url,
        g1_0.rejection_reason,
        g1_0.state,
        g1_0.total_bookings,
        g1_0.total_reviews,
        g1_0.updated_at,
        g1_0.user_id,
        u1_0.id,
        u1_0.created_at,
        u1_0.email,
        u1_0.email_verified,
        u1_0.first_name,
        u1_0.is_active,
        u1_0.last_login,
        u1_0.last_name,
        u1_0.password_hash,
        u1_0.phone,
        u1_0.phone_verified,
        u1_0.profile_image_url,
        r1_0.user_id,
        r1_1.id,
        r1_1.created_at,
        r1_1.description,
        r1_1.name,
        r1_1.updated_at,
        u1_0.updated_at,
        g1_0.verification_documents 
    from
        guides g1_0 
    join
        users u1_0 
            on u1_0.id=g1_0.user_id 
    left join
        user_roles r1_0 
            on u1_0.id=r1_0.user_id 
    left join
        roles r1_1 
            on r1_1.id=r1_0.role_id 
    where
        g1_0.user_id=?
2026-04-16 12:29:09 [http-nio-8080-exec-9] DEBUG org.hibernate.SQL - 
    select
        u1_0.id,
        u1_0.created_at,
        u1_0.email,
        u1_0.email_verified,
        u1_0.first_name,
        u1_0.is_active,
        u1_0.last_login,
        u1_0.last_name,
        u1_0.password_hash,
        u1_0.phone,
        u1_0.phone_verified,
        u1_0.profile_image_url,
        u1_0.updated_at 
    from
        users u1_0 
    where
        u1_0.email=? 
        and u1_0.is_active=1
2026-04-16 12:29:09 [http-nio-8080-exec-6] DEBUG org.hibernate.SQL - 
    select
        u1_0.id,
        u1_0.created_at,
        u1_0.email,
        u1_0.email_verified,
        u1_0.first_name,
        u1_0.is_active,
        u1_0.last_login,
        u1_0.last_name,
        u1_0.password_hash,
        u1_0.phone,
        u1_0.phone_verified,
        u1_0.profile_image_url,
        u1_0.updated_at 
    from
        users u1_0 
    where
        u1_0.email=? 
        and u1_0.is_active=1
2026-04-16 12:29:09 [http-nio-8080-exec-3] DEBUG org.hibernate.SQL - 
    select
        u1_0.id,
        u1_0.created_at,
        u1_0.email,
        u1_0.email_verified,
        u1_0.first_name,
        u1_0.is_active,
        u1_0.last_login,
        u1_0.last_name,
        u1_0.password_hash,
        u1_0.phone,
        u1_0.phone_verified,
        u1_0.profile_image_url,
        u1_0.updated_at 
    from
        users u1_0 
    where
        u1_0.email=? 
        and u1_0.is_active=1
2026-04-16 12:29:09 [http-nio-8080-exec-7] DEBUG org.hibernate.SQL - 
    select
        r1_0.user_id,
        r1_1.id,
        r1_1.created_at,
        r1_1.description,
        r1_1.name,
        r1_1.updated_at 
    from
        user_roles r1_0 
    join
        roles r1_1 
            on r1_1.id=r1_0.role_id 
    where
        r1_0.user_id=?
2026-04-16 12:29:09 [http-nio-8080-exec-6] DEBUG org.hibernate.SQL - 
    select
        g1_0.id,
        g1_0.aadhar_number,
        g1_0.aadhar_verified,
        g1_0.admin_notes,
        g1_0.approved_at,
        g1_0.approved_by,
        g1_0.average_rating,
        g1_0.bio,
        g1_0.city,
        g1_0.created_at,
        g1_0.daily_rate,
        g1_0.experience_years,
        g1_0.expertise_areas,
        g1_0.hourly_rate,
        g1_0.intro_video_url,
        g1_0.is_approved,
        g1_0.is_available,
        g1_0.is_verified,
        g1_0.languages,
        g1_0.profile_image_url,
        g1_0.rejection_reason,
        g1_0.state,
        g1_0.total_bookings,
        g1_0.total_reviews,
        g1_0.updated_at,
        g1_0.user_id,
        u1_0.id,
        u1_0.created_at,
        u1_0.email,
        u1_0.email_verified,
        u1_0.first_name,
        u1_0.is_active,
        u1_0.last_login,
        u1_0.last_name,
        u1_0.password_hash,
        u1_0.phone,
        u1_0.phone_verified,
        u1_0.profile_image_url,
        r1_0.user_id,
        r1_1.id,
        r1_1.created_at,
        r1_1.description,
        r1_1.name,
        r1_1.updated_at,
        u1_0.updated_at,
        g1_0.verification_documents 
    from
        guides g1_0 
    join
        users u1_0 
            on u1_0.id=g1_0.user_id 
    left join
        user_roles r1_0 
            on u1_0.id=r1_0.user_id 
    left join
        roles r1_1 
            on r1_1.id=r1_0.role_id 
    where
        g1_0.user_id=?
2026-04-16 12:29:09 [http-nio-8080-exec-9] DEBUG org.hibernate.SQL - 
    select
        g1_0.id,
        g1_0.aadhar_number,
        g1_0.aadhar_verified,
        g1_0.admin_notes,
        g1_0.approved_at,
        g1_0.approved_by,
        g1_0.average_rating,
        g1_0.bio,
        g1_0.city,
        g1_0.created_at,
        g1_0.daily_rate,
        g1_0.experience_years,
        g1_0.expertise_areas,
        g1_0.hourly_rate,
        g1_0.intro_video_url,
        g1_0.is_approved,
        g1_0.is_available,
        g1_0.is_verified,
        g1_0.languages,
        g1_0.profile_image_url,
        g1_0.rejection_reason,
        g1_0.state,
        g1_0.total_bookings,
        g1_0.total_reviews,
        g1_0.updated_at,
        g1_0.user_id,
        u1_0.id,
        u1_0.created_at,
        u1_0.email,
        u1_0.email_verified,
        u1_0.first_name,
        u1_0.is_active,
        u1_0.last_login,
        u1_0.last_name,
        u1_0.password_hash,
        u1_0.phone,
        u1_0.phone_verified,
        u1_0.profile_image_url,
        r1_0.user_id,
        r1_1.id,
        r1_1.created_at,
        r1_1.description,
        r1_1.name,
        r1_1.updated_at,
        u1_0.updated_at,
        g1_0.verification_documents 
    from
        guides g1_0 
    join
        users u1_0 
            on u1_0.id=g1_0.user_id 
    left join
        user_roles r1_0 
            on u1_0.id=r1_0.user_id 
    left join
        roles r1_1 
            on r1_1.id=r1_0.role_id 
    where
        g1_0.user_id=?
2026-04-16 12:29:09 [http-nio-8080-exec-3] DEBUG org.hibernate.SQL - 
    select
        g1_0.id,
        g1_0.aadhar_number,
        g1_0.aadhar_verified,
        g1_0.admin_notes,
        g1_0.approved_at,
        g1_0.approved_by,
        g1_0.average_rating,
        g1_0.bio,
        g1_0.city,
        g1_0.created_at,
        g1_0.daily_rate,
        g1_0.experience_years,
        g1_0.expertise_areas,
        g1_0.hourly_rate,
        g1_0.intro_video_url,
        g1_0.is_approved,
        g1_0.is_available,
        g1_0.is_verified,
        g1_0.languages,
        g1_0.profile_image_url,
        g1_0.rejection_reason,
        g1_0.state,
        g1_0.total_bookings,
        g1_0.total_reviews,
        g1_0.updated_at,
        g1_0.user_id,
        u1_0.id,
        u1_0.created_at,
        u1_0.email,
        u1_0.email_verified,
        u1_0.first_name,
        u1_0.is_active,
        u1_0.last_login,
        u1_0.last_name,
        u1_0.password_hash,
        u1_0.phone,
        u1_0.phone_verified,
        u1_0.profile_image_url,
        r1_0.user_id,
        r1_1.id,
        r1_1.created_at,
        r1_1.description,
        r1_1.name,
        r1_1.updated_at,
        u1_0.updated_at,
        g1_0.verification_documents 
    from
        guides g1_0 
    join
        users u1_0 
            on u1_0.id=g1_0.user_id 
    left join
        user_roles r1_0 
            on u1_0.id=r1_0.user_id 
    left join
        roles r1_1 
            on r1_1.id=r1_0.role_id 
    where
        g1_0.user_id=?
2026-04-16 12:29:09 [http-nio-8080-exec-7] DEBUG o.s.security.web.FilterChainProxy - Secured GET /admin/dashboard
2026-04-16 12:29:09 [http-nio-8080-exec-6] DEBUG org.hibernate.SQL - 
    select
        r1_0.user_id,
        r1_1.id,
        r1_1.created_at,
        r1_1.description,
        r1_1.name,
        r1_1.updated_at 
    from
        user_roles r1_0 
    join
        roles r1_1 
            on r1_1.id=r1_0.role_id 
    where
        r1_0.user_id=?
2026-04-16 12:29:09 [http-nio-8080-exec-9] DEBUG org.hibernate.SQL - 
    select
        r1_0.user_id,
        r1_1.id,
        r1_1.created_at,
        r1_1.description,
        r1_1.name,
        r1_1.updated_at 
    from
        user_roles r1_0 
    join
        roles r1_1 
            on r1_1.id=r1_0.role_id 
    where
        r1_0.user_id=?
2026-04-16 12:29:09 [http-nio-8080-exec-3] DEBUG org.hibernate.SQL - 
    select
        r1_0.user_id,
        r1_1.id,
        r1_1.created_at,
        r1_1.description,
        r1_1.name,
        r1_1.updated_at 
    from
        user_roles r1_0 
    join
        roles r1_1 
            on r1_1.id=r1_0.role_id 
    where
        r1_0.user_id=?
2026-04-16 12:29:09 [http-nio-8080-exec-7] DEBUG o.s.s.a.m.AuthorizationManagerBeforeMethodInterceptor - Authorizing method invocation ReflectiveMethodInvocation: public org.springframework.http.ResponseEntity com.trailbuddy.controller.AdminController.getDashboard(); target is of class [com.trailbuddy.controller.AdminController]
2026-04-16 12:29:09 [http-nio-8080-exec-7] DEBUG o.s.s.a.m.AuthorizationManagerBeforeMethodInterceptor - Authorized method invocation ReflectiveMethodInvocation: public org.springframework.http.ResponseEntity com.trailbuddy.controller.AdminController.getDashboard(); target is of class [com.trailbuddy.controller.AdminController]
2026-04-16 12:29:09 [http-nio-8080-exec-7] DEBUG org.hibernate.SQL - 
    select
        count(u1_0.id) 
    from
        users u1_0 
    where
        u1_0.is_active=1
2026-04-16 12:29:09 [http-nio-8080-exec-9] DEBUG o.s.security.web.FilterChainProxy - Secured GET /admin/guides/pending
2026-04-16 12:29:09 [http-nio-8080-exec-3] DEBUG o.s.security.web.FilterChainProxy - Secured GET /admin/guides?page=0&size=20
2026-04-16 12:29:09 [http-nio-8080-exec-6] DEBUG o.s.security.web.FilterChainProxy - Secured GET /admin/bookings?page=0&size=200
2026-04-16 12:29:09 [http-nio-8080-exec-9] DEBUG o.s.s.a.m.AuthorizationManagerBeforeMethodInterceptor - Authorizing method invocation ReflectiveMethodInvocation: public org.springframework.http.ResponseEntity com.trailbuddy.controller.AdminController.getPendingGuides(); target is of class [com.trailbuddy.controller.AdminController]
2026-04-16 12:29:09 [http-nio-8080-exec-9] DEBUG o.s.s.a.m.AuthorizationManagerBeforeMethodInterceptor - Authorized method invocation ReflectiveMethodInvocation: public org.springframework.http.ResponseEntity com.trailbuddy.controller.AdminController.getPendingGuides(); target is of class [com.trailbuddy.controller.AdminController]
2026-04-16 12:29:09 [http-nio-8080-exec-7] DEBUG org.hibernate.SQL - 
    select
        count(u1_0.id) 
    from
        users u1_0 
    join
        user_roles r1_0 
            on u1_0.id=r1_0.user_id 
    join
        roles r1_1 
            on r1_1.id=r1_0.role_id 
    where
        r1_1.name='GUIDE' 
        and u1_0.is_active=1
2026-04-16 12:29:09 [http-nio-8080-exec-3] DEBUG o.s.s.a.m.AuthorizationManagerBeforeMethodInterceptor - Authorizing method invocation ReflectiveMethodInvocation: public org.springframework.http.ResponseEntity com.trailbuddy.controller.AdminController.getGuides(int,int); target is of class [com.trailbuddy.controller.AdminController]
2026-04-16 12:29:09 [http-nio-8080-exec-6] DEBUG o.s.s.a.m.AuthorizationManagerBeforeMethodInterceptor - Authorizing method invocation ReflectiveMethodInvocation: public org.springframework.http.ResponseEntity com.trailbuddy.controller.AdminController.getBookings(int,int); target is of class [com.trailbuddy.controller.AdminController]
2026-04-16 12:29:09 [http-nio-8080-exec-3] DEBUG o.s.s.a.m.AuthorizationManagerBeforeMethodInterceptor - Authorized method invocation ReflectiveMethodInvocation: public org.springframework.http.ResponseEntity com.trailbuddy.controller.AdminController.getGuides(int,int); target is of class [com.trailbuddy.controller.AdminController]
2026-04-16 12:29:09 [http-nio-8080-exec-6] DEBUG o.s.s.a.m.AuthorizationManagerBeforeMethodInterceptor - Authorized method invocation ReflectiveMethodInvocation: public org.springframework.http.ResponseEntity com.trailbuddy.controller.AdminController.getBookings(int,int); target is of class [com.trailbuddy.controller.AdminController]
2026-04-16 12:29:09 [http-nio-8080-exec-7] DEBUG org.hibernate.SQL - 
    select
        count(*) 
    from
        bookings b1_0
2026-04-16 12:29:09 [http-nio-8080-exec-9] DEBUG org.hibernate.SQL - 
    select
        g1_0.id,
        g1_0.aadhar_number,
        g1_0.aadhar_verified,
        g1_0.admin_notes,
        g1_0.approved_at,
        g1_0.approved_by,
        g1_0.average_rating,
        g1_0.bio,
        g1_0.city,
        g1_0.created_at,
        g1_0.daily_rate,
        g1_0.experience_years,
        g1_0.expertise_areas,
        g1_0.hourly_rate,
        g1_0.intro_video_url,
        g1_0.is_approved,
        g1_0.is_available,
        g1_0.is_verified,
        g1_0.languages,
        g1_0.profile_image_url,
        g1_0.rejection_reason,
        g1_0.state,
        g1_0.total_bookings,
        g1_0.total_reviews,
        g1_0.updated_at,
        g1_0.user_id,
        g1_0.verification_documents 
    from
        guides g1_0 
    where
        g1_0.aadhar_verified<>1 
        or g1_0.is_verified<>1 
        or g1_0.is_approved<>1 
    order by
        g1_0.created_at desc,
        g1_0.id desc
2026-04-16 12:29:09 [http-nio-8080-exec-3] DEBUG org.hibernate.SQL - 
    select
        g1_0.id,
        g1_0.aadhar_number,
        g1_0.aadhar_verified,
        g1_0.admin_notes,
        g1_0.approved_at,
        g1_0.approved_by,
        g1_0.average_rating,
        g1_0.bio,
        g1_0.city,
        g1_0.created_at,
        g1_0.daily_rate,
        g1_0.experience_years,
        g1_0.expertise_areas,
        g1_0.hourly_rate,
        g1_0.intro_video_url,
        g1_0.is_approved,
        g1_0.is_available,
        g1_0.is_verified,
        g1_0.languages,
        g1_0.profile_image_url,
        g1_0.rejection_reason,
        g1_0.state,
        g1_0.total_bookings,
        g1_0.total_reviews,
        g1_0.updated_at,
        g1_0.user_id,
        g1_0.verification_documents 
    from
        guides g1_0
2026-04-16 12:29:09 [http-nio-8080-exec-6] DEBUG org.hibernate.SQL - 
    select
        b1_0.id,
        b1_0.cancellation_reason,
        b1_0.created_at,
        b1_0.end_date,
        b1_0.end_time,
        b1_0.guide_id,
        b1_0.guide_curated_quotation,
        b1_0.guide_earnings,
        b1_0.guide_package_id,
        b1_0.platform_fee,
        b1_0.proposal_id,
        b1_0.quotation_status,
        b1_0.razorpay_order_id,
        b1_0.special_requirements,
        b1_0.start_date,
        b1_0.start_time,
        b1_0.status,
        b1_0.total_amount,
        b1_0.traveler_preferences,
        b1_0.traveler_request_id,
        b1_0.updated_at,
        b1_0.user_id 
    from
        bookings b1_0 
    limit
        ?, ?
2026-04-16 12:29:09 [http-nio-8080-exec-3] DEBUG org.hibernate.SQL - 
    select
        u1_0.id,
        u1_0.created_at,
        u1_0.email,
        u1_0.email_verified,
        u1_0.first_name,
        g1_0.id,
        g1_0.aadhar_number,
        g1_0.aadhar_verified,
        g1_0.admin_notes,
        g1_0.approved_at,
        g1_0.approved_by,
        g1_0.average_rating,
        g1_0.bio,
        g1_0.city,
        g1_0.created_at,
        g1_0.daily_rate,
        g1_0.experience_years,
        g1_0.expertise_areas,
        g1_0.hourly_rate,
        g1_0.intro_video_url,
        g1_0.is_approved,
        g1_0.is_available,
        g1_0.is_verified,
        g1_0.languages,
        g1_0.profile_image_url,
        g1_0.rejection_reason,
        g1_0.state,
        g1_0.total_bookings,
        g1_0.total_reviews,
        g1_0.updated_at,
        g1_0.user_id,
        g1_0.verification_documents,
        u1_0.is_active,
        u1_0.last_login,
        u1_0.last_name,
        u1_0.password_hash,
        u1_0.phone,
        u1_0.phone_verified,
        u1_0.profile_image_url,
        r1_0.user_id,
        r1_1.id,
        r1_1.created_at,
        r1_1.description,
        r1_1.name,
        r1_1.updated_at,
        u1_0.updated_at 
    from
        users u1_0 
    left join
        guides g1_0 
            on u1_0.id=g1_0.user_id 
    left join
        user_roles r1_0 
            on u1_0.id=r1_0.user_id 
    left join
        roles r1_1 
            on r1_1.id=r1_0.role_id 
    where
        u1_0.id=?
2026-04-16 12:29:09 [http-nio-8080-exec-6] DEBUG org.hibernate.SQL - 
    select
        g1_0.id,
        g1_0.aadhar_number,
        g1_0.aadhar_verified,
        g1_0.admin_notes,
        g1_0.approved_at,
        g1_0.approved_by,
        g1_0.average_rating,
        g1_0.bio,
        g1_0.city,
        g1_0.created_at,
        g1_0.daily_rate,
        g1_0.experience_years,
        g1_0.expertise_areas,
        g1_0.hourly_rate,
        g1_0.intro_video_url,
        g1_0.is_approved,
        g1_0.is_available,
        g1_0.is_verified,
        g1_0.languages,
        g1_0.profile_image_url,
        g1_0.rejection_reason,
        g1_0.state,
        g1_0.total_bookings,
        g1_0.total_reviews,
        g1_0.updated_at,
        g1_0.user_id,
        u1_0.id,
        u1_0.created_at,
        u1_0.email,
        u1_0.email_verified,
        u1_0.first_name,
        u1_0.is_active,
        u1_0.last_login,
        u1_0.last_name,
        u1_0.password_hash,
        u1_0.phone,
        u1_0.phone_verified,
        u1_0.profile_image_url,
        r1_0.user_id,
        r1_1.id,
        r1_1.created_at,
        r1_1.description,
        r1_1.name,
        r1_1.updated_at,
        u1_0.updated_at,
        g1_0.verification_documents 
    from
        guides g1_0 
    join
        users u1_0 
            on u1_0.id=g1_0.user_id 
    left join
        user_roles r1_0 
            on u1_0.id=r1_0.user_id 
    left join
        roles r1_1 
            on r1_1.id=r1_0.role_id 
    where
        g1_0.id=?
2026-04-16 12:29:09 [http-nio-8080-exec-7] DEBUG org.hibernate.SQL - 
    select
        p1_0.id,
        p1_0.amount,
        p1_0.booking_id,
        p1_0.created_at,
        p1_0.currency,
        p1_0.payment_date,
        p1_0.payment_method,
        p1_0.payment_status,
        p1_0.razorpay_order_id,
        p1_0.razorpay_payment_id,
        p1_0.razorpay_signature,
        p1_0.refund_amount,
        p1_0.refund_id,
        p1_0.refunded_at,
        p1_0.updated_at,
        p1_0.user_id 
    from
        payments p1_0
2026-04-16 12:29:09 [http-nio-8080-exec-3] DEBUG org.hibernate.SQL - 
    select
        u1_0.id,
        u1_0.created_at,
        u1_0.email,
        u1_0.email_verified,
        u1_0.first_name,
        g1_0.id,
        g1_0.aadhar_number,
        g1_0.aadhar_verified,
        g1_0.admin_notes,
        g1_0.approved_at,
        g1_0.approved_by,
        g1_0.average_rating,
        g1_0.bio,
        g1_0.city,
        g1_0.created_at,
        g1_0.daily_rate,
        g1_0.experience_years,
        g1_0.expertise_areas,
        g1_0.hourly_rate,
        g1_0.intro_video_url,
        g1_0.is_approved,
        g1_0.is_available,
        g1_0.is_verified,
        g1_0.languages,
        g1_0.profile_image_url,
        g1_0.rejection_reason,
        g1_0.state,
        g1_0.total_bookings,
        g1_0.total_reviews,
        g1_0.updated_at,
        g1_0.user_id,
        g1_0.verification_documents,
        u1_0.is_active,
        u1_0.last_login,
        u1_0.last_name,
        u1_0.password_hash,
        u1_0.phone,
        u1_0.phone_verified,
        u1_0.profile_image_url,
        r1_0.user_id,
        r1_1.id,
        r1_1.created_at,
        r1_1.description,
        r1_1.name,
        r1_1.updated_at,
        u1_0.updated_at 
    from
        users u1_0 
    left join
        guides g1_0 
            on u1_0.id=g1_0.user_id 
    left join
        user_roles r1_0 
            on u1_0.id=r1_0.user_id 
    left join
        roles r1_1 
            on r1_1.id=r1_0.role_id 
    where
        u1_0.id=?
2026-04-16 12:29:09 [http-nio-8080-exec-6] DEBUG org.hibernate.SQL - 
    select
        p1_0.id,
        p1_0.amount,
        p1_0.booking_id,
        p1_0.created_at,
        p1_0.currency,
        p1_0.payment_date,
        p1_0.payment_method,
        p1_0.payment_status,
        p1_0.razorpay_order_id,
        p1_0.razorpay_payment_id,
        p1_0.razorpay_signature,
        p1_0.refund_amount,
        p1_0.refund_id,
        p1_0.refunded_at,
        p1_0.updated_at,
        p1_0.user_id 
    from
        payments p1_0 
    where
        p1_0.booking_id=?
2026-04-16 12:29:09 [http-nio-8080-exec-6] DEBUG org.hibernate.SQL - 
    select
        r1_0.id,
        r1_0.booking_id,
        r1_0.created_at,
        r1_0.guide_id,
        r1_0.helpful_count,
        r1_0.is_public,
        r1_0.rating,
        r1_0.review_text,
        r1_0.updated_at,
        r1_0.user_id 
    from
        reviews r1_0 
    where
        r1_0.booking_id=?
2026-04-16 12:29:09 [http-nio-8080-exec-3] DEBUG org.hibernate.SQL - 
    select
        u1_0.id,
        u1_0.created_at,
        u1_0.email,
        u1_0.email_verified,
        u1_0.first_name,
        g1_0.id,
        g1_0.aadhar_number,
        g1_0.aadhar_verified,
        g1_0.admin_notes,
        g1_0.approved_at,
        g1_0.approved_by,
        g1_0.average_rating,
        g1_0.bio,
        g1_0.city,
        g1_0.created_at,
        g1_0.daily_rate,
        g1_0.experience_years,
        g1_0.expertise_areas,
        g1_0.hourly_rate,
        g1_0.intro_video_url,
        g1_0.is_approved,
        g1_0.is_available,
        g1_0.is_verified,
        g1_0.languages,
        g1_0.profile_image_url,
        g1_0.rejection_reason,
        g1_0.state,
        g1_0.total_bookings,
        g1_0.total_reviews,
        g1_0.updated_at,
        g1_0.user_id,
        g1_0.verification_documents,
        u1_0.is_active,
        u1_0.last_login,
        u1_0.last_name,
        u1_0.password_hash,
        u1_0.phone,
        u1_0.phone_verified,
        u1_0.profile_image_url,
        r1_0.user_id,
        r1_1.id,
        r1_1.created_at,
        r1_1.description,
        r1_1.name,
        r1_1.updated_at,
        u1_0.updated_at 
    from
        users u1_0 
    left join
        guides g1_0 
            on u1_0.id=g1_0.user_id 
    left join
        user_roles r1_0 
            on u1_0.id=r1_0.user_id 
    left join
        roles r1_1 
            on r1_1.id=r1_0.role_id 
    where
        u1_0.id=?
2026-04-16 12:29:09 [http-nio-8080-exec-6] DEBUG org.hibernate.SQL - 
    select
        u1_0.id,
        u1_0.created_at,
        u1_0.email,
        u1_0.email_verified,
        u1_0.first_name,
        g1_0.id,
        g1_0.aadhar_number,
        g1_0.aadhar_verified,
        g1_0.admin_notes,
        g1_0.approved_at,
        g1_0.approved_by,
        g1_0.average_rating,
        g1_0.bio,
        g1_0.city,
        g1_0.created_at,
        g1_0.daily_rate,
        g1_0.experience_years,
        g1_0.expertise_areas,
        g1_0.hourly_rate,
        g1_0.intro_video_url,
        g1_0.is_approved,
        g1_0.is_available,
        g1_0.is_verified,
        g1_0.languages,
        g1_0.profile_image_url,
        g1_0.rejection_reason,
        g1_0.state,
        g1_0.total_bookings,
        g1_0.total_reviews,
        g1_0.updated_at,
        g1_0.user_id,
        g1_0.verification_documents,
        u1_0.is_active,
        u1_0.last_login,
        u1_0.last_name,
        u1_0.password_hash,
        u1_0.phone,
        u1_0.phone_verified,
        u1_0.profile_image_url,
        r1_0.user_id,
        r1_1.id,
        r1_1.created_at,
        r1_1.description,
        r1_1.name,
        r1_1.updated_at,
        u1_0.updated_at 
    from
        users u1_0 
    left join
        guides g1_0 
            on u1_0.id=g1_0.user_id 
    left join
        user_roles r1_0 
            on u1_0.id=r1_0.user_id 
    left join
        roles r1_1 
            on r1_1.id=r1_0.role_id 
    where
        u1_0.id=?
2026-04-16 12:29:09 [http-nio-8080-exec-3] DEBUG org.hibernate.SQL - 
    select
        u1_0.id,
        u1_0.created_at,
        u1_0.email,
        u1_0.email_verified,
        u1_0.first_name,
        g1_0.id,
        g1_0.aadhar_number,
        g1_0.aadhar_verified,
        g1_0.admin_notes,
        g1_0.approved_at,
        g1_0.approved_by,
        g1_0.average_rating,
        g1_0.bio,
        g1_0.city,
        g1_0.created_at,
        g1_0.daily_rate,
        g1_0.experience_years,
        g1_0.expertise_areas,
        g1_0.hourly_rate,
        g1_0.intro_video_url,
        g1_0.is_approved,
        g1_0.is_available,
        g1_0.is_verified,
        g1_0.languages,
        g1_0.profile_image_url,
        g1_0.rejection_reason,
        g1_0.state,
        g1_0.total_bookings,
        g1_0.total_reviews,
        g1_0.updated_at,
        g1_0.user_id,
        g1_0.verification_documents,
        u1_0.is_active,
        u1_0.last_login,
        u1_0.last_name,
        u1_0.password_hash,
        u1_0.phone,
        u1_0.phone_verified,
        u1_0.profile_image_url,
        r1_0.user_id,
        r1_1.id,
        r1_1.created_at,
        r1_1.description,
        r1_1.name,
        r1_1.updated_at,
        u1_0.updated_at 
    from
        users u1_0 
    left join
        guides g1_0 
            on u1_0.id=g1_0.user_id 
    left join
        user_roles r1_0 
            on u1_0.id=r1_0.user_id 
    left join
        roles r1_1 
            on r1_1.id=r1_0.role_id 
    where
        u1_0.id=?
2026-04-16 12:29:09 [http-nio-8080-exec-6] DEBUG org.hibernate.SQL - 
    select
        g1_0.id,
        g1_0.aadhar_number,
        g1_0.aadhar_verified,
        g1_0.admin_notes,
        g1_0.approved_at,
        g1_0.approved_by,
        g1_0.average_rating,
        g1_0.bio,
        g1_0.city,
        g1_0.created_at,
        g1_0.daily_rate,
        g1_0.experience_years,
        g1_0.expertise_areas,
        g1_0.hourly_rate,
        g1_0.intro_video_url,
        g1_0.is_approved,
        g1_0.is_available,
        g1_0.is_verified,
        g1_0.languages,
        g1_0.profile_image_url,
        g1_0.rejection_reason,
        g1_0.state,
        g1_0.total_bookings,
        g1_0.total_reviews,
        g1_0.updated_at,
        g1_0.user_id,
        u1_0.id,
        u1_0.created_at,
        u1_0.email,
        u1_0.email_verified,
        u1_0.first_name,
        u1_0.is_active,
        u1_0.last_login,
        u1_0.last_name,
        u1_0.password_hash,
        u1_0.phone,
        u1_0.phone_verified,
        u1_0.profile_image_url,
        r1_0.user_id,
        r1_1.id,
        r1_1.created_at,
        r1_1.description,
        r1_1.name,
        r1_1.updated_at,
        u1_0.updated_at,
        g1_0.verification_documents 
    from
        guides g1_0 
    join
        users u1_0 
            on u1_0.id=g1_0.user_id 
    left join
        user_roles r1_0 
            on u1_0.id=r1_0.user_id 
    left join
        roles r1_1 
            on r1_1.id=r1_0.role_id 
    where
        g1_0.id=?
2026-04-16 12:29:09 [http-nio-8080-exec-3] DEBUG org.hibernate.SQL - 
    select
        u1_0.id,
        u1_0.created_at,
        u1_0.email,
        u1_0.email_verified,
        u1_0.first_name,
        g1_0.id,
        g1_0.aadhar_number,
        g1_0.aadhar_verified,
        g1_0.admin_notes,
        g1_0.approved_at,
        g1_0.approved_by,
        g1_0.average_rating,
        g1_0.bio,
        g1_0.city,
        g1_0.created_at,
        g1_0.daily_rate,
        g1_0.experience_years,
        g1_0.expertise_areas,
        g1_0.hourly_rate,
        g1_0.intro_video_url,
        g1_0.is_approved,
        g1_0.is_available,
        g1_0.is_verified,
        g1_0.languages,
        g1_0.profile_image_url,
        g1_0.rejection_reason,
        g1_0.state,
        g1_0.total_bookings,
        g1_0.total_reviews,
        g1_0.updated_at,
        g1_0.user_id,
        g1_0.verification_documents,
        u1_0.is_active,
        u1_0.last_login,
        u1_0.last_name,
        u1_0.password_hash,
        u1_0.phone,
        u1_0.phone_verified,
        u1_0.profile_image_url,
        r1_0.user_id,
        r1_1.id,
        r1_1.created_at,
        r1_1.description,
        r1_1.name,
        r1_1.updated_at,
        u1_0.updated_at 
    from
        users u1_0 
    left join
        guides g1_0 
            on u1_0.id=g1_0.user_id 
    left join
        user_roles r1_0 
            on u1_0.id=r1_0.user_id 
    left join
        roles r1_1 
            on r1_1.id=r1_0.role_id 
    where
        u1_0.id=?
2026-04-16 12:29:09 [http-nio-8080-exec-6] DEBUG org.hibernate.SQL - 
    select
        p1_0.id,
        p1_0.amount,
        p1_0.booking_id,
        p1_0.created_at,
        p1_0.currency,
        p1_0.payment_date,
        p1_0.payment_method,
        p1_0.payment_status,
        p1_0.razorpay_order_id,
        p1_0.razorpay_payment_id,
        p1_0.razorpay_signature,
        p1_0.refund_amount,
        p1_0.refund_id,
        p1_0.refunded_at,
        p1_0.updated_at,
        p1_0.user_id 
    from
        payments p1_0 
    where
        p1_0.booking_id=?
2026-04-16 12:29:09 [http-nio-8080-exec-3] DEBUG org.hibernate.SQL - 
    select
        u1_0.id,
        u1_0.created_at,
        u1_0.email,
        u1_0.email_verified,
        u1_0.first_name,
        g1_0.id,
        g1_0.aadhar_number,
        g1_0.aadhar_verified,
        g1_0.admin_notes,
        g1_0.approved_at,
        g1_0.approved_by,
        g1_0.average_rating,
        g1_0.bio,
        g1_0.city,
        g1_0.created_at,
        g1_0.daily_rate,
        g1_0.experience_years,
        g1_0.expertise_areas,
        g1_0.hourly_rate,
        g1_0.intro_video_url,
        g1_0.is_approved,
        g1_0.is_available,
        g1_0.is_verified,
        g1_0.languages,
        g1_0.profile_image_url,
        g1_0.rejection_reason,
        g1_0.state,
        g1_0.total_bookings,
        g1_0.total_reviews,
        g1_0.updated_at,
        g1_0.user_id,
        g1_0.verification_documents,
        u1_0.is_active,
        u1_0.last_login,
        u1_0.last_name,
        u1_0.password_hash,
        u1_0.phone,
        u1_0.phone_verified,
        u1_0.profile_image_url,
        r1_0.user_id,
        r1_1.id,
        r1_1.created_at,
        r1_1.description,
        r1_1.name,
        r1_1.updated_at,
        u1_0.updated_at 
    from
        users u1_0 
    left join
        guides g1_0 
            on u1_0.id=g1_0.user_id 
    left join
        user_roles r1_0 
            on u1_0.id=r1_0.user_id 
    left join
        roles r1_1 
            on r1_1.id=r1_0.role_id 
    where
        u1_0.id=?
2026-04-16 12:29:09 [http-nio-8080-exec-6] DEBUG org.hibernate.SQL - 
    select
        r1_0.id,
        r1_0.booking_id,
        r1_0.created_at,
        r1_0.guide_id,
        r1_0.helpful_count,
        r1_0.is_public,
        r1_0.rating,
        r1_0.review_text,
        r1_0.updated_at,
        r1_0.user_id 
    from
        reviews r1_0 
    where
        r1_0.booking_id=?
2026-04-16 12:29:09 [http-nio-8080-exec-3] DEBUG org.hibernate.SQL - 
    select
        u1_0.id,
        u1_0.created_at,
        u1_0.email,
        u1_0.email_verified,
        u1_0.first_name,
        g1_0.id,
        g1_0.aadhar_number,
        g1_0.aadhar_verified,
        g1_0.admin_notes,
        g1_0.approved_at,
        g1_0.approved_by,
        g1_0.average_rating,
        g1_0.bio,
        g1_0.city,
        g1_0.created_at,
        g1_0.daily_rate,
        g1_0.experience_years,
        g1_0.expertise_areas,
        g1_0.hourly_rate,
        g1_0.intro_video_url,
        g1_0.is_approved,
        g1_0.is_available,
        g1_0.is_verified,
        g1_0.languages,
        g1_0.profile_image_url,
        g1_0.rejection_reason,
        g1_0.state,
        g1_0.total_bookings,
        g1_0.total_reviews,
        g1_0.updated_at,
        g1_0.user_id,
        g1_0.verification_documents,
        u1_0.is_active,
        u1_0.last_login,
        u1_0.last_name,
        u1_0.password_hash,
        u1_0.phone,
        u1_0.phone_verified,
        u1_0.profile_image_url,
        r1_0.user_id,
        r1_1.id,
        r1_1.created_at,
        r1_1.description,
        r1_1.name,
        r1_1.updated_at,
        u1_0.updated_at 
    from
        users u1_0 
    left join
        guides g1_0 
            on u1_0.id=g1_0.user_id 
    left join
        user_roles r1_0 
            on u1_0.id=r1_0.user_id 
    left join
        roles r1_1 
            on r1_1.id=r1_0.role_id 
    where
        u1_0.id=?
2026-04-16 12:29:09 [http-nio-8080-exec-6] DEBUG org.hibernate.SQL - 
    select
        p1_0.id,
        p1_0.amount,
        p1_0.booking_id,
        p1_0.created_at,
        p1_0.currency,
        p1_0.payment_date,
        p1_0.payment_method,
        p1_0.payment_status,
        p1_0.razorpay_order_id,
        p1_0.razorpay_payment_id,
        p1_0.razorpay_signature,
        p1_0.refund_amount,
        p1_0.refund_id,
        p1_0.refunded_at,
        p1_0.updated_at,
        p1_0.user_id 
    from
        payments p1_0 
    where
        p1_0.booking_id=?
2026-04-16 12:29:09 [http-nio-8080-exec-3] DEBUG org.hibernate.SQL - 
    select
        u1_0.id,
        u1_0.created_at,
        u1_0.email,
        u1_0.email_verified,
        u1_0.first_name,
        g1_0.id,
        g1_0.aadhar_number,
        g1_0.aadhar_verified,
        g1_0.admin_notes,
        g1_0.approved_at,
        g1_0.approved_by,
        g1_0.average_rating,
        g1_0.bio,
        g1_0.city,
        g1_0.created_at,
        g1_0.daily_rate,
        g1_0.experience_years,
        g1_0.expertise_areas,
        g1_0.hourly_rate,
        g1_0.intro_video_url,
        g1_0.is_approved,
        g1_0.is_available,
        g1_0.is_verified,
        g1_0.languages,
        g1_0.profile_image_url,
        g1_0.rejection_reason,
        g1_0.state,
        g1_0.total_bookings,
        g1_0.total_reviews,
        g1_0.updated_at,
        g1_0.user_id,
        g1_0.verification_documents,
        u1_0.is_active,
        u1_0.last_login,
        u1_0.last_name,
        u1_0.password_hash,
        u1_0.phone,
        u1_0.phone_verified,
        u1_0.profile_image_url,
        r1_0.user_id,
        r1_1.id,
        r1_1.created_at,
        r1_1.description,
        r1_1.name,
        r1_1.updated_at,
        u1_0.updated_at 
    from
        users u1_0 
    left join
        guides g1_0 
            on u1_0.id=g1_0.user_id 
    left join
        user_roles r1_0 
            on u1_0.id=r1_0.user_id 
    left join
        roles r1_1 
            on r1_1.id=r1_0.role_id 
    where
        u1_0.id=?
2026-04-16 12:29:09 [http-nio-8080-exec-6] DEBUG org.hibernate.SQL - 
    select
        r1_0.id,
        r1_0.booking_id,
        r1_0.created_at,
        r1_0.guide_id,
        r1_0.helpful_count,
        r1_0.is_public,
        r1_0.rating,
        r1_0.review_text,
        r1_0.updated_at,
        r1_0.user_id 
    from
        reviews r1_0 
    where
        r1_0.booking_id=?
2026-04-16 12:29:09 [http-nio-8080-exec-3] DEBUG org.hibernate.SQL - 
    select
        u1_0.id,
        u1_0.created_at,
        u1_0.email,
        u1_0.email_verified,
        u1_0.first_name,
        g1_0.id,
        g1_0.aadhar_number,
        g1_0.aadhar_verified,
        g1_0.admin_notes,
        g1_0.approved_at,
        g1_0.approved_by,
        g1_0.average_rating,
        g1_0.bio,
        g1_0.city,
        g1_0.created_at,
        g1_0.daily_rate,
        g1_0.experience_years,
        g1_0.expertise_areas,
        g1_0.hourly_rate,
        g1_0.intro_video_url,
        g1_0.is_approved,
        g1_0.is_available,
        g1_0.is_verified,
        g1_0.languages,
        g1_0.profile_image_url,
        g1_0.rejection_reason,
        g1_0.state,
        g1_0.total_bookings,
        g1_0.total_reviews,
        g1_0.updated_at,
        g1_0.user_id,
        g1_0.verification_documents,
        u1_0.is_active,
        u1_0.last_login,
        u1_0.last_name,
        u1_0.password_hash,
        u1_0.phone,
        u1_0.phone_verified,
        u1_0.profile_image_url,
        r1_0.user_id,
        r1_1.id,
        r1_1.created_at,
        r1_1.description,
        r1_1.name,
        r1_1.updated_at,
        u1_0.updated_at 
    from
        users u1_0 
    left join
        guides g1_0 
            on u1_0.id=g1_0.user_id 
    left join
        user_roles r1_0 
            on u1_0.id=r1_0.user_id 
    left join
        roles r1_1 
            on r1_1.id=r1_0.role_id 
    where
        u1_0.id=?
2026-04-16 12:29:09 [http-nio-8080-exec-6] DEBUG org.hibernate.SQL - 
    select
        p1_0.id,
        p1_0.amount,
        p1_0.booking_id,
        p1_0.created_at,
        p1_0.currency,
        p1_0.payment_date,
        p1_0.payment_method,
        p1_0.payment_status,
        p1_0.razorpay_order_id,
        p1_0.razorpay_payment_id,
        p1_0.razorpay_signature,
        p1_0.refund_amount,
        p1_0.refund_id,
        p1_0.refunded_at,
        p1_0.updated_at,
        p1_0.user_id 
    from
        payments p1_0 
    where
        p1_0.booking_id=?
2026-04-16 12:29:09 [http-nio-8080-exec-6] DEBUG org.hibernate.SQL - 
    select
        r1_0.id,
        r1_0.booking_id,
        r1_0.created_at,
        r1_0.guide_id,
        r1_0.helpful_count,
        r1_0.is_public,
        r1_0.rating,
        r1_0.review_text,
        r1_0.updated_at,
        r1_0.user_id 
    from
        reviews r1_0 
    where
        r1_0.booking_id=?
2026-04-16 12:29:09 [http-nio-8080-exec-3] DEBUG org.hibernate.SQL - 
    select
        u1_0.id,
        u1_0.created_at,
        u1_0.email,
        u1_0.email_verified,
        u1_0.first_name,
        g1_0.id,
        g1_0.aadhar_number,
        g1_0.aadhar_verified,
        g1_0.admin_notes,
        g1_0.approved_at,
        g1_0.approved_by,
        g1_0.average_rating,
        g1_0.bio,
        g1_0.city,
        g1_0.created_at,
        g1_0.daily_rate,
        g1_0.experience_years,
        g1_0.expertise_areas,
        g1_0.hourly_rate,
        g1_0.intro_video_url,
        g1_0.is_approved,
        g1_0.is_available,
        g1_0.is_verified,
        g1_0.languages,
        g1_0.profile_image_url,
        g1_0.rejection_reason,
        g1_0.state,
        g1_0.total_bookings,
        g1_0.total_reviews,
        g1_0.updated_at,
        g1_0.user_id,
        g1_0.verification_documents,
        u1_0.is_active,
        u1_0.last_login,
        u1_0.last_name,
        u1_0.password_hash,
        u1_0.phone,
        u1_0.phone_verified,
        u1_0.profile_image_url,
        r1_0.user_id,
        r1_1.id,
        r1_1.created_at,
        r1_1.description,
        r1_1.name,
        r1_1.updated_at,
        u1_0.updated_at 
    from
        users u1_0 
    left join
        guides g1_0 
            on u1_0.id=g1_0.user_id 
    left join
        user_roles r1_0 
            on u1_0.id=r1_0.user_id 
    left join
        roles r1_1 
            on r1_1.id=r1_0.role_id 
    where
        u1_0.id=?
2026-04-16 12:29:09 [http-nio-8080-exec-6] DEBUG org.hibernate.SQL - 
    select
        p1_0.id,
        p1_0.amount,
        p1_0.booking_id,
        p1_0.created_at,
        p1_0.currency,
        p1_0.payment_date,
        p1_0.payment_method,
        p1_0.payment_status,
        p1_0.razorpay_order_id,
        p1_0.razorpay_payment_id,
        p1_0.razorpay_signature,
        p1_0.refund_amount,
        p1_0.refund_id,
        p1_0.refunded_at,
        p1_0.updated_at,
        p1_0.user_id 
    from
        payments p1_0 
    where
        p1_0.booking_id=?
2026-04-16 12:29:09 [http-nio-8080-exec-6] DEBUG org.hibernate.SQL - 
    select
        r1_0.id,
        r1_0.booking_id,
        r1_0.created_at,
        r1_0.guide_id,
        r1_0.helpful_count,
        r1_0.is_public,
        r1_0.rating,
        r1_0.review_text,
        r1_0.updated_at,
        r1_0.user_id 
    from
        reviews r1_0 
    where
        r1_0.booking_id=?
2026-04-16 12:29:09 [http-nio-8080-exec-3] DEBUG org.hibernate.SQL - 
    select
        u1_0.id,
        u1_0.created_at,
        u1_0.email,
        u1_0.email_verified,
        u1_0.first_name,
        g1_0.id,
        g1_0.aadhar_number,
        g1_0.aadhar_verified,
        g1_0.admin_notes,
        g1_0.approved_at,
        g1_0.approved_by,
        g1_0.average_rating,
        g1_0.bio,
        g1_0.city,
        g1_0.created_at,
        g1_0.daily_rate,
        g1_0.experience_years,
        g1_0.expertise_areas,
        g1_0.hourly_rate,
        g1_0.intro_video_url,
        g1_0.is_approved,
        g1_0.is_available,
        g1_0.is_verified,
        g1_0.languages,
        g1_0.profile_image_url,
        g1_0.rejection_reason,
        g1_0.state,
        g1_0.total_bookings,
        g1_0.total_reviews,
        g1_0.updated_at,
        g1_0.user_id,
        g1_0.verification_documents,
        u1_0.is_active,
        u1_0.last_login,
        u1_0.last_name,
        u1_0.password_hash,
        u1_0.phone,
        u1_0.phone_verified,
        u1_0.profile_image_url,
        r1_0.user_id,
        r1_1.id,
        r1_1.created_at,
        r1_1.description,
        r1_1.name,
        r1_1.updated_at,
        u1_0.updated_at 
    from
        users u1_0 
    left join
        guides g1_0 
            on u1_0.id=g1_0.user_id 
    left join
        user_roles r1_0 
            on u1_0.id=r1_0.user_id 
    left join
        roles r1_1 
            on r1_1.id=r1_0.role_id 
    where
        u1_0.id=?
2026-04-16 12:29:09 [http-nio-8080-exec-6] DEBUG org.hibernate.SQL - 
    select
        u1_0.id,
        u1_0.created_at,
        u1_0.email,
        u1_0.email_verified,
        u1_0.first_name,
        g1_0.id,
        g1_0.aadhar_number,
        g1_0.aadhar_verified,
        g1_0.admin_notes,
        g1_0.approved_at,
        g1_0.approved_by,
        g1_0.average_rating,
        g1_0.bio,
        g1_0.city,
        g1_0.created_at,
        g1_0.daily_rate,
        g1_0.experience_years,
        g1_0.expertise_areas,
        g1_0.hourly_rate,
        g1_0.intro_video_url,
        g1_0.is_approved,
        g1_0.is_available,
        g1_0.is_verified,
        g1_0.languages,
        g1_0.profile_image_url,
        g1_0.rejection_reason,
        g1_0.state,
        g1_0.total_bookings,
        g1_0.total_reviews,
        g1_0.updated_at,
        g1_0.user_id,
        g1_0.verification_documents,
        u1_0.is_active,
        u1_0.last_login,
        u1_0.last_name,
        u1_0.password_hash,
        u1_0.phone,
        u1_0.phone_verified,
        u1_0.profile_image_url,
        r1_0.user_id,
        r1_1.id,
        r1_1.created_at,
        r1_1.description,
        r1_1.name,
        r1_1.updated_at,
        u1_0.updated_at 
    from
        users u1_0 
    left join
        guides g1_0 
            on u1_0.id=g1_0.user_id 
    left join
        user_roles r1_0 
            on u1_0.id=r1_0.user_id 
    left join
        roles r1_1 
            on r1_1.id=r1_0.role_id 
    where
        u1_0.id=?
2026-04-16 12:29:09 [http-nio-8080-exec-3] DEBUG org.hibernate.SQL - 
    select
        u1_0.id,
        u1_0.created_at,
        u1_0.email,
        u1_0.email_verified,
        u1_0.first_name,
        g1_0.id,
        g1_0.aadhar_number,
        g1_0.aadhar_verified,
        g1_0.admin_notes,
        g1_0.approved_at,
        g1_0.approved_by,
        g1_0.average_rating,
        g1_0.bio,
        g1_0.city,
        g1_0.created_at,
        g1_0.daily_rate,
        g1_0.experience_years,
        g1_0.expertise_areas,
        g1_0.hourly_rate,
        g1_0.intro_video_url,
        g1_0.is_approved,
        g1_0.is_available,
        g1_0.is_verified,
        g1_0.languages,
        g1_0.profile_image_url,
        g1_0.rejection_reason,
        g1_0.state,
        g1_0.total_bookings,
        g1_0.total_reviews,
        g1_0.updated_at,
        g1_0.user_id,
        g1_0.verification_documents,
        u1_0.is_active,
        u1_0.last_login,
        u1_0.last_name,
        u1_0.password_hash,
        u1_0.phone,
        u1_0.phone_verified,
        u1_0.profile_image_url,
        r1_0.user_id,
        r1_1.id,
        r1_1.created_at,
        r1_1.description,
        r1_1.name,
        r1_1.updated_at,
        u1_0.updated_at 
    from
        users u1_0 
    left join
        guides g1_0 
            on u1_0.id=g1_0.user_id 
    left join
        user_roles r1_0 
            on u1_0.id=r1_0.user_id 
    left join
        roles r1_1 
            on r1_1.id=r1_0.role_id 
    where
        u1_0.id=?
2026-04-16 12:29:09 [http-nio-8080-exec-6] DEBUG org.hibernate.SQL - 
    select
        p1_0.id,
        p1_0.amount,
        p1_0.booking_id,
        p1_0.created_at,
        p1_0.currency,
        p1_0.payment_date,
        p1_0.payment_method,
        p1_0.payment_status,
        p1_0.razorpay_order_id,
        p1_0.razorpay_payment_id,
        p1_0.razorpay_signature,
        p1_0.refund_amount,
        p1_0.refund_id,
        p1_0.refunded_at,
        p1_0.updated_at,
        p1_0.user_id 
    from
        payments p1_0 
    where
        p1_0.booking_id=?
2026-04-16 12:29:09 [http-nio-8080-exec-3] DEBUG org.hibernate.SQL - 
    select
        u1_0.id,
        u1_0.created_at,
        u1_0.email,
        u1_0.email_verified,
        u1_0.first_name,
        g1_0.id,
        g1_0.aadhar_number,
        g1_0.aadhar_verified,
        g1_0.admin_notes,
        g1_0.approved_at,
        g1_0.approved_by,
        g1_0.average_rating,
        g1_0.bio,
        g1_0.city,
        g1_0.created_at,
        g1_0.daily_rate,
        g1_0.experience_years,
        g1_0.expertise_areas,
        g1_0.hourly_rate,
        g1_0.intro_video_url,
        g1_0.is_approved,
        g1_0.is_available,
        g1_0.is_verified,
        g1_0.languages,
        g1_0.profile_image_url,
        g1_0.rejection_reason,
        g1_0.state,
        g1_0.total_bookings,
        g1_0.total_reviews,
        g1_0.updated_at,
        g1_0.user_id,
        g1_0.verification_documents,
        u1_0.is_active,
        u1_0.last_login,
        u1_0.last_name,
        u1_0.password_hash,
        u1_0.phone,
        u1_0.phone_verified,
        u1_0.profile_image_url,
        r1_0.user_id,
        r1_1.id,
        r1_1.created_at,
        r1_1.description,
        r1_1.name,
        r1_1.updated_at,
        u1_0.updated_at 
    from
        users u1_0 
    left join
        guides g1_0 
            on u1_0.id=g1_0.user_id 
    left join
        user_roles r1_0 
            on u1_0.id=r1_0.user_id 
    left join
        roles r1_1 
            on r1_1.id=r1_0.role_id 
    where
        u1_0.id=?
2026-04-16 12:29:09 [http-nio-8080-exec-6] DEBUG org.hibernate.SQL - 
    select
        r1_0.id,
        r1_0.booking_id,
        r1_0.created_at,
        r1_0.guide_id,
        r1_0.helpful_count,
        r1_0.is_public,
        r1_0.rating,
        r1_0.review_text,
        r1_0.updated_at,
        r1_0.user_id 
    from
        reviews r1_0 
    where
        r1_0.booking_id=?
2026-04-16 12:29:09 [http-nio-8080-exec-6] DEBUG org.hibernate.SQL - 
    select
        u1_0.id,
        u1_0.created_at,
        u1_0.email,
        u1_0.email_verified,
        u1_0.first_name,
        g1_0.id,
        g1_0.aadhar_number,
        g1_0.aadhar_verified,
        g1_0.admin_notes,
        g1_0.approved_at,
        g1_0.approved_by,
        g1_0.average_rating,
        g1_0.bio,
        g1_0.city,
        g1_0.created_at,
        g1_0.daily_rate,
        g1_0.experience_years,
        g1_0.expertise_areas,
        g1_0.hourly_rate,
        g1_0.intro_video_url,
        g1_0.is_approved,
        g1_0.is_available,
        g1_0.is_verified,
        g1_0.languages,
        g1_0.profile_image_url,
        g1_0.rejection_reason,
        g1_0.state,
        g1_0.total_bookings,
        g1_0.total_reviews,
        g1_0.updated_at,
        g1_0.user_id,
        g1_0.verification_documents,
        u1_0.is_active,
        u1_0.last_login,
        u1_0.last_name,
        u1_0.password_hash,
        u1_0.phone,
        u1_0.phone_verified,
        u1_0.profile_image_url,
        r1_0.user_id,
        r1_1.id,
        r1_1.created_at,
        r1_1.description,
        r1_1.name,
        r1_1.updated_at,
        u1_0.updated_at 
    from
        users u1_0 
    left join
        guides g1_0 
            on u1_0.id=g1_0.user_id 
    left join
        user_roles r1_0 
            on u1_0.id=r1_0.user_id 
    left join
        roles r1_1 
            on r1_1.id=r1_0.role_id 
    where
        u1_0.id=?
2026-04-16 12:29:09 [http-nio-8080-exec-3] DEBUG org.hibernate.SQL - 
    select
        u1_0.id,
        u1_0.created_at,
        u1_0.email,
        u1_0.email_verified,
        u1_0.first_name,
        g1_0.id,
        g1_0.aadhar_number,
        g1_0.aadhar_verified,
        g1_0.admin_notes,
        g1_0.approved_at,
        g1_0.approved_by,
        g1_0.average_rating,
        g1_0.bio,
        g1_0.city,
        g1_0.created_at,
        g1_0.daily_rate,
        g1_0.experience_years,
        g1_0.expertise_areas,
        g1_0.hourly_rate,
        g1_0.intro_video_url,
        g1_0.is_approved,
        g1_0.is_available,
        g1_0.is_verified,
        g1_0.languages,
        g1_0.profile_image_url,
        g1_0.rejection_reason,
        g1_0.state,
        g1_0.total_bookings,
        g1_0.total_reviews,
        g1_0.updated_at,
        g1_0.user_id,
        g1_0.verification_documents,
        u1_0.is_active,
        u1_0.last_login,
        u1_0.last_name,
        u1_0.password_hash,
        u1_0.phone,
        u1_0.phone_verified,
        u1_0.profile_image_url,
        r1_0.user_id,
        r1_1.id,
        r1_1.created_at,
        r1_1.description,
        r1_1.name,
        r1_1.updated_at,
        u1_0.updated_at 
    from
        users u1_0 
    left join
        guides g1_0 
            on u1_0.id=g1_0.user_id 
    left join
        user_roles r1_0 
            on u1_0.id=r1_0.user_id 
    left join
        roles r1_1 
            on r1_1.id=r1_0.role_id 
    where
        u1_0.id=?
2026-04-16 12:29:09 [http-nio-8080-exec-6] DEBUG org.hibernate.SQL - 
    select
        p1_0.id,
        p1_0.amount,
        p1_0.booking_id,
        p1_0.created_at,
        p1_0.currency,
        p1_0.payment_date,
        p1_0.payment_method,
        p1_0.payment_status,
        p1_0.razorpay_order_id,
        p1_0.razorpay_payment_id,
        p1_0.razorpay_signature,
        p1_0.refund_amount,
        p1_0.refund_id,
        p1_0.refunded_at,
        p1_0.updated_at,
        p1_0.user_id 
    from
        payments p1_0 
    where
        p1_0.booking_id=?
2026-04-16 12:29:09 [http-nio-8080-exec-3] DEBUG org.hibernate.SQL - 
    select
        u1_0.id,
        u1_0.created_at,
        u1_0.email,
        u1_0.email_verified,
        u1_0.first_name,
        g1_0.id,
        g1_0.aadhar_number,
        g1_0.aadhar_verified,
        g1_0.admin_notes,
        g1_0.approved_at,
        g1_0.approved_by,
        g1_0.average_rating,
        g1_0.bio,
        g1_0.city,
        g1_0.created_at,
        g1_0.daily_rate,
        g1_0.experience_years,
        g1_0.expertise_areas,
        g1_0.hourly_rate,
        g1_0.intro_video_url,
        g1_0.is_approved,
        g1_0.is_available,
        g1_0.is_verified,
        g1_0.languages,
        g1_0.profile_image_url,
        g1_0.rejection_reason,
        g1_0.state,
        g1_0.total_bookings,
        g1_0.total_reviews,
        g1_0.updated_at,
        g1_0.user_id,
        g1_0.verification_documents,
        u1_0.is_active,
        u1_0.last_login,
        u1_0.last_name,
        u1_0.password_hash,
        u1_0.phone,
        u1_0.phone_verified,
        u1_0.profile_image_url,
        r1_0.user_id,
        r1_1.id,
        r1_1.created_at,
        r1_1.description,
        r1_1.name,
        r1_1.updated_at,
        u1_0.updated_at 
    from
        users u1_0 
    left join
        guides g1_0 
            on u1_0.id=g1_0.user_id 
    left join
        user_roles r1_0 
            on u1_0.id=r1_0.user_id 
    left join
        roles r1_1 
            on r1_1.id=r1_0.role_id 
    where
        u1_0.id=?
2026-04-16 12:29:09 [http-nio-8080-exec-6] DEBUG org.hibernate.SQL - 
    select
        r1_0.id,
        r1_0.booking_id,
        r1_0.created_at,
        r1_0.guide_id,
        r1_0.helpful_count,
        r1_0.is_public,
        r1_0.rating,
        r1_0.review_text,
        r1_0.updated_at,
        r1_0.user_id 
    from
        reviews r1_0 
    where
        r1_0.booking_id=?
2026-04-16 12:29:09 [http-nio-8080-exec-3] DEBUG org.hibernate.SQL - 
    select
        u1_0.id,
        u1_0.created_at,
        u1_0.email,
        u1_0.email_verified,
        u1_0.first_name,
        g1_0.id,
        g1_0.aadhar_number,
        g1_0.aadhar_verified,
        g1_0.admin_notes,
        g1_0.approved_at,
        g1_0.approved_by,
        g1_0.average_rating,
        g1_0.bio,
        g1_0.city,
        g1_0.created_at,
        g1_0.daily_rate,
        g1_0.experience_years,
        g1_0.expertise_areas,
        g1_0.hourly_rate,
        g1_0.intro_video_url,
        g1_0.is_approved,
        g1_0.is_available,
        g1_0.is_verified,
        g1_0.languages,
        g1_0.profile_image_url,
        g1_0.rejection_reason,
        g1_0.state,
        g1_0.total_bookings,
        g1_0.total_reviews,
        g1_0.updated_at,
        g1_0.user_id,
        g1_0.verification_documents,
        u1_0.is_active,
        u1_0.last_login,
        u1_0.last_name,
        u1_0.password_hash,
        u1_0.phone,
        u1_0.phone_verified,
        u1_0.profile_image_url,
        r1_0.user_id,
        r1_1.id,
        r1_1.created_at,
        r1_1.description,
        r1_1.name,
        r1_1.updated_at,
        u1_0.updated_at 
    from
        users u1_0 
    left join
        guides g1_0 
            on u1_0.id=g1_0.user_id 
    left join
        user_roles r1_0 
            on u1_0.id=r1_0.user_id 
    left join
        roles r1_1 
            on r1_1.id=r1_0.role_id 
    where
        u1_0.id=?
2026-04-16 12:29:09 [http-nio-8080-exec-6] DEBUG org.hibernate.SQL - 
    select
        p1_0.id,
        p1_0.amount,
        p1_0.booking_id,
        p1_0.created_at,
        p1_0.currency,
        p1_0.payment_date,
        p1_0.payment_method,
        p1_0.payment_status,
        p1_0.razorpay_order_id,
        p1_0.razorpay_payment_id,
        p1_0.razorpay_signature,
        p1_0.refund_amount,
        p1_0.refund_id,
        p1_0.refunded_at,
        p1_0.updated_at,
        p1_0.user_id 
    from
        payments p1_0 
    where
        p1_0.booking_id=?
2026-04-16 12:29:09 [http-nio-8080-exec-6] DEBUG org.hibernate.SQL - 
    select
        r1_0.id,
        r1_0.booking_id,
        r1_0.created_at,
        r1_0.guide_id,
        r1_0.helpful_count,
        r1_0.is_public,
        r1_0.rating,
        r1_0.review_text,
        r1_0.updated_at,
        r1_0.user_id 
    from
        reviews r1_0 
    where
        r1_0.booking_id=?
2026-04-16 12:29:09 [http-nio-8080-exec-3] DEBUG org.hibernate.SQL - 
    select
        u1_0.id,
        u1_0.created_at,
        u1_0.email,
        u1_0.email_verified,
        u1_0.first_name,
        g1_0.id,
        g1_0.aadhar_number,
        g1_0.aadhar_verified,
        g1_0.admin_notes,
        g1_0.approved_at,
        g1_0.approved_by,
        g1_0.average_rating,
        g1_0.bio,
        g1_0.city,
        g1_0.created_at,
        g1_0.daily_rate,
        g1_0.experience_years,
        g1_0.expertise_areas,
        g1_0.hourly_rate,
        g1_0.intro_video_url,
        g1_0.is_approved,
        g1_0.is_available,
        g1_0.is_verified,
        g1_0.languages,
        g1_0.profile_image_url,
        g1_0.rejection_reason,
        g1_0.state,
        g1_0.total_bookings,
        g1_0.total_reviews,
        g1_0.updated_at,
        g1_0.user_id,
        g1_0.verification_documents,
        u1_0.is_active,
        u1_0.last_login,
        u1_0.last_name,
        u1_0.password_hash,
        u1_0.phone,
        u1_0.phone_verified,
        u1_0.profile_image_url,
        r1_0.user_id,
        r1_1.id,
        r1_1.created_at,
        r1_1.description,
        r1_1.name,
        r1_1.updated_at,
        u1_0.updated_at 
    from
        users u1_0 
    left join
        guides g1_0 
            on u1_0.id=g1_0.user_id 
    left join
        user_roles r1_0 
            on u1_0.id=r1_0.user_id 
    left join
        roles r1_1 
            on r1_1.id=r1_0.role_id 
    where
        u1_0.id=?
2026-04-16 12:29:09 [http-nio-8080-exec-6] DEBUG org.hibernate.SQL - 
    select
        p1_0.id,
        p1_0.amount,
        p1_0.booking_id,
        p1_0.created_at,
        p1_0.currency,
        p1_0.payment_date,
        p1_0.payment_method,
        p1_0.payment_status,
        p1_0.razorpay_order_id,
        p1_0.razorpay_payment_id,
        p1_0.razorpay_signature,
        p1_0.refund_amount,
        p1_0.refund_id,
        p1_0.refunded_at,
        p1_0.updated_at,
        p1_0.user_id 
    from
        payments p1_0 
    where
        p1_0.booking_id=?
2026-04-16 12:29:09 [http-nio-8080-exec-3] DEBUG org.hibernate.SQL - 
    select
        u1_0.id,
        u1_0.created_at,
        u1_0.email,
        u1_0.email_verified,
        u1_0.first_name,
        g1_0.id,
        g1_0.aadhar_number,
        g1_0.aadhar_verified,
        g1_0.admin_notes,
        g1_0.approved_at,
        g1_0.approved_by,
        g1_0.average_rating,
        g1_0.bio,
        g1_0.city,
        g1_0.created_at,
        g1_0.daily_rate,
        g1_0.experience_years,
        g1_0.expertise_areas,
        g1_0.hourly_rate,
        g1_0.intro_video_url,
        g1_0.is_approved,
        g1_0.is_available,
        g1_0.is_verified,
        g1_0.languages,
        g1_0.profile_image_url,
        g1_0.rejection_reason,
        g1_0.state,
        g1_0.total_bookings,
        g1_0.total_reviews,
        g1_0.updated_at,
        g1_0.user_id,
        g1_0.verification_documents,
        u1_0.is_active,
        u1_0.last_login,
        u1_0.last_name,
        u1_0.password_hash,
        u1_0.phone,
        u1_0.phone_verified,
        u1_0.profile_image_url,
        r1_0.user_id,
        r1_1.id,
        r1_1.created_at,
        r1_1.description,
        r1_1.name,
        r1_1.updated_at,
        u1_0.updated_at 
    from
        users u1_0 
    left join
        guides g1_0 
            on u1_0.id=g1_0.user_id 
    left join
        user_roles r1_0 
            on u1_0.id=r1_0.user_id 
    left join
        roles r1_1 
            on r1_1.id=r1_0.role_id 
    where
        u1_0.id=?
2026-04-16 12:29:09 [http-nio-8080-exec-6] DEBUG org.hibernate.SQL - 
    select
        r1_0.id,
        r1_0.booking_id,
        r1_0.created_at,
        r1_0.guide_id,
        r1_0.helpful_count,
        r1_0.is_public,
        r1_0.rating,
        r1_0.review_text,
        r1_0.updated_at,
        r1_0.user_id 
    from
        reviews r1_0 
    where
        r1_0.booking_id=?
2026-04-16 12:29:09 [http-nio-8080-exec-3] DEBUG org.hibernate.SQL - 
    select
        u1_0.id,
        u1_0.created_at,
        u1_0.email,
        u1_0.email_verified,
        u1_0.first_name,
        g1_0.id,
        g1_0.aadhar_number,
        g1_0.aadhar_verified,
        g1_0.admin_notes,
        g1_0.approved_at,
        g1_0.approved_by,
        g1_0.average_rating,
        g1_0.bio,
        g1_0.city,
        g1_0.created_at,
        g1_0.daily_rate,
        g1_0.experience_years,
        g1_0.expertise_areas,
        g1_0.hourly_rate,
        g1_0.intro_video_url,
        g1_0.is_approved,
        g1_0.is_available,
        g1_0.is_verified,
        g1_0.languages,
        g1_0.profile_image_url,
        g1_0.rejection_reason,
        g1_0.state,
        g1_0.total_bookings,
        g1_0.total_reviews,
        g1_0.updated_at,
        g1_0.user_id,
        g1_0.verification_documents,
        u1_0.is_active,
        u1_0.last_login,
        u1_0.last_name,
        u1_0.password_hash,
        u1_0.phone,
        u1_0.phone_verified,
        u1_0.profile_image_url,
        r1_0.user_id,
        r1_1.id,
        r1_1.created_at,
        r1_1.description,
        r1_1.name,
        r1_1.updated_at,
        u1_0.updated_at 
    from
        users u1_0 
    left join
        guides g1_0 
            on u1_0.id=g1_0.user_id 
    left join
        user_roles r1_0 
            on u1_0.id=r1_0.user_id 
    left join
        roles r1_1 
            on r1_1.id=r1_0.role_id 
    where
        u1_0.id=?
2026-04-16 12:29:09 [http-nio-8080-exec-6] DEBUG org.hibernate.SQL - 
    select
        p1_0.id,
        p1_0.amount,
        p1_0.booking_id,
        p1_0.created_at,
        p1_0.currency,
        p1_0.payment_date,
        p1_0.payment_method,
        p1_0.payment_status,
        p1_0.razorpay_order_id,
        p1_0.razorpay_payment_id,
        p1_0.razorpay_signature,
        p1_0.refund_amount,
        p1_0.refund_id,
        p1_0.refunded_at,
        p1_0.updated_at,
        p1_0.user_id 
    from
        payments p1_0 
    where
        p1_0.booking_id=?
2026-04-16 12:29:09 [http-nio-8080-exec-6] DEBUG org.hibernate.SQL - 
    select
        r1_0.id,
        r1_0.booking_id,
        r1_0.created_at,
        r1_0.guide_id,
        r1_0.helpful_count,
        r1_0.is_public,
        r1_0.rating,
        r1_0.review_text,
        r1_0.updated_at,
        r1_0.user_id 
    from
        reviews r1_0 
    where
        r1_0.booking_id=?
2026-04-16 12:29:09 [http-nio-8080-exec-3] DEBUG org.hibernate.SQL - 
    select
        u1_0.id,
        u1_0.created_at,
        u1_0.email,
        u1_0.email_verified,
        u1_0.first_name,
        g1_0.id,
        g1_0.aadhar_number,
        g1_0.aadhar_verified,
        g1_0.admin_notes,
        g1_0.approved_at,
        g1_0.approved_by,
        g1_0.average_rating,
        g1_0.bio,
        g1_0.city,
        g1_0.created_at,
        g1_0.daily_rate,
        g1_0.experience_years,
        g1_0.expertise_areas,
        g1_0.hourly_rate,
        g1_0.intro_video_url,
        g1_0.is_approved,
        g1_0.is_available,
        g1_0.is_verified,
        g1_0.languages,
        g1_0.profile_image_url,
        g1_0.rejection_reason,
        g1_0.state,
        g1_0.total_bookings,
        g1_0.total_reviews,
        g1_0.updated_at,
        g1_0.user_id,
        g1_0.verification_documents,
        u1_0.is_active,
        u1_0.last_login,
        u1_0.last_name,
        u1_0.password_hash,
        u1_0.phone,
        u1_0.phone_verified,
        u1_0.profile_image_url,
        r1_0.user_id,
        r1_1.id,
        r1_1.created_at,
        r1_1.description,
        r1_1.name,
        r1_1.updated_at,
        u1_0.updated_at 
    from
        users u1_0 
    left join
        guides g1_0 
            on u1_0.id=g1_0.user_id 
    left join
        user_roles r1_0 
            on u1_0.id=r1_0.user_id 
    left join
        roles r1_1 
            on r1_1.id=r1_0.role_id 
    where
        u1_0.id=?
2026-04-16 12:29:09 [http-nio-8080-exec-6] DEBUG org.hibernate.SQL - 
    select
        u1_0.id,
        u1_0.created_at,
        u1_0.email,
        u1_0.email_verified,
        u1_0.first_name,
        g1_0.id,
        g1_0.aadhar_number,
        g1_0.aadhar_verified,
        g1_0.admin_notes,
        g1_0.approved_at,
        g1_0.approved_by,
        g1_0.average_rating,
        g1_0.bio,
        g1_0.city,
        g1_0.created_at,
        g1_0.daily_rate,
        g1_0.experience_years,
        g1_0.expertise_areas,
        g1_0.hourly_rate,
        g1_0.intro_video_url,
        g1_0.is_approved,
        g1_0.is_available,
        g1_0.is_verified,
        g1_0.languages,
        g1_0.profile_image_url,
        g1_0.rejection_reason,
        g1_0.state,
        g1_0.total_bookings,
        g1_0.total_reviews,
        g1_0.updated_at,
        g1_0.user_id,
        g1_0.verification_documents,
        u1_0.is_active,
        u1_0.last_login,
        u1_0.last_name,
        u1_0.password_hash,
        u1_0.phone,
        u1_0.phone_verified,
        u1_0.profile_image_url,
        r1_0.user_id,
        r1_1.id,
        r1_1.created_at,
        r1_1.description,
        r1_1.name,
        r1_1.updated_at,
        u1_0.updated_at 
    from
        users u1_0 
    left join
        guides g1_0 
            on u1_0.id=g1_0.user_id 
    left join
        user_roles r1_0 
            on u1_0.id=r1_0.user_id 
    left join
        roles r1_1 
            on r1_1.id=r1_0.role_id 
    where
        u1_0.id=?
2026-04-16 12:29:09 [http-nio-8080-exec-3] DEBUG org.hibernate.SQL - 
    select
        u1_0.id,
        u1_0.created_at,
        u1_0.email,
        u1_0.email_verified,
        u1_0.first_name,
        g1_0.id,
        g1_0.aadhar_number,
        g1_0.aadhar_verified,
        g1_0.admin_notes,
        g1_0.approved_at,
        g1_0.approved_by,
        g1_0.average_rating,
        g1_0.bio,
        g1_0.city,
        g1_0.created_at,
        g1_0.daily_rate,
        g1_0.experience_years,
        g1_0.expertise_areas,
        g1_0.hourly_rate,
        g1_0.intro_video_url,
        g1_0.is_approved,
        g1_0.is_available,
        g1_0.is_verified,
        g1_0.languages,
        g1_0.profile_image_url,
        g1_0.rejection_reason,
        g1_0.state,
        g1_0.total_bookings,
        g1_0.total_reviews,
        g1_0.updated_at,
        g1_0.user_id,
        g1_0.verification_documents,
        u1_0.is_active,
        u1_0.last_login,
        u1_0.last_name,
        u1_0.password_hash,
        u1_0.phone,
        u1_0.phone_verified,
        u1_0.profile_image_url,
        r1_0.user_id,
        r1_1.id,
        r1_1.created_at,
        r1_1.description,
        r1_1.name,
        r1_1.updated_at,
        u1_0.updated_at 
    from
        users u1_0 
    left join
        guides g1_0 
            on u1_0.id=g1_0.user_id 
    left join
        user_roles r1_0 
            on u1_0.id=r1_0.user_id 
    left join
        roles r1_1 
            on r1_1.id=r1_0.role_id 
    where
        u1_0.id=?
2026-04-16 12:29:09 [http-nio-8080-exec-6] DEBUG org.hibernate.SQL - 
    select
        p1_0.id,
        p1_0.amount,
        p1_0.booking_id,
        p1_0.created_at,
        p1_0.currency,
        p1_0.payment_date,
        p1_0.payment_method,
        p1_0.payment_status,
        p1_0.razorpay_order_id,
        p1_0.razorpay_payment_id,
        p1_0.razorpay_signature,
        p1_0.refund_amount,
        p1_0.refund_id,
        p1_0.refunded_at,
        p1_0.updated_at,
        p1_0.user_id 
    from
        payments p1_0 
    where
        p1_0.booking_id=?
2026-04-16 12:29:09 [http-nio-8080-exec-6] DEBUG org.hibernate.SQL - 
    select
        r1_0.id,
        r1_0.booking_id,
        r1_0.created_at,
        r1_0.guide_id,
        r1_0.helpful_count,
        r1_0.is_public,
        r1_0.rating,
        r1_0.review_text,
        r1_0.updated_at,
        r1_0.user_id 
    from
        reviews r1_0 
    where
        r1_0.booking_id=?
2026-04-16 12:29:09 [http-nio-8080-exec-3] DEBUG org.hibernate.SQL - 
    select
        count(b1_0.id) 
    from
        bookings b1_0 
    left join
        guides g1_0 
            on g1_0.id=b1_0.guide_id 
    where
        g1_0.id=? 
        and b1_0.status=?
2026-04-16 12:29:09 [http-nio-8080-exec-6] DEBUG org.hibernate.SQL - 
    select
        p1_0.id,
        p1_0.amount,
        p1_0.booking_id,
        p1_0.created_at,
        p1_0.currency,
        p1_0.payment_date,
        p1_0.payment_method,
        p1_0.payment_status,
        p1_0.razorpay_order_id,
        p1_0.razorpay_payment_id,
        p1_0.razorpay_signature,
        p1_0.refund_amount,
        p1_0.refund_id,
        p1_0.refunded_at,
        p1_0.updated_at,
        p1_0.user_id 
    from
        payments p1_0 
    where
        p1_0.booking_id=?
2026-04-16 12:29:09 [http-nio-8080-exec-6] DEBUG org.hibernate.SQL - 
    select
        r1_0.id,
        r1_0.booking_id,
        r1_0.created_at,
        r1_0.guide_id,
        r1_0.helpful_count,
        r1_0.is_public,
        r1_0.rating,
        r1_0.review_text,
        r1_0.updated_at,
        r1_0.user_id 
    from
        reviews r1_0 
    where
        r1_0.booking_id=?
2026-04-16 12:29:09 [http-nio-8080-exec-3] DEBUG org.hibernate.SQL - 
    select
        coalesce(sum(b1_0.guide_earnings), 0) 
    from
        bookings b1_0 
    where
        b1_0.guide_id=? 
        and b1_0.status in (?, ?)
2026-04-16 12:29:09 [http-nio-8080-exec-6] DEBUG org.hibernate.SQL - 
    select
        p1_0.id,
        p1_0.amount,
        p1_0.booking_id,
        p1_0.created_at,
        p1_0.currency,
        p1_0.payment_date,
        p1_0.payment_method,
        p1_0.payment_status,
        p1_0.razorpay_order_id,
        p1_0.razorpay_payment_id,
        p1_0.razorpay_signature,
        p1_0.refund_amount,
        p1_0.refund_id,
        p1_0.refunded_at,
        p1_0.updated_at,
        p1_0.user_id 
    from
        payments p1_0 
    where
        p1_0.booking_id=?
2026-04-16 12:29:09 [http-nio-8080-exec-6] DEBUG org.hibernate.SQL - 
    select
        r1_0.id,
        r1_0.booking_id,
        r1_0.created_at,
        r1_0.guide_id,
        r1_0.helpful_count,
        r1_0.is_public,
        r1_0.rating,
        r1_0.review_text,
        r1_0.updated_at,
        r1_0.user_id 
    from
        reviews r1_0 
    where
        r1_0.booking_id=?
2026-04-16 12:29:09 [http-nio-8080-exec-3] DEBUG org.hibernate.SQL - 
    select
        count(b1_0.id) 
    from
        bookings b1_0 
    left join
        guides g1_0 
            on g1_0.id=b1_0.guide_id 
    where
        g1_0.id=? 
        and b1_0.status=?
2026-04-16 12:29:09 [http-nio-8080-exec-6] DEBUG org.hibernate.SQL - 
    select
        p1_0.id,
        p1_0.amount,
        p1_0.booking_id,
        p1_0.created_at,
        p1_0.currency,
        p1_0.payment_date,
        p1_0.payment_method,
        p1_0.payment_status,
        p1_0.razorpay_order_id,
        p1_0.razorpay_payment_id,
        p1_0.razorpay_signature,
        p1_0.refund_amount,
        p1_0.refund_id,
        p1_0.refunded_at,
        p1_0.updated_at,
        p1_0.user_id 
    from
        payments p1_0 
    where
        p1_0.booking_id=?
2026-04-16 12:29:09 [http-nio-8080-exec-6] DEBUG org.hibernate.SQL - 
    select
        r1_0.id,
        r1_0.booking_id,
        r1_0.created_at,
        r1_0.guide_id,
        r1_0.helpful_count,
        r1_0.is_public,
        r1_0.rating,
        r1_0.review_text,
        r1_0.updated_at,
        r1_0.user_id 
    from
        reviews r1_0 
    where
        r1_0.booking_id=?
2026-04-16 12:29:09 [http-nio-8080-exec-3] DEBUG org.hibernate.SQL - 
    select
        coalesce(sum(b1_0.guide_earnings), 0) 
    from
        bookings b1_0 
    where
        b1_0.guide_id=? 
        and b1_0.status in (?, ?)
2026-04-16 12:29:09 [http-nio-8080-exec-6] DEBUG org.hibernate.SQL - 
    select
        p1_0.id,
        p1_0.amount,
        p1_0.booking_id,
        p1_0.created_at,
        p1_0.currency,
        p1_0.payment_date,
        p1_0.payment_method,
        p1_0.payment_status,
        p1_0.razorpay_order_id,
        p1_0.razorpay_payment_id,
        p1_0.razorpay_signature,
        p1_0.refund_amount,
        p1_0.refund_id,
        p1_0.refunded_at,
        p1_0.updated_at,
        p1_0.user_id 
    from
        payments p1_0 
    where
        p1_0.booking_id=?
2026-04-16 12:29:09 [http-nio-8080-exec-3] DEBUG org.hibernate.SQL - 
    select
        count(b1_0.id) 
    from
        bookings b1_0 
    left join
        guides g1_0 
            on g1_0.id=b1_0.guide_id 
    where
        g1_0.id=? 
        and b1_0.status=?
2026-04-16 12:29:09 [http-nio-8080-exec-6] DEBUG org.hibernate.SQL - 
    select
        r1_0.id,
        r1_0.booking_id,
        r1_0.created_at,
        r1_0.guide_id,
        r1_0.helpful_count,
        r1_0.is_public,
        r1_0.rating,
        r1_0.review_text,
        r1_0.updated_at,
        r1_0.user_id 
    from
        reviews r1_0 
    where
        r1_0.booking_id=?
2026-04-16 12:29:09 [http-nio-8080-exec-6] DEBUG org.hibernate.SQL - 
    select
        p1_0.id,
        p1_0.amount,
        p1_0.booking_id,
        p1_0.created_at,
        p1_0.currency,
        p1_0.payment_date,
        p1_0.payment_method,
        p1_0.payment_status,
        p1_0.razorpay_order_id,
        p1_0.razorpay_payment_id,
        p1_0.razorpay_signature,
        p1_0.refund_amount,
        p1_0.refund_id,
        p1_0.refunded_at,
        p1_0.updated_at,
        p1_0.user_id 
    from
        payments p1_0 
    where
        p1_0.booking_id=?
2026-04-16 12:29:09 [http-nio-8080-exec-3] DEBUG org.hibernate.SQL - 
    select
        coalesce(sum(b1_0.guide_earnings), 0) 
    from
        bookings b1_0 
    where
        b1_0.guide_id=? 
        and b1_0.status in (?, ?)
2026-04-16 12:29:09 [http-nio-8080-exec-6] DEBUG org.hibernate.SQL - 
    select
        r1_0.id,
        r1_0.booking_id,
        r1_0.created_at,
        r1_0.guide_id,
        r1_0.helpful_count,
        r1_0.is_public,
        r1_0.rating,
        r1_0.review_text,
        r1_0.updated_at,
        r1_0.user_id 
    from
        reviews r1_0 
    where
        r1_0.booking_id=?
2026-04-16 12:29:09 [http-nio-8080-exec-3] DEBUG org.hibernate.SQL - 
    select
        count(b1_0.id) 
    from
        bookings b1_0 
    left join
        guides g1_0 
            on g1_0.id=b1_0.guide_id 
    where
        g1_0.id=? 
        and b1_0.status=?
2026-04-16 12:29:09 [http-nio-8080-exec-6] DEBUG org.hibernate.SQL - 
    select
        p1_0.id,
        p1_0.amount,
        p1_0.booking_id,
        p1_0.created_at,
        p1_0.currency,
        p1_0.payment_date,
        p1_0.payment_method,
        p1_0.payment_status,
        p1_0.razorpay_order_id,
        p1_0.razorpay_payment_id,
        p1_0.razorpay_signature,
        p1_0.refund_amount,
        p1_0.refund_id,
        p1_0.refunded_at,
        p1_0.updated_at,
        p1_0.user_id 
    from
        payments p1_0 
    where
        p1_0.booking_id=?
2026-04-16 12:29:09 [http-nio-8080-exec-3] DEBUG org.hibernate.SQL - 
    select
        coalesce(sum(b1_0.guide_earnings), 0) 
    from
        bookings b1_0 
    where
        b1_0.guide_id=? 
        and b1_0.status in (?, ?)
2026-04-16 12:29:09 [http-nio-8080-exec-6] DEBUG org.hibernate.SQL - 
    select
        r1_0.id,
        r1_0.booking_id,
        r1_0.created_at,
        r1_0.guide_id,
        r1_0.helpful_count,
        r1_0.is_public,
        r1_0.rating,
        r1_0.review_text,
        r1_0.updated_at,
        r1_0.user_id 
    from
        reviews r1_0 
    where
        r1_0.booking_id=?
2026-04-16 12:29:09 [http-nio-8080-exec-6] DEBUG org.hibernate.SQL - 
    select
        p1_0.id,
        p1_0.amount,
        p1_0.booking_id,
        p1_0.created_at,
        p1_0.currency,
        p1_0.payment_date,
        p1_0.payment_method,
        p1_0.payment_status,
        p1_0.razorpay_order_id,
        p1_0.razorpay_payment_id,
        p1_0.razorpay_signature,
        p1_0.refund_amount,
        p1_0.refund_id,
        p1_0.refunded_at,
        p1_0.updated_at,
        p1_0.user_id 
    from
        payments p1_0 
    where
        p1_0.booking_id=?
2026-04-16 12:29:09 [http-nio-8080-exec-3] DEBUG org.hibernate.SQL - 
    select
        count(b1_0.id) 
    from
        bookings b1_0 
    left join
        guides g1_0 
            on g1_0.id=b1_0.guide_id 
    where
        g1_0.id=? 
        and b1_0.status=?
2026-04-16 12:29:09 [http-nio-8080-exec-6] DEBUG org.hibernate.SQL - 
    select
        r1_0.id,
        r1_0.booking_id,
        r1_0.created_at,
        r1_0.guide_id,
        r1_0.helpful_count,
        r1_0.is_public,
        r1_0.rating,
        r1_0.review_text,
        r1_0.updated_at,
        r1_0.user_id 
    from
        reviews r1_0 
    where
        r1_0.booking_id=?
2026-04-16 12:29:09 [http-nio-8080-exec-6] DEBUG org.hibernate.SQL - 
    select
        u1_0.id,
        u1_0.created_at,
        u1_0.email,
        u1_0.email_verified,
        u1_0.first_name,
        g1_0.id,
        g1_0.aadhar_number,
        g1_0.aadhar_verified,
        g1_0.admin_notes,
        g1_0.approved_at,
        g1_0.approved_by,
        g1_0.average_rating,
        g1_0.bio,
        g1_0.city,
        g1_0.created_at,
        g1_0.daily_rate,
        g1_0.experience_years,
        g1_0.expertise_areas,
        g1_0.hourly_rate,
        g1_0.intro_video_url,
        g1_0.is_approved,
        g1_0.is_available,
        g1_0.is_verified,
        g1_0.languages,
        g1_0.profile_image_url,
        g1_0.rejection_reason,
        g1_0.state,
        g1_0.total_bookings,
        g1_0.total_reviews,
        g1_0.updated_at,
        g1_0.user_id,
        g1_0.verification_documents,
        u1_0.is_active,
        u1_0.last_login,
        u1_0.last_name,
        u1_0.password_hash,
        u1_0.phone,
        u1_0.phone_verified,
        u1_0.profile_image_url,
        r1_0.user_id,
        r1_1.id,
        r1_1.created_at,
        r1_1.description,
        r1_1.name,
        r1_1.updated_at,
        u1_0.updated_at 
    from
        users u1_0 
    left join
        guides g1_0 
            on u1_0.id=g1_0.user_id 
    left join
        user_roles r1_0 
            on u1_0.id=r1_0.user_id 
    left join
        roles r1_1 
            on r1_1.id=r1_0.role_id 
    where
        u1_0.id=?
2026-04-16 12:29:09 [http-nio-8080-exec-3] DEBUG org.hibernate.SQL - 
    select
        coalesce(sum(b1_0.guide_earnings), 0) 
    from
        bookings b1_0 
    where
        b1_0.guide_id=? 
        and b1_0.status in (?, ?)
2026-04-16 12:29:09 [http-nio-8080-exec-6] DEBUG org.hibernate.SQL - 
    select
        p1_0.id,
        p1_0.amount,
        p1_0.booking_id,
        p1_0.created_at,
        p1_0.currency,
        p1_0.payment_date,
        p1_0.payment_method,
        p1_0.payment_status,
        p1_0.razorpay_order_id,
        p1_0.razorpay_payment_id,
        p1_0.razorpay_signature,
        p1_0.refund_amount,
        p1_0.refund_id,
        p1_0.refunded_at,
        p1_0.updated_at,
        p1_0.user_id 
    from
        payments p1_0 
    where
        p1_0.booking_id=?
2026-04-16 12:29:09 [http-nio-8080-exec-3] DEBUG org.hibernate.SQL - 
    select
        count(b1_0.id) 
    from
        bookings b1_0 
    left join
        guides g1_0 
            on g1_0.id=b1_0.guide_id 
    where
        g1_0.id=? 
        and b1_0.status=?
2026-04-16 12:29:09 [http-nio-8080-exec-6] DEBUG org.hibernate.SQL - 
    select
        r1_0.id,
        r1_0.booking_id,
        r1_0.created_at,
        r1_0.guide_id,
        r1_0.helpful_count,
        r1_0.is_public,
        r1_0.rating,
        r1_0.review_text,
        r1_0.updated_at,
        r1_0.user_id 
    from
        reviews r1_0 
    where
        r1_0.booking_id=?
2026-04-16 12:29:09 [http-nio-8080-exec-6] DEBUG org.hibernate.SQL - 
    select
        p1_0.id,
        p1_0.amount,
        p1_0.booking_id,
        p1_0.created_at,
        p1_0.currency,
        p1_0.payment_date,
        p1_0.payment_method,
        p1_0.payment_status,
        p1_0.razorpay_order_id,
        p1_0.razorpay_payment_id,
        p1_0.razorpay_signature,
        p1_0.refund_amount,
        p1_0.refund_id,
        p1_0.refunded_at,
        p1_0.updated_at,
        p1_0.user_id 
    from
        payments p1_0 
    where
        p1_0.booking_id=?
2026-04-16 12:29:09 [http-nio-8080-exec-3] DEBUG org.hibernate.SQL - 
    select
        coalesce(sum(b1_0.guide_earnings), 0) 
    from
        bookings b1_0 
    where
        b1_0.guide_id=? 
        and b1_0.status in (?, ?)
2026-04-16 12:29:09 [http-nio-8080-exec-6] DEBUG org.hibernate.SQL - 
    select
        r1_0.id,
        r1_0.booking_id,
        r1_0.created_at,
        r1_0.guide_id,
        r1_0.helpful_count,
        r1_0.is_public,
        r1_0.rating,
        r1_0.review_text,
        r1_0.updated_at,
        r1_0.user_id 
    from
        reviews r1_0 
    where
        r1_0.booking_id=?
2026-04-16 12:29:09 [http-nio-8080-exec-3] DEBUG org.hibernate.SQL - 
    select
        count(b1_0.id) 
    from
        bookings b1_0 
    left join
        guides g1_0 
            on g1_0.id=b1_0.guide_id 
    where
        g1_0.id=? 
        and b1_0.status=?
2026-04-16 12:29:09 [http-nio-8080-exec-6] DEBUG org.hibernate.SQL - 
    select
        p1_0.id,
        p1_0.amount,
        p1_0.booking_id,
        p1_0.created_at,
        p1_0.currency,
        p1_0.payment_date,
        p1_0.payment_method,
        p1_0.payment_status,
        p1_0.razorpay_order_id,
        p1_0.razorpay_payment_id,
        p1_0.razorpay_signature,
        p1_0.refund_amount,
        p1_0.refund_id,
        p1_0.refunded_at,
        p1_0.updated_at,
        p1_0.user_id 
    from
        payments p1_0 
    where
        p1_0.booking_id=?
2026-04-16 12:29:09 [http-nio-8080-exec-6] DEBUG org.hibernate.SQL - 
    select
        r1_0.id,
        r1_0.booking_id,
        r1_0.created_at,
        r1_0.guide_id,
        r1_0.helpful_count,
        r1_0.is_public,
        r1_0.rating,
        r1_0.review_text,
        r1_0.updated_at,
        r1_0.user_id 
    from
        reviews r1_0 
    where
        r1_0.booking_id=?
2026-04-16 12:29:09 [http-nio-8080-exec-3] DEBUG org.hibernate.SQL - 
    select
        coalesce(sum(b1_0.guide_earnings), 0) 
    from
        bookings b1_0 
    where
        b1_0.guide_id=? 
        and b1_0.status in (?, ?)
2026-04-16 12:29:09 [http-nio-8080-exec-6] DEBUG org.hibernate.SQL - 
    select
        p1_0.id,
        p1_0.amount,
        p1_0.booking_id,
        p1_0.created_at,
        p1_0.currency,
        p1_0.payment_date,
        p1_0.payment_method,
        p1_0.payment_status,
        p1_0.razorpay_order_id,
        p1_0.razorpay_payment_id,
        p1_0.razorpay_signature,
        p1_0.refund_amount,
        p1_0.refund_id,
        p1_0.refunded_at,
        p1_0.updated_at,
        p1_0.user_id 
    from
        payments p1_0 
    where
        p1_0.booking_id=?
2026-04-16 12:29:09 [http-nio-8080-exec-6] DEBUG org.hibernate.SQL - 
    select
        r1_0.id,
        r1_0.booking_id,
        r1_0.created_at,
        r1_0.guide_id,
        r1_0.helpful_count,
        r1_0.is_public,
        r1_0.rating,
        r1_0.review_text,
        r1_0.updated_at,
        r1_0.user_id 
    from
        reviews r1_0 
    where
        r1_0.booking_id=?
2026-04-16 12:29:09 [http-nio-8080-exec-3] DEBUG org.hibernate.SQL - 
    select
        count(b1_0.id) 
    from
        bookings b1_0 
    left join
        guides g1_0 
            on g1_0.id=b1_0.guide_id 
    where
        g1_0.id=? 
        and b1_0.status=?
2026-04-16 12:29:09 [http-nio-8080-exec-6] DEBUG org.hibernate.SQL - 
    select
        p1_0.id,
        p1_0.amount,
        p1_0.booking_id,
        p1_0.created_at,
        p1_0.currency,
        p1_0.payment_date,
        p1_0.payment_method,
        p1_0.payment_status,
        p1_0.razorpay_order_id,
        p1_0.razorpay_payment_id,
        p1_0.razorpay_signature,
        p1_0.refund_amount,
        p1_0.refund_id,
        p1_0.refunded_at,
        p1_0.updated_at,
        p1_0.user_id 
    from
        payments p1_0 
    where
        p1_0.booking_id=?
2026-04-16 12:29:09 [http-nio-8080-exec-3] DEBUG org.hibernate.SQL - 
    select
        coalesce(sum(b1_0.guide_earnings), 0) 
    from
        bookings b1_0 
    where
        b1_0.guide_id=? 
        and b1_0.status in (?, ?)
2026-04-16 12:29:09 [http-nio-8080-exec-6] DEBUG org.hibernate.SQL - 
    select
        r1_0.id,
        r1_0.booking_id,
        r1_0.created_at,
        r1_0.guide_id,
        r1_0.helpful_count,
        r1_0.is_public,
        r1_0.rating,
        r1_0.review_text,
        r1_0.updated_at,
        r1_0.user_id 
    from
        reviews r1_0 
    where
        r1_0.booking_id=?
2026-04-16 12:29:09 [http-nio-8080-exec-6] DEBUG org.hibernate.SQL - 
    select
        p1_0.id,
        p1_0.amount,
        p1_0.booking_id,
        p1_0.created_at,
        p1_0.currency,
        p1_0.payment_date,
        p1_0.payment_method,
        p1_0.payment_status,
        p1_0.razorpay_order_id,
        p1_0.razorpay_payment_id,
        p1_0.razorpay_signature,
        p1_0.refund_amount,
        p1_0.refund_id,
        p1_0.refunded_at,
        p1_0.updated_at,
        p1_0.user_id 
    from
        payments p1_0 
    where
        p1_0.booking_id=?
2026-04-16 12:29:09 [http-nio-8080-exec-3] DEBUG org.hibernate.SQL - 
    select
        count(b1_0.id) 
    from
        bookings b1_0 
    left join
        guides g1_0 
            on g1_0.id=b1_0.guide_id 
    where
        g1_0.id=? 
        and b1_0.status=?
2026-04-16 12:29:09 [http-nio-8080-exec-6] DEBUG org.hibernate.SQL - 
    select
        r1_0.id,
        r1_0.booking_id,
        r1_0.created_at,
        r1_0.guide_id,
        r1_0.helpful_count,
        r1_0.is_public,
        r1_0.rating,
        r1_0.review_text,
        r1_0.updated_at,
        r1_0.user_id 
    from
        reviews r1_0 
    where
        r1_0.booking_id=?
2026-04-16 12:29:09 [http-nio-8080-exec-6] DEBUG org.hibernate.SQL - 
    select
        p1_0.id,
        p1_0.amount,
        p1_0.booking_id,
        p1_0.created_at,
        p1_0.currency,
        p1_0.payment_date,
        p1_0.payment_method,
        p1_0.payment_status,
        p1_0.razorpay_order_id,
        p1_0.razorpay_payment_id,
        p1_0.razorpay_signature,
        p1_0.refund_amount,
        p1_0.refund_id,
        p1_0.refunded_at,
        p1_0.updated_at,
        p1_0.user_id 
    from
        payments p1_0 
    where
        p1_0.booking_id=?
2026-04-16 12:29:09 [http-nio-8080-exec-3] DEBUG org.hibernate.SQL - 
    select
        coalesce(sum(b1_0.guide_earnings), 0) 
    from
        bookings b1_0 
    where
        b1_0.guide_id=? 
        and b1_0.status in (?, ?)
2026-04-16 12:29:09 [http-nio-8080-exec-6] DEBUG org.hibernate.SQL - 
    select
        r1_0.id,
        r1_0.booking_id,
        r1_0.created_at,
        r1_0.guide_id,
        r1_0.helpful_count,
        r1_0.is_public,
        r1_0.rating,
        r1_0.review_text,
        r1_0.updated_at,
        r1_0.user_id 
    from
        reviews r1_0 
    where
        r1_0.booking_id=?
2026-04-16 12:29:09 [http-nio-8080-exec-3] DEBUG org.hibernate.SQL - 
    select
        count(b1_0.id) 
    from
        bookings b1_0 
    left join
        guides g1_0 
            on g1_0.id=b1_0.guide_id 
    where
        g1_0.id=? 
        and b1_0.status=?
2026-04-16 12:29:09 [http-nio-8080-exec-6] DEBUG org.hibernate.SQL - 
    select
        p1_0.id,
        p1_0.amount,
        p1_0.booking_id,
        p1_0.created_at,
        p1_0.currency,
        p1_0.payment_date,
        p1_0.payment_method,
        p1_0.payment_status,
        p1_0.razorpay_order_id,
        p1_0.razorpay_payment_id,
        p1_0.razorpay_signature,
        p1_0.refund_amount,
        p1_0.refund_id,
        p1_0.refunded_at,
        p1_0.updated_at,
        p1_0.user_id 
    from
        payments p1_0 
    where
        p1_0.booking_id=?
2026-04-16 12:29:09 [http-nio-8080-exec-3] DEBUG org.hibernate.SQL - 
    select
        coalesce(sum(b1_0.guide_earnings), 0) 
    from
        bookings b1_0 
    where
        b1_0.guide_id=? 
        and b1_0.status in (?, ?)
2026-04-16 12:29:09 [http-nio-8080-exec-6] DEBUG org.hibernate.SQL - 
    select
        r1_0.id,
        r1_0.booking_id,
        r1_0.created_at,
        r1_0.guide_id,
        r1_0.helpful_count,
        r1_0.is_public,
        r1_0.rating,
        r1_0.review_text,
        r1_0.updated_at,
        r1_0.user_id 
    from
        reviews r1_0 
    where
        r1_0.booking_id=?
2026-04-16 12:29:09 [http-nio-8080-exec-6] DEBUG org.hibernate.SQL - 
    select
        u1_0.id,
        u1_0.created_at,
        u1_0.email,
        u1_0.email_verified,
        u1_0.first_name,
        g1_0.id,
        g1_0.aadhar_number,
        g1_0.aadhar_verified,
        g1_0.admin_notes,
        g1_0.approved_at,
        g1_0.approved_by,
        g1_0.average_rating,
        g1_0.bio,
        g1_0.city,
        g1_0.created_at,
        g1_0.daily_rate,
        g1_0.experience_years,
        g1_0.expertise_areas,
        g1_0.hourly_rate,
        g1_0.intro_video_url,
        g1_0.is_approved,
        g1_0.is_available,
        g1_0.is_verified,
        g1_0.languages,
        g1_0.profile_image_url,
        g1_0.rejection_reason,
        g1_0.state,
        g1_0.total_bookings,
        g1_0.total_reviews,
        g1_0.updated_at,
        g1_0.user_id,
        g1_0.verification_documents,
        u1_0.is_active,
        u1_0.last_login,
        u1_0.last_name,
        u1_0.password_hash,
        u1_0.phone,
        u1_0.phone_verified,
        u1_0.profile_image_url,
        r1_0.user_id,
        r1_1.id,
        r1_1.created_at,
        r1_1.description,
        r1_1.name,
        r1_1.updated_at,
        u1_0.updated_at 
    from
        users u1_0 
    left join
        guides g1_0 
            on u1_0.id=g1_0.user_id 
    left join
        user_roles r1_0 
            on u1_0.id=r1_0.user_id 
    left join
        roles r1_1 
            on r1_1.id=r1_0.role_id 
    where
        u1_0.id=?
2026-04-16 12:29:09 [http-nio-8080-exec-3] DEBUG org.hibernate.SQL - 
    select
        count(b1_0.id) 
    from
        bookings b1_0 
    left join
        guides g1_0 
            on g1_0.id=b1_0.guide_id 
    where
        g1_0.id=? 
        and b1_0.status=?
2026-04-16 12:29:09 [http-nio-8080-exec-6] DEBUG org.hibernate.SQL - 
    select
        p1_0.id,
        p1_0.amount,
        p1_0.booking_id,
        p1_0.created_at,
        p1_0.currency,
        p1_0.payment_date,
        p1_0.payment_method,
        p1_0.payment_status,
        p1_0.razorpay_order_id,
        p1_0.razorpay_payment_id,
        p1_0.razorpay_signature,
        p1_0.refund_amount,
        p1_0.refund_id,
        p1_0.refunded_at,
        p1_0.updated_at,
        p1_0.user_id 
    from
        payments p1_0 
    where
        p1_0.booking_id=?
2026-04-16 12:29:09 [http-nio-8080-exec-3] DEBUG org.hibernate.SQL - 
    select
        coalesce(sum(b1_0.guide_earnings), 0) 
    from
        bookings b1_0 
    where
        b1_0.guide_id=? 
        and b1_0.status in (?, ?)
2026-04-16 12:29:09 [http-nio-8080-exec-6] DEBUG org.hibernate.SQL - 
    select
        r1_0.id,
        r1_0.booking_id,
        r1_0.created_at,
        r1_0.guide_id,
        r1_0.helpful_count,
        r1_0.is_public,
        r1_0.rating,
        r1_0.review_text,
        r1_0.updated_at,
        r1_0.user_id 
    from
        reviews r1_0 
    where
        r1_0.booking_id=?
2026-04-16 12:29:09 [http-nio-8080-exec-6] DEBUG org.hibernate.SQL - 
    select
        p1_0.id,
        p1_0.amount,
        p1_0.booking_id,
        p1_0.created_at,
        p1_0.currency,
        p1_0.payment_date,
        p1_0.payment_method,
        p1_0.payment_status,
        p1_0.razorpay_order_id,
        p1_0.razorpay_payment_id,
        p1_0.razorpay_signature,
        p1_0.refund_amount,
        p1_0.refund_id,
        p1_0.refunded_at,
        p1_0.updated_at,
        p1_0.user_id 
    from
        payments p1_0 
    where
        p1_0.booking_id=?
2026-04-16 12:29:09 [http-nio-8080-exec-3] DEBUG org.hibernate.SQL - 
    select
        count(b1_0.id) 
    from
        bookings b1_0 
    left join
        guides g1_0 
            on g1_0.id=b1_0.guide_id 
    where
        g1_0.id=? 
        and b1_0.status=?
2026-04-16 12:29:09 [http-nio-8080-exec-6] DEBUG org.hibernate.SQL - 
    select
        r1_0.id,
        r1_0.booking_id,
        r1_0.created_at,
        r1_0.guide_id,
        r1_0.helpful_count,
        r1_0.is_public,
        r1_0.rating,
        r1_0.review_text,
        r1_0.updated_at,
        r1_0.user_id 
    from
        reviews r1_0 
    where
        r1_0.booking_id=?
2026-04-16 12:29:09 [http-nio-8080-exec-3] DEBUG org.hibernate.SQL - 
    select
        coalesce(sum(b1_0.guide_earnings), 0) 
    from
        bookings b1_0 
    where
        b1_0.guide_id=? 
        and b1_0.status in (?, ?)
2026-04-16 12:29:09 [http-nio-8080-exec-6] DEBUG org.hibernate.SQL - 
    select
        p1_0.id,
        p1_0.amount,
        p1_0.booking_id,
        p1_0.created_at,
        p1_0.currency,
        p1_0.payment_date,
        p1_0.payment_method,
        p1_0.payment_status,
        p1_0.razorpay_order_id,
        p1_0.razorpay_payment_id,
        p1_0.razorpay_signature,
        p1_0.refund_amount,
        p1_0.refund_id,
        p1_0.refunded_at,
        p1_0.updated_at,
        p1_0.user_id 
    from
        payments p1_0 
    where
        p1_0.booking_id=?
2026-04-16 12:29:09 [http-nio-8080-exec-3] DEBUG org.hibernate.SQL - 
    select
        count(b1_0.id) 
    from
        bookings b1_0 
    left join
        guides g1_0 
            on g1_0.id=b1_0.guide_id 
    where
        g1_0.id=? 
        and b1_0.status=?
2026-04-16 12:29:09 [http-nio-8080-exec-6] DEBUG org.hibernate.SQL - 
    select
        r1_0.id,
        r1_0.booking_id,
        r1_0.created_at,
        r1_0.guide_id,
        r1_0.helpful_count,
        r1_0.is_public,
        r1_0.rating,
        r1_0.review_text,
        r1_0.updated_at,
        r1_0.user_id 
    from
        reviews r1_0 
    where
        r1_0.booking_id=?
2026-04-16 12:29:09 [http-nio-8080-exec-6] DEBUG org.hibernate.SQL - 
    select
        p1_0.id,
        p1_0.amount,
        p1_0.booking_id,
        p1_0.created_at,
        p1_0.currency,
        p1_0.payment_date,
        p1_0.payment_method,
        p1_0.payment_status,
        p1_0.razorpay_order_id,
        p1_0.razorpay_payment_id,
        p1_0.razorpay_signature,
        p1_0.refund_amount,
        p1_0.refund_id,
        p1_0.refunded_at,
        p1_0.updated_at,
        p1_0.user_id 
    from
        payments p1_0 
    where
        p1_0.booking_id=?
2026-04-16 12:29:09 [http-nio-8080-exec-3] DEBUG org.hibernate.SQL - 
    select
        coalesce(sum(b1_0.guide_earnings), 0) 
    from
        bookings b1_0 
    where
        b1_0.guide_id=? 
        and b1_0.status in (?, ?)
2026-04-16 12:29:09 [http-nio-8080-exec-6] DEBUG org.hibernate.SQL - 
    select
        r1_0.id,
        r1_0.booking_id,
        r1_0.created_at,
        r1_0.guide_id,
        r1_0.helpful_count,
        r1_0.is_public,
        r1_0.rating,
        r1_0.review_text,
        r1_0.updated_at,
        r1_0.user_id 
    from
        reviews r1_0 
    where
        r1_0.booking_id=?
2026-04-16 12:29:09 [http-nio-8080-exec-6] DEBUG org.hibernate.SQL - 
    select
        u1_0.id,
        u1_0.created_at,
        u1_0.email,
        u1_0.email_verified,
        u1_0.first_name,
        g1_0.id,
        g1_0.aadhar_number,
        g1_0.aadhar_verified,
        g1_0.admin_notes,
        g1_0.approved_at,
        g1_0.approved_by,
        g1_0.average_rating,
        g1_0.bio,
        g1_0.city,
        g1_0.created_at,
        g1_0.daily_rate,
        g1_0.experience_years,
        g1_0.expertise_areas,
        g1_0.hourly_rate,
        g1_0.intro_video_url,
        g1_0.is_approved,
        g1_0.is_available,
        g1_0.is_verified,
        g1_0.languages,
        g1_0.profile_image_url,
        g1_0.rejection_reason,
        g1_0.state,
        g1_0.total_bookings,
        g1_0.total_reviews,
        g1_0.updated_at,
        g1_0.user_id,
        g1_0.verification_documents,
        u1_0.is_active,
        u1_0.last_login,
        u1_0.last_name,
        u1_0.password_hash,
        u1_0.phone,
        u1_0.phone_verified,
        u1_0.profile_image_url,
        r1_0.user_id,
        r1_1.id,
        r1_1.created_at,
        r1_1.description,
        r1_1.name,
        r1_1.updated_at,
        u1_0.updated_at 
    from
        users u1_0 
    left join
        guides g1_0 
            on u1_0.id=g1_0.user_id 
    left join
        user_roles r1_0 
            on u1_0.id=r1_0.user_id 
    left join
        roles r1_1 
            on r1_1.id=r1_0.role_id 
    where
        u1_0.id=?
2026-04-16 12:29:09 [http-nio-8080-exec-3] DEBUG org.hibernate.SQL - 
    select
        count(b1_0.id) 
    from
        bookings b1_0 
    left join
        guides g1_0 
            on g1_0.id=b1_0.guide_id 
    where
        g1_0.id=? 
        and b1_0.status=?
2026-04-16 12:29:09 [http-nio-8080-exec-6] DEBUG org.hibernate.SQL - 
    select
        p1_0.id,
        p1_0.amount,
        p1_0.booking_id,
        p1_0.created_at,
        p1_0.currency,
        p1_0.payment_date,
        p1_0.payment_method,
        p1_0.payment_status,
        p1_0.razorpay_order_id,
        p1_0.razorpay_payment_id,
        p1_0.razorpay_signature,
        p1_0.refund_amount,
        p1_0.refund_id,
        p1_0.refunded_at,
        p1_0.updated_at,
        p1_0.user_id 
    from
        payments p1_0 
    where
        p1_0.booking_id=?
2026-04-16 12:29:09 [http-nio-8080-exec-3] DEBUG org.hibernate.SQL - 
    select
        coalesce(sum(b1_0.guide_earnings), 0) 
    from
        bookings b1_0 
    where
        b1_0.guide_id=? 
        and b1_0.status in (?, ?)
2026-04-16 12:29:09 [http-nio-8080-exec-6] DEBUG org.hibernate.SQL - 
    select
        r1_0.id,
        r1_0.booking_id,
        r1_0.created_at,
        r1_0.guide_id,
        r1_0.helpful_count,
        r1_0.is_public,
        r1_0.rating,
        r1_0.review_text,
        r1_0.updated_at,
        r1_0.user_id 
    from
        reviews r1_0 
    where
        r1_0.booking_id=?
2026-04-16 12:29:09 [http-nio-8080-exec-3] DEBUG org.hibernate.SQL - 
    select
        count(b1_0.id) 
    from
        bookings b1_0 
    left join
        guides g1_0 
            on g1_0.id=b1_0.guide_id 
    where
        g1_0.id=? 
        and b1_0.status=?
2026-04-16 12:29:09 [http-nio-8080-exec-6] DEBUG org.hibernate.SQL - 
    select
        p1_0.id,
        p1_0.amount,
        p1_0.booking_id,
        p1_0.created_at,
        p1_0.currency,
        p1_0.payment_date,
        p1_0.payment_method,
        p1_0.payment_status,
        p1_0.razorpay_order_id,
        p1_0.razorpay_payment_id,
        p1_0.razorpay_signature,
        p1_0.refund_amount,
        p1_0.refund_id,
        p1_0.refunded_at,
        p1_0.updated_at,
        p1_0.user_id 
    from
        payments p1_0 
    where
        p1_0.booking_id=?
2026-04-16 12:29:09 [http-nio-8080-exec-6] DEBUG org.hibernate.SQL - 
    select
        r1_0.id,
        r1_0.booking_id,
        r1_0.created_at,
        r1_0.guide_id,
        r1_0.helpful_count,
        r1_0.is_public,
        r1_0.rating,
        r1_0.review_text,
        r1_0.updated_at,
        r1_0.user_id 
    from
        reviews r1_0 
    where
        r1_0.booking_id=?
2026-04-16 12:29:09 [http-nio-8080-exec-3] DEBUG org.hibernate.SQL - 
    select
        coalesce(sum(b1_0.guide_earnings), 0) 
    from
        bookings b1_0 
    where
        b1_0.guide_id=? 
        and b1_0.status in (?, ?)
2026-04-16 12:29:09 [http-nio-8080-exec-6] DEBUG org.hibernate.SQL - 
    select
        p1_0.id,
        p1_0.amount,
        p1_0.booking_id,
        p1_0.created_at,
        p1_0.currency,
        p1_0.payment_date,
        p1_0.payment_method,
        p1_0.payment_status,
        p1_0.razorpay_order_id,
        p1_0.razorpay_payment_id,
        p1_0.razorpay_signature,
        p1_0.refund_amount,
        p1_0.refund_id,
        p1_0.refunded_at,
        p1_0.updated_at,
        p1_0.user_id 
    from
        payments p1_0 
    where
        p1_0.booking_id=?
2026-04-16 12:29:09 [http-nio-8080-exec-3] DEBUG org.hibernate.SQL - 
    select
        count(b1_0.id) 
    from
        bookings b1_0 
    left join
        guides g1_0 
            on g1_0.id=b1_0.guide_id 
    where
        g1_0.id=? 
        and b1_0.status=?
2026-04-16 12:29:09 [http-nio-8080-exec-6] DEBUG org.hibernate.SQL - 
    select
        r1_0.id,
        r1_0.booking_id,
        r1_0.created_at,
        r1_0.guide_id,
        r1_0.helpful_count,
        r1_0.is_public,
        r1_0.rating,
        r1_0.review_text,
        r1_0.updated_at,
        r1_0.user_id 
    from
        reviews r1_0 
    where
        r1_0.booking_id=?
2026-04-16 12:29:09 [http-nio-8080-exec-6] DEBUG org.hibernate.SQL - 
    select
        p1_0.id,
        p1_0.amount,
        p1_0.booking_id,
        p1_0.created_at,
        p1_0.currency,
        p1_0.payment_date,
        p1_0.payment_method,
        p1_0.payment_status,
        p1_0.razorpay_order_id,
        p1_0.razorpay_payment_id,
        p1_0.razorpay_signature,
        p1_0.refund_amount,
        p1_0.refund_id,
        p1_0.refunded_at,
        p1_0.updated_at,
        p1_0.user_id 
    from
        payments p1_0 
    where
        p1_0.booking_id=?
2026-04-16 12:29:09 [http-nio-8080-exec-3] DEBUG org.hibernate.SQL - 
    select
        coalesce(sum(b1_0.guide_earnings), 0) 
    from
        bookings b1_0 
    where
        b1_0.guide_id=? 
        and b1_0.status in (?, ?)
2026-04-16 12:29:09 [http-nio-8080-exec-6] DEBUG org.hibernate.SQL - 
    select
        r1_0.id,
        r1_0.booking_id,
        r1_0.created_at,
        r1_0.guide_id,
        r1_0.helpful_count,
        r1_0.is_public,
        r1_0.rating,
        r1_0.review_text,
        r1_0.updated_at,
        r1_0.user_id 
    from
        reviews r1_0 
    where
        r1_0.booking_id=?
2026-04-16 12:29:09 [http-nio-8080-exec-3] DEBUG org.hibernate.SQL - 
    select
        count(b1_0.id) 
    from
        bookings b1_0 
    left join
        guides g1_0 
            on g1_0.id=b1_0.guide_id 
    where
        g1_0.id=? 
        and b1_0.status=?
2026-04-16 12:29:09 [http-nio-8080-exec-6] DEBUG org.hibernate.SQL - 
    select
        p1_0.id,
        p1_0.amount,
        p1_0.booking_id,
        p1_0.created_at,
        p1_0.currency,
        p1_0.payment_date,
        p1_0.payment_method,
        p1_0.payment_status,
        p1_0.razorpay_order_id,
        p1_0.razorpay_payment_id,
        p1_0.razorpay_signature,
        p1_0.refund_amount,
        p1_0.refund_id,
        p1_0.refunded_at,
        p1_0.updated_at,
        p1_0.user_id 
    from
        payments p1_0 
    where
        p1_0.booking_id=?
2026-04-16 12:29:09 [http-nio-8080-exec-3] DEBUG org.hibernate.SQL - 
    select
        coalesce(sum(b1_0.guide_earnings), 0) 
    from
        bookings b1_0 
    where
        b1_0.guide_id=? 
        and b1_0.status in (?, ?)
2026-04-16 12:29:09 [http-nio-8080-exec-6] DEBUG org.hibernate.SQL - 
    select
        r1_0.id,
        r1_0.booking_id,
        r1_0.created_at,
        r1_0.guide_id,
        r1_0.helpful_count,
        r1_0.is_public,
        r1_0.rating,
        r1_0.review_text,
        r1_0.updated_at,
        r1_0.user_id 
    from
        reviews r1_0 
    where
        r1_0.booking_id=?
2026-04-16 12:29:09 [http-nio-8080-exec-3] DEBUG org.hibernate.SQL - 
    select
        count(b1_0.id) 
    from
        bookings b1_0 
    left join
        guides g1_0 
            on g1_0.id=b1_0.guide_id 
    where
        g1_0.id=? 
        and b1_0.status=?
2026-04-16 12:29:09 [http-nio-8080-exec-6] DEBUG org.hibernate.SQL - 
    select
        p1_0.id,
        p1_0.amount,
        p1_0.booking_id,
        p1_0.created_at,
        p1_0.currency,
        p1_0.payment_date,
        p1_0.payment_method,
        p1_0.payment_status,
        p1_0.razorpay_order_id,
        p1_0.razorpay_payment_id,
        p1_0.razorpay_signature,
        p1_0.refund_amount,
        p1_0.refund_id,
        p1_0.refunded_at,
        p1_0.updated_at,
        p1_0.user_id 
    from
        payments p1_0 
    where
        p1_0.booking_id=?
2026-04-16 12:29:09 [http-nio-8080-exec-6] DEBUG org.hibernate.SQL - 
    select
        r1_0.id,
        r1_0.booking_id,
        r1_0.created_at,
        r1_0.guide_id,
        r1_0.helpful_count,
        r1_0.is_public,
        r1_0.rating,
        r1_0.review_text,
        r1_0.updated_at,
        r1_0.user_id 
    from
        reviews r1_0 
    where
        r1_0.booking_id=?
2026-04-16 12:29:09 [http-nio-8080-exec-3] DEBUG org.hibernate.SQL - 
    select
        coalesce(sum(b1_0.guide_earnings), 0) 
    from
        bookings b1_0 
    where
        b1_0.guide_id=? 
        and b1_0.status in (?, ?)
2026-04-16 12:29:09 [http-nio-8080-exec-6] DEBUG org.hibernate.SQL - 
    select
        p1_0.id,
        p1_0.amount,
        p1_0.booking_id,
        p1_0.created_at,
        p1_0.currency,
        p1_0.payment_date,
        p1_0.payment_method,
        p1_0.payment_status,
        p1_0.razorpay_order_id,
        p1_0.razorpay_payment_id,
        p1_0.razorpay_signature,
        p1_0.refund_amount,
        p1_0.refund_id,
        p1_0.refunded_at,
        p1_0.updated_at,
        p1_0.user_id 
    from
        payments p1_0 
    where
        p1_0.booking_id=?
2026-04-16 12:29:09 [http-nio-8080-exec-6] DEBUG org.hibernate.SQL - 
    select
        r1_0.id,
        r1_0.booking_id,
        r1_0.created_at,
        r1_0.guide_id,
        r1_0.helpful_count,
        r1_0.is_public,
        r1_0.rating,
        r1_0.review_text,
        r1_0.updated_at,
        r1_0.user_id 
    from
        reviews r1_0 
    where
        r1_0.booking_id=?
2026-04-16 12:29:09 [http-nio-8080-exec-3] DEBUG org.hibernate.SQL - 
    select
        count(b1_0.id) 
    from
        bookings b1_0 
    left join
        guides g1_0 
            on g1_0.id=b1_0.guide_id 
    where
        g1_0.id=? 
        and b1_0.status=?
2026-04-16 12:29:09 [http-nio-8080-exec-6] DEBUG org.hibernate.SQL - 
    select
        g1_0.id,
        g1_0.aadhar_number,
        g1_0.aadhar_verified,
        g1_0.admin_notes,
        g1_0.approved_at,
        g1_0.approved_by,
        g1_0.average_rating,
        g1_0.bio,
        g1_0.city,
        g1_0.created_at,
        g1_0.daily_rate,
        g1_0.experience_years,
        g1_0.expertise_areas,
        g1_0.hourly_rate,
        g1_0.intro_video_url,
        g1_0.is_approved,
        g1_0.is_available,
        g1_0.is_verified,
        g1_0.languages,
        g1_0.profile_image_url,
        g1_0.rejection_reason,
        g1_0.state,
        g1_0.total_bookings,
        g1_0.total_reviews,
        g1_0.updated_at,
        g1_0.user_id,
        u1_0.id,
        u1_0.created_at,
        u1_0.email,
        u1_0.email_verified,
        u1_0.first_name,
        u1_0.is_active,
        u1_0.last_login,
        u1_0.last_name,
        u1_0.password_hash,
        u1_0.phone,
        u1_0.phone_verified,
        u1_0.profile_image_url,
        r1_0.user_id,
        r1_1.id,
        r1_1.created_at,
        r1_1.description,
        r1_1.name,
        r1_1.updated_at,
        u1_0.updated_at,
        g1_0.verification_documents 
    from
        guides g1_0 
    join
        users u1_0 
            on u1_0.id=g1_0.user_id 
    left join
        user_roles r1_0 
            on u1_0.id=r1_0.user_id 
    left join
        roles r1_1 
            on r1_1.id=r1_0.role_id 
    where
        g1_0.id=?
2026-04-16 12:29:09 [http-nio-8080-exec-3] DEBUG org.hibernate.SQL - 
    select
        coalesce(sum(b1_0.guide_earnings), 0) 
    from
        bookings b1_0 
    where
        b1_0.guide_id=? 
        and b1_0.status in (?, ?)
2026-04-16 12:29:09 [http-nio-8080-exec-6] DEBUG org.hibernate.SQL - 
    select
        p1_0.id,
        p1_0.amount,
        p1_0.booking_id,
        p1_0.created_at,
        p1_0.currency,
        p1_0.payment_date,
        p1_0.payment_method,
        p1_0.payment_status,
        p1_0.razorpay_order_id,
        p1_0.razorpay_payment_id,
        p1_0.razorpay_signature,
        p1_0.refund_amount,
        p1_0.refund_id,
        p1_0.refunded_at,
        p1_0.updated_at,
        p1_0.user_id 
    from
        payments p1_0 
    where
        p1_0.booking_id=?
2026-04-16 12:29:09 [http-nio-8080-exec-3] DEBUG org.hibernate.SQL - 
    select
        count(b1_0.id) 
    from
        bookings b1_0 
    left join
        guides g1_0 
            on g1_0.id=b1_0.guide_id 
    where
        g1_0.id=? 
        and b1_0.status=?
2026-04-16 12:29:09 [http-nio-8080-exec-6] DEBUG org.hibernate.SQL - 
    select
        r1_0.id,
        r1_0.booking_id,
        r1_0.created_at,
        r1_0.guide_id,
        r1_0.helpful_count,
        r1_0.is_public,
        r1_0.rating,
        r1_0.review_text,
        r1_0.updated_at,
        r1_0.user_id 
    from
        reviews r1_0 
    where
        r1_0.booking_id=?
2026-04-16 12:29:09 [http-nio-8080-exec-6] DEBUG org.hibernate.SQL - 
    select
        g1_0.id,
        g1_0.aadhar_number,
        g1_0.aadhar_verified,
        g1_0.admin_notes,
        g1_0.approved_at,
        g1_0.approved_by,
        g1_0.average_rating,
        g1_0.bio,
        g1_0.city,
        g1_0.created_at,
        g1_0.daily_rate,
        g1_0.experience_years,
        g1_0.expertise_areas,
        g1_0.hourly_rate,
        g1_0.intro_video_url,
        g1_0.is_approved,
        g1_0.is_available,
        g1_0.is_verified,
        g1_0.languages,
        g1_0.profile_image_url,
        g1_0.rejection_reason,
        g1_0.state,
        g1_0.total_bookings,
        g1_0.total_reviews,
        g1_0.updated_at,
        g1_0.user_id,
        u1_0.id,
        u1_0.created_at,
        u1_0.email,
        u1_0.email_verified,
        u1_0.first_name,
        u1_0.is_active,
        u1_0.last_login,
        u1_0.last_name,
        u1_0.password_hash,
        u1_0.phone,
        u1_0.phone_verified,
        u1_0.profile_image_url,
        r1_0.user_id,
        r1_1.id,
        r1_1.created_at,
        r1_1.description,
        r1_1.name,
        r1_1.updated_at,
        u1_0.updated_at,
        g1_0.verification_documents 
    from
        guides g1_0 
    join
        users u1_0 
            on u1_0.id=g1_0.user_id 
    left join
        user_roles r1_0 
            on u1_0.id=r1_0.user_id 
    left join
        roles r1_1 
            on r1_1.id=r1_0.role_id 
    where
        g1_0.id=?
2026-04-16 12:29:09 [http-nio-8080-exec-3] DEBUG org.hibernate.SQL - 
    select
        coalesce(sum(b1_0.guide_earnings), 0) 
    from
        bookings b1_0 
    where
        b1_0.guide_id=? 
        and b1_0.status in (?, ?)
2026-04-16 12:29:09 [http-nio-8080-exec-6] DEBUG org.hibernate.SQL - 
    select
        p1_0.id,
        p1_0.amount,
        p1_0.booking_id,
        p1_0.created_at,
        p1_0.currency,
        p1_0.payment_date,
        p1_0.payment_method,
        p1_0.payment_status,
        p1_0.razorpay_order_id,
        p1_0.razorpay_payment_id,
        p1_0.razorpay_signature,
        p1_0.refund_amount,
        p1_0.refund_id,
        p1_0.refunded_at,
        p1_0.updated_at,
        p1_0.user_id 
    from
        payments p1_0 
    where
        p1_0.booking_id=?
2026-04-16 12:29:09 [http-nio-8080-exec-6] DEBUG org.hibernate.SQL - 
    select
        r1_0.id,
        r1_0.booking_id,
        r1_0.created_at,
        r1_0.guide_id,
        r1_0.helpful_count,
        r1_0.is_public,
        r1_0.rating,
        r1_0.review_text,
        r1_0.updated_at,
        r1_0.user_id 
    from
        reviews r1_0 
    where
        r1_0.booking_id=?
2026-04-16 12:29:09 [http-nio-8080-exec-3] DEBUG org.hibernate.SQL - 
    select
        count(b1_0.id) 
    from
        bookings b1_0 
    left join
        guides g1_0 
            on g1_0.id=b1_0.guide_id 
    where
        g1_0.id=? 
        and b1_0.status=?
2026-04-16 12:29:09 [http-nio-8080-exec-6] DEBUG org.hibernate.SQL - 
    select
        g1_0.id,
        g1_0.aadhar_number,
        g1_0.aadhar_verified,
        g1_0.admin_notes,
        g1_0.approved_at,
        g1_0.approved_by,
        g1_0.average_rating,
        g1_0.bio,
        g1_0.city,
        g1_0.created_at,
        g1_0.daily_rate,
        g1_0.experience_years,
        g1_0.expertise_areas,
        g1_0.hourly_rate,
        g1_0.intro_video_url,
        g1_0.is_approved,
        g1_0.is_available,
        g1_0.is_verified,
        g1_0.languages,
        g1_0.profile_image_url,
        g1_0.rejection_reason,
        g1_0.state,
        g1_0.total_bookings,
        g1_0.total_reviews,
        g1_0.updated_at,
        g1_0.user_id,
        u1_0.id,
        u1_0.created_at,
        u1_0.email,
        u1_0.email_verified,
        u1_0.first_name,
        u1_0.is_active,
        u1_0.last_login,
        u1_0.last_name,
        u1_0.password_hash,
        u1_0.phone,
        u1_0.phone_verified,
        u1_0.profile_image_url,
        r1_0.user_id,
        r1_1.id,
        r1_1.created_at,
        r1_1.description,
        r1_1.name,
        r1_1.updated_at,
        u1_0.updated_at,
        g1_0.verification_documents 
    from
        guides g1_0 
    join
        users u1_0 
            on u1_0.id=g1_0.user_id 
    left join
        user_roles r1_0 
            on u1_0.id=r1_0.user_id 
    left join
        roles r1_1 
            on r1_1.id=r1_0.role_id 
    where
        g1_0.id=?
2026-04-16 12:29:09 [http-nio-8080-exec-3] DEBUG org.hibernate.SQL - 
    select
        coalesce(sum(b1_0.guide_earnings), 0) 
    from
        bookings b1_0 
    where
        b1_0.guide_id=? 
        and b1_0.status in (?, ?)
2026-04-16 12:29:09 [http-nio-8080-exec-6] DEBUG org.hibernate.SQL - 
    select
        p1_0.id,
        p1_0.amount,
        p1_0.booking_id,
        p1_0.created_at,
        p1_0.currency,
        p1_0.payment_date,
        p1_0.payment_method,
        p1_0.payment_status,
        p1_0.razorpay_order_id,
        p1_0.razorpay_payment_id,
        p1_0.razorpay_signature,
        p1_0.refund_amount,
        p1_0.refund_id,
        p1_0.refunded_at,
        p1_0.updated_at,
        p1_0.user_id 
    from
        payments p1_0 
    where
        p1_0.booking_id=?
2026-04-16 12:29:09 [http-nio-8080-exec-3] DEBUG org.hibernate.SQL - 
    select
        count(b1_0.id) 
    from
        bookings b1_0 
    left join
        guides g1_0 
            on g1_0.id=b1_0.guide_id 
    where
        g1_0.id=? 
        and b1_0.status=?
2026-04-16 12:29:09 [http-nio-8080-exec-6] DEBUG org.hibernate.SQL - 
    select
        r1_0.id,
        r1_0.booking_id,
        r1_0.created_at,
        r1_0.guide_id,
        r1_0.helpful_count,
        r1_0.is_public,
        r1_0.rating,
        r1_0.review_text,
        r1_0.updated_at,
        r1_0.user_id 
    from
        reviews r1_0 
    where
        r1_0.booking_id=?
2026-04-16 12:29:09 [http-nio-8080-exec-6] DEBUG org.hibernate.SQL - 
    select
        g1_0.id,
        g1_0.aadhar_number,
        g1_0.aadhar_verified,
        g1_0.admin_notes,
        g1_0.approved_at,
        g1_0.approved_by,
        g1_0.average_rating,
        g1_0.bio,
        g1_0.city,
        g1_0.created_at,
        g1_0.daily_rate,
        g1_0.experience_years,
        g1_0.expertise_areas,
        g1_0.hourly_rate,
        g1_0.intro_video_url,
        g1_0.is_approved,
        g1_0.is_available,
        g1_0.is_verified,
        g1_0.languages,
        g1_0.profile_image_url,
        g1_0.rejection_reason,
        g1_0.state,
        g1_0.total_bookings,
        g1_0.total_reviews,
        g1_0.updated_at,
        g1_0.user_id,
        u1_0.id,
        u1_0.created_at,
        u1_0.email,
        u1_0.email_verified,
        u1_0.first_name,
        u1_0.is_active,
        u1_0.last_login,
        u1_0.last_name,
        u1_0.password_hash,
        u1_0.phone,
        u1_0.phone_verified,
        u1_0.profile_image_url,
        r1_0.user_id,
        r1_1.id,
        r1_1.created_at,
        r1_1.description,
        r1_1.name,
        r1_1.updated_at,
        u1_0.updated_at,
        g1_0.verification_documents 
    from
        guides g1_0 
    join
        users u1_0 
            on u1_0.id=g1_0.user_id 
    left join
        user_roles r1_0 
            on u1_0.id=r1_0.user_id 
    left join
        roles r1_1 
            on r1_1.id=r1_0.role_id 
    where
        g1_0.id=?
2026-04-16 12:29:09 [http-nio-8080-exec-3] DEBUG org.hibernate.SQL - 
    select
        coalesce(sum(b1_0.guide_earnings), 0) 
    from
        bookings b1_0 
    where
        b1_0.guide_id=? 
        and b1_0.status in (?, ?)
2026-04-16 12:29:09 [http-nio-8080-exec-6] DEBUG org.hibernate.SQL - 
    select
        p1_0.id,
        p1_0.amount,
        p1_0.booking_id,
        p1_0.created_at,
        p1_0.currency,
        p1_0.payment_date,
        p1_0.payment_method,
        p1_0.payment_status,
        p1_0.razorpay_order_id,
        p1_0.razorpay_payment_id,
        p1_0.razorpay_signature,
        p1_0.refund_amount,
        p1_0.refund_id,
        p1_0.refunded_at,
        p1_0.updated_at,
        p1_0.user_id 
    from
        payments p1_0 
    where
        p1_0.booking_id=?
2026-04-16 12:29:09 [http-nio-8080-exec-3] DEBUG org.hibernate.SQL - 
    select
        count(b1_0.id) 
    from
        bookings b1_0 
    left join
        guides g1_0 
            on g1_0.id=b1_0.guide_id 
    where
        g1_0.id=? 
        and b1_0.status=?
2026-04-16 12:29:09 [http-nio-8080-exec-6] DEBUG org.hibernate.SQL - 
    select
        r1_0.id,
        r1_0.booking_id,
        r1_0.created_at,
        r1_0.guide_id,
        r1_0.helpful_count,
        r1_0.is_public,
        r1_0.rating,
        r1_0.review_text,
        r1_0.updated_at,
        r1_0.user_id 
    from
        reviews r1_0 
    where
        r1_0.booking_id=?
2026-04-16 12:29:09 [http-nio-8080-exec-3] DEBUG org.hibernate.SQL - 
    select
        coalesce(sum(b1_0.guide_earnings), 0) 
    from
        bookings b1_0 
    where
        b1_0.guide_id=? 
        and b1_0.status in (?, ?)
2026-04-16 12:29:09 [http-nio-8080-exec-6] DEBUG org.hibernate.SQL - 
    select
        g1_0.id,
        g1_0.aadhar_number,
        g1_0.aadhar_verified,
        g1_0.admin_notes,
        g1_0.approved_at,
        g1_0.approved_by,
        g1_0.average_rating,
        g1_0.bio,
        g1_0.city,
        g1_0.created_at,
        g1_0.daily_rate,
        g1_0.experience_years,
        g1_0.expertise_areas,
        g1_0.hourly_rate,
        g1_0.intro_video_url,
        g1_0.is_approved,
        g1_0.is_available,
        g1_0.is_verified,
        g1_0.languages,
        g1_0.profile_image_url,
        g1_0.rejection_reason,
        g1_0.state,
        g1_0.total_bookings,
        g1_0.total_reviews,
        g1_0.updated_at,
        g1_0.user_id,
        u1_0.id,
        u1_0.created_at,
        u1_0.email,
        u1_0.email_verified,
        u1_0.first_name,
        u1_0.is_active,
        u1_0.last_login,
        u1_0.last_name,
        u1_0.password_hash,
        u1_0.phone,
        u1_0.phone_verified,
        u1_0.profile_image_url,
        r1_0.user_id,
        r1_1.id,
        r1_1.created_at,
        r1_1.description,
        r1_1.name,
        r1_1.updated_at,
        u1_0.updated_at,
        g1_0.verification_documents 
    from
        guides g1_0 
    join
        users u1_0 
            on u1_0.id=g1_0.user_id 
    left join
        user_roles r1_0 
            on u1_0.id=r1_0.user_id 
    left join
        roles r1_1 
            on r1_1.id=r1_0.role_id 
    where
        g1_0.id=?
2026-04-16 12:29:09 [http-nio-8080-exec-3] DEBUG org.hibernate.SQL - 
    select
        count(b1_0.id) 
    from
        bookings b1_0 
    left join
        guides g1_0 
            on g1_0.id=b1_0.guide_id 
    where
        g1_0.id=? 
        and b1_0.status=?
2026-04-16 12:29:09 [http-nio-8080-exec-6] DEBUG org.hibernate.SQL - 
    select
        p1_0.id,
        p1_0.amount,
        p1_0.booking_id,
        p1_0.created_at,
        p1_0.currency,
        p1_0.payment_date,
        p1_0.payment_method,
        p1_0.payment_status,
        p1_0.razorpay_order_id,
        p1_0.razorpay_payment_id,
        p1_0.razorpay_signature,
        p1_0.refund_amount,
        p1_0.refund_id,
        p1_0.refunded_at,
        p1_0.updated_at,
        p1_0.user_id 
    from
        payments p1_0 
    where
        p1_0.booking_id=?
2026-04-16 12:29:09 [http-nio-8080-exec-6] DEBUG org.hibernate.SQL - 
    select
        r1_0.id,
        r1_0.booking_id,
        r1_0.created_at,
        r1_0.guide_id,
        r1_0.helpful_count,
        r1_0.is_public,
        r1_0.rating,
        r1_0.review_text,
        r1_0.updated_at,
        r1_0.user_id 
    from
        reviews r1_0 
    where
        r1_0.booking_id=?
2026-04-16 12:29:09 [http-nio-8080-exec-3] DEBUG org.hibernate.SQL - 
    select
        coalesce(sum(b1_0.guide_earnings), 0) 
    from
        bookings b1_0 
    where
        b1_0.guide_id=? 
        and b1_0.status in (?, ?)
2026-04-16 12:29:09 [http-nio-8080-exec-6] DEBUG org.hibernate.SQL - 
    select
        g1_0.id,
        g1_0.aadhar_number,
        g1_0.aadhar_verified,
        g1_0.admin_notes,
        g1_0.approved_at,
        g1_0.approved_by,
        g1_0.average_rating,
        g1_0.bio,
        g1_0.city,
        g1_0.created_at,
        g1_0.daily_rate,
        g1_0.experience_years,
        g1_0.expertise_areas,
        g1_0.hourly_rate,
        g1_0.intro_video_url,
        g1_0.is_approved,
        g1_0.is_available,
        g1_0.is_verified,
        g1_0.languages,
        g1_0.profile_image_url,
        g1_0.rejection_reason,
        g1_0.state,
        g1_0.total_bookings,
        g1_0.total_reviews,
        g1_0.updated_at,
        g1_0.user_id,
        u1_0.id,
        u1_0.created_at,
        u1_0.email,
        u1_0.email_verified,
        u1_0.first_name,
        u1_0.is_active,
        u1_0.last_login,
        u1_0.last_name,
        u1_0.password_hash,
        u1_0.phone,
        u1_0.phone_verified,
        u1_0.profile_image_url,
        r1_0.user_id,
        r1_1.id,
        r1_1.created_at,
        r1_1.description,
        r1_1.name,
        r1_1.updated_at,
        u1_0.updated_at,
        g1_0.verification_documents 
    from
        guides g1_0 
    join
        users u1_0 
            on u1_0.id=g1_0.user_id 
    left join
        user_roles r1_0 
            on u1_0.id=r1_0.user_id 
    left join
        roles r1_1 
            on r1_1.id=r1_0.role_id 
    where
        g1_0.id=?
2026-04-16 12:29:09 [http-nio-8080-exec-3] DEBUG org.hibernate.SQL - 
    select
        count(b1_0.id) 
    from
        bookings b1_0 
    left join
        guides g1_0 
            on g1_0.id=b1_0.guide_id 
    where
        g1_0.id=? 
        and b1_0.status=?
2026-04-16 12:29:09 [http-nio-8080-exec-6] DEBUG org.hibernate.SQL - 
    select
        p1_0.id,
        p1_0.amount,
        p1_0.booking_id,
        p1_0.created_at,
        p1_0.currency,
        p1_0.payment_date,
        p1_0.payment_method,
        p1_0.payment_status,
        p1_0.razorpay_order_id,
        p1_0.razorpay_payment_id,
        p1_0.razorpay_signature,
        p1_0.refund_amount,
        p1_0.refund_id,
        p1_0.refunded_at,
        p1_0.updated_at,
        p1_0.user_id 
    from
        payments p1_0 
    where
        p1_0.booking_id=?
2026-04-16 12:29:09 [http-nio-8080-exec-3] DEBUG org.hibernate.SQL - 
    select
        coalesce(sum(b1_0.guide_earnings), 0) 
    from
        bookings b1_0 
    where
        b1_0.guide_id=? 
        and b1_0.status in (?, ?)
2026-04-16 12:29:09 [http-nio-8080-exec-6] DEBUG org.hibernate.SQL - 
    select
        r1_0.id,
        r1_0.booking_id,
        r1_0.created_at,
        r1_0.guide_id,
        r1_0.helpful_count,
        r1_0.is_public,
        r1_0.rating,
        r1_0.review_text,
        r1_0.updated_at,
        r1_0.user_id 
    from
        reviews r1_0 
    where
        r1_0.booking_id=?
2026-04-16 12:29:09 [http-nio-8080-exec-3] DEBUG org.hibernate.SQL - 
    select
        count(b1_0.id) 
    from
        bookings b1_0 
    left join
        guides g1_0 
            on g1_0.id=b1_0.guide_id 
    where
        g1_0.id=? 
        and b1_0.status=?
2026-04-16 12:29:09 [http-nio-8080-exec-6] DEBUG org.hibernate.SQL - 
    select
        g1_0.id,
        g1_0.aadhar_number,
        g1_0.aadhar_verified,
        g1_0.admin_notes,
        g1_0.approved_at,
        g1_0.approved_by,
        g1_0.average_rating,
        g1_0.bio,
        g1_0.city,
        g1_0.created_at,
        g1_0.daily_rate,
        g1_0.experience_years,
        g1_0.expertise_areas,
        g1_0.hourly_rate,
        g1_0.intro_video_url,
        g1_0.is_approved,
        g1_0.is_available,
        g1_0.is_verified,
        g1_0.languages,
        g1_0.profile_image_url,
        g1_0.rejection_reason,
        g1_0.state,
        g1_0.total_bookings,
        g1_0.total_reviews,
        g1_0.updated_at,
        g1_0.user_id,
        u1_0.id,
        u1_0.created_at,
        u1_0.email,
        u1_0.email_verified,
        u1_0.first_name,
        u1_0.is_active,
        u1_0.last_login,
        u1_0.last_name,
        u1_0.password_hash,
        u1_0.phone,
        u1_0.phone_verified,
        u1_0.profile_image_url,
        r1_0.user_id,
        r1_1.id,
        r1_1.created_at,
        r1_1.description,
        r1_1.name,
        r1_1.updated_at,
        u1_0.updated_at,
        g1_0.verification_documents 
    from
        guides g1_0 
    join
        users u1_0 
            on u1_0.id=g1_0.user_id 
    left join
        user_roles r1_0 
            on u1_0.id=r1_0.user_id 
    left join
        roles r1_1 
            on r1_1.id=r1_0.role_id 
    where
        g1_0.id=?
2026-04-16 12:29:09 [http-nio-8080-exec-3] DEBUG org.hibernate.SQL - 
    select
        coalesce(sum(b1_0.guide_earnings), 0) 
    from
        bookings b1_0 
    where
        b1_0.guide_id=? 
        and b1_0.status in (?, ?)
2026-04-16 12:29:09 [http-nio-8080-exec-6] DEBUG org.hibernate.SQL - 
    select
        p1_0.id,
        p1_0.amount,
        p1_0.booking_id,
        p1_0.created_at,
        p1_0.currency,
        p1_0.payment_date,
        p1_0.payment_method,
        p1_0.payment_status,
        p1_0.razorpay_order_id,
        p1_0.razorpay_payment_id,
        p1_0.razorpay_signature,
        p1_0.refund_amount,
        p1_0.refund_id,
        p1_0.refunded_at,
        p1_0.updated_at,
        p1_0.user_id 
    from
        payments p1_0 
    where
        p1_0.booking_id=?
2026-04-16 12:29:09 [http-nio-8080-exec-6] DEBUG org.hibernate.SQL - 
    select
        r1_0.id,
        r1_0.booking_id,
        r1_0.created_at,
        r1_0.guide_id,
        r1_0.helpful_count,
        r1_0.is_public,
        r1_0.rating,
        r1_0.review_text,
        r1_0.updated_at,
        r1_0.user_id 
    from
        reviews r1_0 
    where
        r1_0.booking_id=?
2026-04-16 12:29:09 [http-nio-8080-exec-3] DEBUG org.hibernate.SQL - 
    select
        count(b1_0.id) 
    from
        bookings b1_0 
    left join
        guides g1_0 
            on g1_0.id=b1_0.guide_id 
    where
        g1_0.id=? 
        and b1_0.status=?
2026-04-16 12:29:09 [http-nio-8080-exec-6] DEBUG org.hibernate.SQL - 
    select
        g1_0.id,
        g1_0.aadhar_number,
        g1_0.aadhar_verified,
        g1_0.admin_notes,
        g1_0.approved_at,
        g1_0.approved_by,
        g1_0.average_rating,
        g1_0.bio,
        g1_0.city,
        g1_0.created_at,
        g1_0.daily_rate,
        g1_0.experience_years,
        g1_0.expertise_areas,
        g1_0.hourly_rate,
        g1_0.intro_video_url,
        g1_0.is_approved,
        g1_0.is_available,
        g1_0.is_verified,
        g1_0.languages,
        g1_0.profile_image_url,
        g1_0.rejection_reason,
        g1_0.state,
        g1_0.total_bookings,
        g1_0.total_reviews,
        g1_0.updated_at,
        g1_0.user_id,
        u1_0.id,
        u1_0.created_at,
        u1_0.email,
        u1_0.email_verified,
        u1_0.first_name,
        u1_0.is_active,
        u1_0.last_login,
        u1_0.last_name,
        u1_0.password_hash,
        u1_0.phone,
        u1_0.phone_verified,
        u1_0.profile_image_url,
        r1_0.user_id,
        r1_1.id,
        r1_1.created_at,
        r1_1.description,
        r1_1.name,
        r1_1.updated_at,
        u1_0.updated_at,
        g1_0.verification_documents 
    from
        guides g1_0 
    join
        users u1_0 
            on u1_0.id=g1_0.user_id 
    left join
        user_roles r1_0 
            on u1_0.id=r1_0.user_id 
    left join
        roles r1_1 
            on r1_1.id=r1_0.role_id 
    where
        g1_0.id=?
2026-04-16 12:29:09 [http-nio-8080-exec-3] DEBUG org.hibernate.SQL - 
    select
        coalesce(sum(b1_0.guide_earnings), 0) 
    from
        bookings b1_0 
    where
        b1_0.guide_id=? 
        and b1_0.status in (?, ?)
2026-04-16 12:29:09 [http-nio-8080-exec-6] DEBUG org.hibernate.SQL - 
    select
        p1_0.id,
        p1_0.amount,
        p1_0.booking_id,
        p1_0.created_at,
        p1_0.currency,
        p1_0.payment_date,
        p1_0.payment_method,
        p1_0.payment_status,
        p1_0.razorpay_order_id,
        p1_0.razorpay_payment_id,
        p1_0.razorpay_signature,
        p1_0.refund_amount,
        p1_0.refund_id,
        p1_0.refunded_at,
        p1_0.updated_at,
        p1_0.user_id 
    from
        payments p1_0 
    where
        p1_0.booking_id=?
2026-04-16 12:29:09 [http-nio-8080-exec-3] DEBUG org.hibernate.SQL - 
    select
        count(b1_0.id) 
    from
        bookings b1_0 
    left join
        guides g1_0 
            on g1_0.id=b1_0.guide_id 
    where
        g1_0.id=? 
        and b1_0.status=?
2026-04-16 12:29:09 [http-nio-8080-exec-6] DEBUG org.hibernate.SQL - 
    select
        r1_0.id,
        r1_0.booking_id,
        r1_0.created_at,
        r1_0.guide_id,
        r1_0.helpful_count,
        r1_0.is_public,
        r1_0.rating,
        r1_0.review_text,
        r1_0.updated_at,
        r1_0.user_id 
    from
        reviews r1_0 
    where
        r1_0.booking_id=?
2026-04-16 12:29:09 [http-nio-8080-exec-6] DEBUG org.hibernate.SQL - 
    select
        g1_0.id,
        g1_0.aadhar_number,
        g1_0.aadhar_verified,
        g1_0.admin_notes,
        g1_0.approved_at,
        g1_0.approved_by,
        g1_0.average_rating,
        g1_0.bio,
        g1_0.city,
        g1_0.created_at,
        g1_0.daily_rate,
        g1_0.experience_years,
        g1_0.expertise_areas,
        g1_0.hourly_rate,
        g1_0.intro_video_url,
        g1_0.is_approved,
        g1_0.is_available,
        g1_0.is_verified,
        g1_0.languages,
        g1_0.profile_image_url,
        g1_0.rejection_reason,
        g1_0.state,
        g1_0.total_bookings,
        g1_0.total_reviews,
        g1_0.updated_at,
        g1_0.user_id,
        u1_0.id,
        u1_0.created_at,
        u1_0.email,
        u1_0.email_verified,
        u1_0.first_name,
        u1_0.is_active,
        u1_0.last_login,
        u1_0.last_name,
        u1_0.password_hash,
        u1_0.phone,
        u1_0.phone_verified,
        u1_0.profile_image_url,
        r1_0.user_id,
        r1_1.id,
        r1_1.created_at,
        r1_1.description,
        r1_1.name,
        r1_1.updated_at,
        u1_0.updated_at,
        g1_0.verification_documents 
    from
        guides g1_0 
    join
        users u1_0 
            on u1_0.id=g1_0.user_id 
    left join
        user_roles r1_0 
            on u1_0.id=r1_0.user_id 
    left join
        roles r1_1 
            on r1_1.id=r1_0.role_id 
    where
        g1_0.id=?
2026-04-16 12:29:09 [http-nio-8080-exec-3] DEBUG org.hibernate.SQL - 
    select
        coalesce(sum(b1_0.guide_earnings), 0) 
    from
        bookings b1_0 
    where
        b1_0.guide_id=? 
        and b1_0.status in (?, ?)
2026-04-16 12:29:09 [http-nio-8080-exec-3] DEBUG org.hibernate.SQL - 
    select
        count(b1_0.id) 
    from
        bookings b1_0 
    left join
        guides g1_0 
            on g1_0.id=b1_0.guide_id 
    where
        g1_0.id=? 
        and b1_0.status=?
2026-04-16 12:29:09 [http-nio-8080-exec-6] DEBUG org.hibernate.SQL - 
    select
        p1_0.id,
        p1_0.amount,
        p1_0.booking_id,
        p1_0.created_at,
        p1_0.currency,
        p1_0.payment_date,
        p1_0.payment_method,
        p1_0.payment_status,
        p1_0.razorpay_order_id,
        p1_0.razorpay_payment_id,
        p1_0.razorpay_signature,
        p1_0.refund_amount,
        p1_0.refund_id,
        p1_0.refunded_at,
        p1_0.updated_at,
        p1_0.user_id 
    from
        payments p1_0 
    where
        p1_0.booking_id=?
2026-04-16 12:29:09 [http-nio-8080-exec-6] DEBUG org.hibernate.SQL - 
    select
        r1_0.id,
        r1_0.booking_id,
        r1_0.created_at,
        r1_0.guide_id,
        r1_0.helpful_count,
        r1_0.is_public,
        r1_0.rating,
        r1_0.review_text,
        r1_0.updated_at,
        r1_0.user_id 
    from
        reviews r1_0 
    where
        r1_0.booking_id=?
2026-04-16 12:29:09 [http-nio-8080-exec-3] DEBUG org.hibernate.SQL - 
    select
        coalesce(sum(b1_0.guide_earnings), 0) 
    from
        bookings b1_0 
    where
        b1_0.guide_id=? 
        and b1_0.status in (?, ?)
2026-04-16 12:29:09 [http-nio-8080-exec-6] DEBUG org.hibernate.SQL - 
    select
        g1_0.id,
        g1_0.aadhar_number,
        g1_0.aadhar_verified,
        g1_0.admin_notes,
        g1_0.approved_at,
        g1_0.approved_by,
        g1_0.average_rating,
        g1_0.bio,
        g1_0.city,
        g1_0.created_at,
        g1_0.daily_rate,
        g1_0.experience_years,
        g1_0.expertise_areas,
        g1_0.hourly_rate,
        g1_0.intro_video_url,
        g1_0.is_approved,
        g1_0.is_available,
        g1_0.is_verified,
        g1_0.languages,
        g1_0.profile_image_url,
        g1_0.rejection_reason,
        g1_0.state,
        g1_0.total_bookings,
        g1_0.total_reviews,
        g1_0.updated_at,
        g1_0.user_id,
        u1_0.id,
        u1_0.created_at,
        u1_0.email,
        u1_0.email_verified,
        u1_0.first_name,
        u1_0.is_active,
        u1_0.last_login,
        u1_0.last_name,
        u1_0.password_hash,
        u1_0.phone,
        u1_0.phone_verified,
        u1_0.profile_image_url,
        r1_0.user_id,
        r1_1.id,
        r1_1.created_at,
        r1_1.description,
        r1_1.name,
        r1_1.updated_at,
        u1_0.updated_at,
        g1_0.verification_documents 
    from
        guides g1_0 
    join
        users u1_0 
            on u1_0.id=g1_0.user_id 
    left join
        user_roles r1_0 
            on u1_0.id=r1_0.user_id 
    left join
        roles r1_1 
            on r1_1.id=r1_0.role_id 
    where
        g1_0.id=?
2026-04-16 12:29:09 [http-nio-8080-exec-3] DEBUG org.hibernate.SQL - 
    select
        count(b1_0.id) 
    from
        bookings b1_0 
    left join
        guides g1_0 
            on g1_0.id=b1_0.guide_id 
    where
        g1_0.id=? 
        and b1_0.status=?
2026-04-16 12:29:09 [http-nio-8080-exec-6] DEBUG org.hibernate.SQL - 
    select
        p1_0.id,
        p1_0.amount,
        p1_0.booking_id,
        p1_0.created_at,
        p1_0.currency,
        p1_0.payment_date,
        p1_0.payment_method,
        p1_0.payment_status,
        p1_0.razorpay_order_id,
        p1_0.razorpay_payment_id,
        p1_0.razorpay_signature,
        p1_0.refund_amount,
        p1_0.refund_id,
        p1_0.refunded_at,
        p1_0.updated_at,
        p1_0.user_id 
    from
        payments p1_0 
    where
        p1_0.booking_id=?
2026-04-16 12:29:09 [http-nio-8080-exec-3] DEBUG org.hibernate.SQL - 
    select
        coalesce(sum(b1_0.guide_earnings), 0) 
    from
        bookings b1_0 
    where
        b1_0.guide_id=? 
        and b1_0.status in (?, ?)
2026-04-16 12:29:09 [http-nio-8080-exec-6] DEBUG org.hibernate.SQL - 
    select
        r1_0.id,
        r1_0.booking_id,
        r1_0.created_at,
        r1_0.guide_id,
        r1_0.helpful_count,
        r1_0.is_public,
        r1_0.rating,
        r1_0.review_text,
        r1_0.updated_at,
        r1_0.user_id 
    from
        reviews r1_0 
    where
        r1_0.booking_id=?
2026-04-16 12:29:09 [http-nio-8080-exec-6] DEBUG org.hibernate.SQL - 
    select
        g1_0.id,
        g1_0.aadhar_number,
        g1_0.aadhar_verified,
        g1_0.admin_notes,
        g1_0.approved_at,
        g1_0.approved_by,
        g1_0.average_rating,
        g1_0.bio,
        g1_0.city,
        g1_0.created_at,
        g1_0.daily_rate,
        g1_0.experience_years,
        g1_0.expertise_areas,
        g1_0.hourly_rate,
        g1_0.intro_video_url,
        g1_0.is_approved,
        g1_0.is_available,
        g1_0.is_verified,
        g1_0.languages,
        g1_0.profile_image_url,
        g1_0.rejection_reason,
        g1_0.state,
        g1_0.total_bookings,
        g1_0.total_reviews,
        g1_0.updated_at,
        g1_0.user_id,
        u1_0.id,
        u1_0.created_at,
        u1_0.email,
        u1_0.email_verified,
        u1_0.first_name,
        u1_0.is_active,
        u1_0.last_login,
        u1_0.last_name,
        u1_0.password_hash,
        u1_0.phone,
        u1_0.phone_verified,
        u1_0.profile_image_url,
        r1_0.user_id,
        r1_1.id,
        r1_1.created_at,
        r1_1.description,
        r1_1.name,
        r1_1.updated_at,
        u1_0.updated_at,
        g1_0.verification_documents 
    from
        guides g1_0 
    join
        users u1_0 
            on u1_0.id=g1_0.user_id 
    left join
        user_roles r1_0 
            on u1_0.id=r1_0.user_id 
    left join
        roles r1_1 
            on r1_1.id=r1_0.role_id 
    where
        g1_0.id=?
2026-04-16 12:29:09 [http-nio-8080-exec-3] DEBUG org.hibernate.SQL - 
    select
        count(b1_0.id) 
    from
        bookings b1_0 
    left join
        guides g1_0 
            on g1_0.id=b1_0.guide_id 
    where
        g1_0.id=? 
        and b1_0.status=?
2026-04-16 12:29:09 [http-nio-8080-exec-6] DEBUG org.hibernate.SQL - 
    select
        p1_0.id,
        p1_0.amount,
        p1_0.booking_id,
        p1_0.created_at,
        p1_0.currency,
        p1_0.payment_date,
        p1_0.payment_method,
        p1_0.payment_status,
        p1_0.razorpay_order_id,
        p1_0.razorpay_payment_id,
        p1_0.razorpay_signature,
        p1_0.refund_amount,
        p1_0.refund_id,
        p1_0.refunded_at,
        p1_0.updated_at,
        p1_0.user_id 
    from
        payments p1_0 
    where
        p1_0.booking_id=?
2026-04-16 12:29:09 [http-nio-8080-exec-3] DEBUG org.hibernate.SQL - 
    select
        coalesce(sum(b1_0.guide_earnings), 0) 
    from
        bookings b1_0 
    where
        b1_0.guide_id=? 
        and b1_0.status in (?, ?)
2026-04-16 12:29:09 [http-nio-8080-exec-6] DEBUG org.hibernate.SQL - 
    select
        r1_0.id,
        r1_0.booking_id,
        r1_0.created_at,
        r1_0.guide_id,
        r1_0.helpful_count,
        r1_0.is_public,
        r1_0.rating,
        r1_0.review_text,
        r1_0.updated_at,
        r1_0.user_id 
    from
        reviews r1_0 
    where
        r1_0.booking_id=?
2026-04-16 12:29:09 [http-nio-8080-exec-6] DEBUG org.hibernate.SQL - 
    select
        g1_0.id,
        g1_0.aadhar_number,
        g1_0.aadhar_verified,
        g1_0.admin_notes,
        g1_0.approved_at,
        g1_0.approved_by,
        g1_0.average_rating,
        g1_0.bio,
        g1_0.city,
        g1_0.created_at,
        g1_0.daily_rate,
        g1_0.experience_years,
        g1_0.expertise_areas,
        g1_0.hourly_rate,
        g1_0.intro_video_url,
        g1_0.is_approved,
        g1_0.is_available,
        g1_0.is_verified,
        g1_0.languages,
        g1_0.profile_image_url,
        g1_0.rejection_reason,
        g1_0.state,
        g1_0.total_bookings,
        g1_0.total_reviews,
        g1_0.updated_at,
        g1_0.user_id,
        u1_0.id,
        u1_0.created_at,
        u1_0.email,
        u1_0.email_verified,
        u1_0.first_name,
        u1_0.is_active,
        u1_0.last_login,
        u1_0.last_name,
        u1_0.password_hash,
        u1_0.phone,
        u1_0.phone_verified,
        u1_0.profile_image_url,
        r1_0.user_id,
        r1_1.id,
        r1_1.created_at,
        r1_1.description,
        r1_1.name,
        r1_1.updated_at,
        u1_0.updated_at,
        g1_0.verification_documents 
    from
        guides g1_0 
    join
        users u1_0 
            on u1_0.id=g1_0.user_id 
    left join
        user_roles r1_0 
            on u1_0.id=r1_0.user_id 
    left join
        roles r1_1 
            on r1_1.id=r1_0.role_id 
    where
        g1_0.id=?
2026-04-16 12:29:09 [http-nio-8080-exec-3] DEBUG org.hibernate.SQL - 
    select
        count(b1_0.id) 
    from
        bookings b1_0 
    left join
        guides g1_0 
            on g1_0.id=b1_0.guide_id 
    where
        g1_0.id=? 
        and b1_0.status=?
2026-04-16 12:29:09 [http-nio-8080-exec-6] DEBUG org.hibernate.SQL - 
    select
        p1_0.id,
        p1_0.amount,
        p1_0.booking_id,
        p1_0.created_at,
        p1_0.currency,
        p1_0.payment_date,
        p1_0.payment_method,
        p1_0.payment_status,
        p1_0.razorpay_order_id,
        p1_0.razorpay_payment_id,
        p1_0.razorpay_signature,
        p1_0.refund_amount,
        p1_0.refund_id,
        p1_0.refunded_at,
        p1_0.updated_at,
        p1_0.user_id 
    from
        payments p1_0 
    where
        p1_0.booking_id=?
2026-04-16 12:29:09 [http-nio-8080-exec-3] DEBUG org.hibernate.SQL - 
    select
        coalesce(sum(b1_0.guide_earnings), 0) 
    from
        bookings b1_0 
    where
        b1_0.guide_id=? 
        and b1_0.status in (?, ?)
2026-04-16 12:29:09 [http-nio-8080-exec-6] DEBUG org.hibernate.SQL - 
    select
        r1_0.id,
        r1_0.booking_id,
        r1_0.created_at,
        r1_0.guide_id,
        r1_0.helpful_count,
        r1_0.is_public,
        r1_0.rating,
        r1_0.review_text,
        r1_0.updated_at,
        r1_0.user_id 
    from
        reviews r1_0 
    where
        r1_0.booking_id=?
2026-04-16 12:29:09 [http-nio-8080-exec-3] DEBUG org.hibernate.SQL - 
    select
        count(b1_0.id) 
    from
        bookings b1_0 
    left join
        guides g1_0 
            on g1_0.id=b1_0.guide_id 
    where
        g1_0.id=? 
        and b1_0.status=?
2026-04-16 12:29:09 [http-nio-8080-exec-6] DEBUG org.hibernate.SQL - 
    select
        g1_0.id,
        g1_0.aadhar_number,
        g1_0.aadhar_verified,
        g1_0.admin_notes,
        g1_0.approved_at,
        g1_0.approved_by,
        g1_0.average_rating,
        g1_0.bio,
        g1_0.city,
        g1_0.created_at,
        g1_0.daily_rate,
        g1_0.experience_years,
        g1_0.expertise_areas,
        g1_0.hourly_rate,
        g1_0.intro_video_url,
        g1_0.is_approved,
        g1_0.is_available,
        g1_0.is_verified,
        g1_0.languages,
        g1_0.profile_image_url,
        g1_0.rejection_reason,
        g1_0.state,
        g1_0.total_bookings,
        g1_0.total_reviews,
        g1_0.updated_at,
        g1_0.user_id,
        u1_0.id,
        u1_0.created_at,
        u1_0.email,
        u1_0.email_verified,
        u1_0.first_name,
        u1_0.is_active,
        u1_0.last_login,
        u1_0.last_name,
        u1_0.password_hash,
        u1_0.phone,
        u1_0.phone_verified,
        u1_0.profile_image_url,
        r1_0.user_id,
        r1_1.id,
        r1_1.created_at,
        r1_1.description,
        r1_1.name,
        r1_1.updated_at,
        u1_0.updated_at,
        g1_0.verification_documents 
    from
        guides g1_0 
    join
        users u1_0 
            on u1_0.id=g1_0.user_id 
    left join
        user_roles r1_0 
            on u1_0.id=r1_0.user_id 
    left join
        roles r1_1 
            on r1_1.id=r1_0.role_id 
    where
        g1_0.id=?
2026-04-16 12:29:09 [http-nio-8080-exec-3] DEBUG org.hibernate.SQL - 
    select
        coalesce(sum(b1_0.guide_earnings), 0) 
    from
        bookings b1_0 
    where
        b1_0.guide_id=? 
        and b1_0.status in (?, ?)
2026-04-16 12:29:09 [http-nio-8080-exec-6] DEBUG org.hibernate.SQL - 
    select
        p1_0.id,
        p1_0.amount,
        p1_0.booking_id,
        p1_0.created_at,
        p1_0.currency,
        p1_0.payment_date,
        p1_0.payment_method,
        p1_0.payment_status,
        p1_0.razorpay_order_id,
        p1_0.razorpay_payment_id,
        p1_0.razorpay_signature,
        p1_0.refund_amount,
        p1_0.refund_id,
        p1_0.refunded_at,
        p1_0.updated_at,
        p1_0.user_id 
    from
        payments p1_0 
    where
        p1_0.booking_id=?
2026-04-16 12:29:09 [http-nio-8080-exec-6] DEBUG org.hibernate.SQL - 
    select
        r1_0.id,
        r1_0.booking_id,
        r1_0.created_at,
        r1_0.guide_id,
        r1_0.helpful_count,
        r1_0.is_public,
        r1_0.rating,
        r1_0.review_text,
        r1_0.updated_at,
        r1_0.user_id 
    from
        reviews r1_0 
    where
        r1_0.booking_id=?
2026-04-16 12:29:09 [http-nio-8080-exec-3] DEBUG org.hibernate.SQL - 
    select
        count(b1_0.id) 
    from
        bookings b1_0 
    left join
        guides g1_0 
            on g1_0.id=b1_0.guide_id 
    where
        g1_0.id=? 
        and b1_0.status=?
2026-04-16 12:29:09 [http-nio-8080-exec-6] DEBUG org.hibernate.SQL - 
    select
        p1_0.id,
        p1_0.amount,
        p1_0.booking_id,
        p1_0.created_at,
        p1_0.currency,
        p1_0.payment_date,
        p1_0.payment_method,
        p1_0.payment_status,
        p1_0.razorpay_order_id,
        p1_0.razorpay_payment_id,
        p1_0.razorpay_signature,
        p1_0.refund_amount,
        p1_0.refund_id,
        p1_0.refunded_at,
        p1_0.updated_at,
        p1_0.user_id 
    from
        payments p1_0 
    where
        p1_0.booking_id=?
2026-04-16 12:29:09 [http-nio-8080-exec-3] DEBUG org.hibernate.SQL - 
    select
        coalesce(sum(b1_0.guide_earnings), 0) 
    from
        bookings b1_0 
    where
        b1_0.guide_id=? 
        and b1_0.status in (?, ?)
2026-04-16 12:29:09 [http-nio-8080-exec-6] DEBUG org.hibernate.SQL - 
    select
        r1_0.id,
        r1_0.booking_id,
        r1_0.created_at,
        r1_0.guide_id,
        r1_0.helpful_count,
        r1_0.is_public,
        r1_0.rating,
        r1_0.review_text,
        r1_0.updated_at,
        r1_0.user_id 
    from
        reviews r1_0 
    where
        r1_0.booking_id=?
2026-04-16 12:29:09 [http-nio-8080-exec-6] DEBUG org.hibernate.SQL - 
    select
        p1_0.id,
        p1_0.amount,
        p1_0.booking_id,
        p1_0.created_at,
        p1_0.currency,
        p1_0.payment_date,
        p1_0.payment_method,
        p1_0.payment_status,
        p1_0.razorpay_order_id,
        p1_0.razorpay_payment_id,
        p1_0.razorpay_signature,
        p1_0.refund_amount,
        p1_0.refund_id,
        p1_0.refunded_at,
        p1_0.updated_at,
        p1_0.user_id 
    from
        payments p1_0 
    where
        p1_0.booking_id=?
2026-04-16 12:29:09 [http-nio-8080-exec-3] DEBUG org.hibernate.SQL - 
    select
        count(b1_0.id) 
    from
        bookings b1_0 
    left join
        guides g1_0 
            on g1_0.id=b1_0.guide_id 
    where
        g1_0.id=? 
        and b1_0.status=?
2026-04-16 12:29:09 [http-nio-8080-exec-6] DEBUG org.hibernate.SQL - 
    select
        r1_0.id,
        r1_0.booking_id,
        r1_0.created_at,
        r1_0.guide_id,
        r1_0.helpful_count,
        r1_0.is_public,
        r1_0.rating,
        r1_0.review_text,
        r1_0.updated_at,
        r1_0.user_id 
    from
        reviews r1_0 
    where
        r1_0.booking_id=?
2026-04-16 12:29:09 [http-nio-8080-exec-3] DEBUG org.hibernate.SQL - 
    select
        coalesce(sum(b1_0.guide_earnings), 0) 
    from
        bookings b1_0 
    where
        b1_0.guide_id=? 
        and b1_0.status in (?, ?)
2026-04-16 12:29:09 [http-nio-8080-exec-6] DEBUG org.hibernate.SQL - 
    select
        p1_0.id,
        p1_0.amount,
        p1_0.booking_id,
        p1_0.created_at,
        p1_0.currency,
        p1_0.payment_date,
        p1_0.payment_method,
        p1_0.payment_status,
        p1_0.razorpay_order_id,
        p1_0.razorpay_payment_id,
        p1_0.razorpay_signature,
        p1_0.refund_amount,
        p1_0.refund_id,
        p1_0.refunded_at,
        p1_0.updated_at,
        p1_0.user_id 
    from
        payments p1_0 
    where
        p1_0.booking_id=?
2026-04-16 12:29:09 [http-nio-8080-exec-6] DEBUG org.hibernate.SQL - 
    select
        r1_0.id,
        r1_0.booking_id,
        r1_0.created_at,
        r1_0.guide_id,
        r1_0.helpful_count,
        r1_0.is_public,
        r1_0.rating,
        r1_0.review_text,
        r1_0.updated_at,
        r1_0.user_id 
    from
        reviews r1_0 
    where
        r1_0.booking_id=?
2026-04-16 12:29:09 [http-nio-8080-exec-3] DEBUG org.hibernate.SQL - 
    select
        count(b1_0.id) 
    from
        bookings b1_0 
    left join
        guides g1_0 
            on g1_0.id=b1_0.guide_id 
    where
        g1_0.id=? 
        and b1_0.status=?
2026-04-16 12:29:09 [http-nio-8080-exec-6] DEBUG org.hibernate.SQL - 
    select
        p1_0.id,
        p1_0.amount,
        p1_0.booking_id,
        p1_0.created_at,
        p1_0.currency,
        p1_0.payment_date,
        p1_0.payment_method,
        p1_0.payment_status,
        p1_0.razorpay_order_id,
        p1_0.razorpay_payment_id,
        p1_0.razorpay_signature,
        p1_0.refund_amount,
        p1_0.refund_id,
        p1_0.refunded_at,
        p1_0.updated_at,
        p1_0.user_id 
    from
        payments p1_0 
    where
        p1_0.booking_id=?
2026-04-16 12:29:09 [http-nio-8080-exec-3] DEBUG org.hibernate.SQL - 
    select
        coalesce(sum(b1_0.guide_earnings), 0) 
    from
        bookings b1_0 
    where
        b1_0.guide_id=? 
        and b1_0.status in (?, ?)
2026-04-16 12:29:09 [http-nio-8080-exec-6] DEBUG org.hibernate.SQL - 
    select
        r1_0.id,
        r1_0.booking_id,
        r1_0.created_at,
        r1_0.guide_id,
        r1_0.helpful_count,
        r1_0.is_public,
        r1_0.rating,
        r1_0.review_text,
        r1_0.updated_at,
        r1_0.user_id 
    from
        reviews r1_0 
    where
        r1_0.booking_id=?
2026-04-16 12:29:09 [http-nio-8080-exec-6] DEBUG org.hibernate.SQL - 
    select
        p1_0.id,
        p1_0.amount,
        p1_0.booking_id,
        p1_0.created_at,
        p1_0.currency,
        p1_0.payment_date,
        p1_0.payment_method,
        p1_0.payment_status,
        p1_0.razorpay_order_id,
        p1_0.razorpay_payment_id,
        p1_0.razorpay_signature,
        p1_0.refund_amount,
        p1_0.refund_id,
        p1_0.refunded_at,
        p1_0.updated_at,
        p1_0.user_id 
    from
        payments p1_0 
    where
        p1_0.booking_id=?
2026-04-16 12:29:09 [http-nio-8080-exec-3] DEBUG org.hibernate.SQL - 
    select
        count(b1_0.id) 
    from
        bookings b1_0 
    left join
        guides g1_0 
            on g1_0.id=b1_0.guide_id 
    where
        g1_0.id=? 
        and b1_0.status=?
2026-04-16 12:29:09 [http-nio-8080-exec-6] DEBUG org.hibernate.SQL - 
    select
        r1_0.id,
        r1_0.booking_id,
        r1_0.created_at,
        r1_0.guide_id,
        r1_0.helpful_count,
        r1_0.is_public,
        r1_0.rating,
        r1_0.review_text,
        r1_0.updated_at,
        r1_0.user_id 
    from
        reviews r1_0 
    where
        r1_0.booking_id=?
2026-04-16 12:29:09 [http-nio-8080-exec-6] DEBUG org.hibernate.SQL - 
    select
        p1_0.id,
        p1_0.amount,
        p1_0.booking_id,
        p1_0.created_at,
        p1_0.currency,
        p1_0.payment_date,
        p1_0.payment_method,
        p1_0.payment_status,
        p1_0.razorpay_order_id,
        p1_0.razorpay_payment_id,
        p1_0.razorpay_signature,
        p1_0.refund_amount,
        p1_0.refund_id,
        p1_0.refunded_at,
        p1_0.updated_at,
        p1_0.user_id 
    from
        payments p1_0 
    where
        p1_0.booking_id=?
2026-04-16 12:29:09 [http-nio-8080-exec-3] DEBUG org.hibernate.SQL - 
    select
        coalesce(sum(b1_0.guide_earnings), 0) 
    from
        bookings b1_0 
    where
        b1_0.guide_id=? 
        and b1_0.status in (?, ?)
2026-04-16 12:29:09 [http-nio-8080-exec-6] DEBUG org.hibernate.SQL - 
    select
        r1_0.id,
        r1_0.booking_id,
        r1_0.created_at,
        r1_0.guide_id,
        r1_0.helpful_count,
        r1_0.is_public,
        r1_0.rating,
        r1_0.review_text,
        r1_0.updated_at,
        r1_0.user_id 
    from
        reviews r1_0 
    where
        r1_0.booking_id=?
2026-04-16 12:29:09 [http-nio-8080-exec-3] DEBUG org.hibernate.SQL - 
    select
        count(b1_0.id) 
    from
        bookings b1_0 
    left join
        guides g1_0 
            on g1_0.id=b1_0.guide_id 
    where
        g1_0.id=? 
        and b1_0.status=?
2026-04-16 12:29:09 [http-nio-8080-exec-6] DEBUG org.hibernate.SQL - 
    select
        u1_0.id,
        u1_0.created_at,
        u1_0.email,
        u1_0.email_verified,
        u1_0.first_name,
        g1_0.id,
        g1_0.aadhar_number,
        g1_0.aadhar_verified,
        g1_0.admin_notes,
        g1_0.approved_at,
        g1_0.approved_by,
        g1_0.average_rating,
        g1_0.bio,
        g1_0.city,
        g1_0.created_at,
        g1_0.daily_rate,
        g1_0.experience_years,
        g1_0.expertise_areas,
        g1_0.hourly_rate,
        g1_0.intro_video_url,
        g1_0.is_approved,
        g1_0.is_available,
        g1_0.is_verified,
        g1_0.languages,
        g1_0.profile_image_url,
        g1_0.rejection_reason,
        g1_0.state,
        g1_0.total_bookings,
        g1_0.total_reviews,
        g1_0.updated_at,
        g1_0.user_id,
        g1_0.verification_documents,
        u1_0.is_active,
        u1_0.last_login,
        u1_0.last_name,
        u1_0.password_hash,
        u1_0.phone,
        u1_0.phone_verified,
        u1_0.profile_image_url,
        r1_0.user_id,
        r1_1.id,
        r1_1.created_at,
        r1_1.description,
        r1_1.name,
        r1_1.updated_at,
        u1_0.updated_at 
    from
        users u1_0 
    left join
        guides g1_0 
            on u1_0.id=g1_0.user_id 
    left join
        user_roles r1_0 
            on u1_0.id=r1_0.user_id 
    left join
        roles r1_1 
            on r1_1.id=r1_0.role_id 
    where
        u1_0.id=?
2026-04-16 12:29:09 [http-nio-8080-exec-3] DEBUG org.hibernate.SQL - 
    select
        coalesce(sum(b1_0.guide_earnings), 0) 
    from
        bookings b1_0 
    where
        b1_0.guide_id=? 
        and b1_0.status in (?, ?)
2026-04-16 12:29:09 [http-nio-8080-exec-6] DEBUG org.hibernate.SQL - 
    select
        p1_0.id,
        p1_0.amount,
        p1_0.booking_id,
        p1_0.created_at,
        p1_0.currency,
        p1_0.payment_date,
        p1_0.payment_method,
        p1_0.payment_status,
        p1_0.razorpay_order_id,
        p1_0.razorpay_payment_id,
        p1_0.razorpay_signature,
        p1_0.refund_amount,
        p1_0.refund_id,
        p1_0.refunded_at,
        p1_0.updated_at,
        p1_0.user_id 
    from
        payments p1_0 
    where
        p1_0.booking_id=?
2026-04-16 12:29:09 [http-nio-8080-exec-6] DEBUG org.hibernate.SQL - 
    select
        r1_0.id,
        r1_0.booking_id,
        r1_0.created_at,
        r1_0.guide_id,
        r1_0.helpful_count,
        r1_0.is_public,
        r1_0.rating,
        r1_0.review_text,
        r1_0.updated_at,
        r1_0.user_id 
    from
        reviews r1_0 
    where
        r1_0.booking_id=?
2026-04-16 12:29:09 [http-nio-8080-exec-3] DEBUG org.hibernate.SQL - 
    select
        count(b1_0.id) 
    from
        bookings b1_0 
    left join
        guides g1_0 
            on g1_0.id=b1_0.guide_id 
    where
        g1_0.id=? 
        and b1_0.status=?
2026-04-16 12:29:09 [http-nio-8080-exec-6] DEBUG org.hibernate.SQL - 
    select
        p1_0.id,
        p1_0.amount,
        p1_0.booking_id,
        p1_0.created_at,
        p1_0.currency,
        p1_0.payment_date,
        p1_0.payment_method,
        p1_0.payment_status,
        p1_0.razorpay_order_id,
        p1_0.razorpay_payment_id,
        p1_0.razorpay_signature,
        p1_0.refund_amount,
        p1_0.refund_id,
        p1_0.refunded_at,
        p1_0.updated_at,
        p1_0.user_id 
    from
        payments p1_0 
    where
        p1_0.booking_id=?
2026-04-16 12:29:09 [http-nio-8080-exec-3] DEBUG org.hibernate.SQL - 
    select
        coalesce(sum(b1_0.guide_earnings), 0) 
    from
        bookings b1_0 
    where
        b1_0.guide_id=? 
        and b1_0.status in (?, ?)
2026-04-16 12:29:09 [http-nio-8080-exec-6] DEBUG org.hibernate.SQL - 
    select
        r1_0.id,
        r1_0.booking_id,
        r1_0.created_at,
        r1_0.guide_id,
        r1_0.helpful_count,
        r1_0.is_public,
        r1_0.rating,
        r1_0.review_text,
        r1_0.updated_at,
        r1_0.user_id 
    from
        reviews r1_0 
    where
        r1_0.booking_id=?
2026-04-16 12:29:09 [http-nio-8080-exec-3] DEBUG org.hibernate.SQL - 
    select
        count(b1_0.id) 
    from
        bookings b1_0 
    left join
        guides g1_0 
            on g1_0.id=b1_0.guide_id 
    where
        g1_0.id=? 
        and b1_0.status=?
2026-04-16 12:29:09 [http-nio-8080-exec-6] DEBUG org.hibernate.SQL - 
    select
        g1_0.id,
        g1_0.aadhar_number,
        g1_0.aadhar_verified,
        g1_0.admin_notes,
        g1_0.approved_at,
        g1_0.approved_by,
        g1_0.average_rating,
        g1_0.bio,
        g1_0.city,
        g1_0.created_at,
        g1_0.daily_rate,
        g1_0.experience_years,
        g1_0.expertise_areas,
        g1_0.hourly_rate,
        g1_0.intro_video_url,
        g1_0.is_approved,
        g1_0.is_available,
        g1_0.is_verified,
        g1_0.languages,
        g1_0.profile_image_url,
        g1_0.rejection_reason,
        g1_0.state,
        g1_0.total_bookings,
        g1_0.total_reviews,
        g1_0.updated_at,
        g1_0.user_id,
        u1_0.id,
        u1_0.created_at,
        u1_0.email,
        u1_0.email_verified,
        u1_0.first_name,
        u1_0.is_active,
        u1_0.last_login,
        u1_0.last_name,
        u1_0.password_hash,
        u1_0.phone,
        u1_0.phone_verified,
        u1_0.profile_image_url,
        r1_0.user_id,
        r1_1.id,
        r1_1.created_at,
        r1_1.description,
        r1_1.name,
        r1_1.updated_at,
        u1_0.updated_at,
        g1_0.verification_documents 
    from
        guides g1_0 
    join
        users u1_0 
            on u1_0.id=g1_0.user_id 
    left join
        user_roles r1_0 
            on u1_0.id=r1_0.user_id 
    left join
        roles r1_1 
            on r1_1.id=r1_0.role_id 
    where
        g1_0.id=?
2026-04-16 12:29:09 [http-nio-8080-exec-3] DEBUG org.hibernate.SQL - 
    select
        coalesce(sum(b1_0.guide_earnings), 0) 
    from
        bookings b1_0 
    where
        b1_0.guide_id=? 
        and b1_0.status in (?, ?)
2026-04-16 12:29:09 [http-nio-8080-exec-6] DEBUG org.hibernate.SQL - 
    select
        p1_0.id,
        p1_0.amount,
        p1_0.booking_id,
        p1_0.created_at,
        p1_0.currency,
        p1_0.payment_date,
        p1_0.payment_method,
        p1_0.payment_status,
        p1_0.razorpay_order_id,
        p1_0.razorpay_payment_id,
        p1_0.razorpay_signature,
        p1_0.refund_amount,
        p1_0.refund_id,
        p1_0.refunded_at,
        p1_0.updated_at,
        p1_0.user_id 
    from
        payments p1_0 
    where
        p1_0.booking_id=?
2026-04-16 12:29:09 [http-nio-8080-exec-6] DEBUG org.hibernate.SQL - 
    select
        r1_0.id,
        r1_0.booking_id,
        r1_0.created_at,
        r1_0.guide_id,
        r1_0.helpful_count,
        r1_0.is_public,
        r1_0.rating,
        r1_0.review_text,
        r1_0.updated_at,
        r1_0.user_id 
    from
        reviews r1_0 
    where
        r1_0.booking_id=?
2026-04-16 12:29:09 [http-nio-8080-exec-6] DEBUG org.hibernate.SQL - 
    select
        p1_0.id,
        p1_0.amount,
        p1_0.booking_id,
        p1_0.created_at,
        p1_0.currency,
        p1_0.payment_date,
        p1_0.payment_method,
        p1_0.payment_status,
        p1_0.razorpay_order_id,
        p1_0.razorpay_payment_id,
        p1_0.razorpay_signature,
        p1_0.refund_amount,
        p1_0.refund_id,
        p1_0.refunded_at,
        p1_0.updated_at,
        p1_0.user_id 
    from
        payments p1_0 
    where
        p1_0.booking_id=?
2026-04-16 12:29:09 [http-nio-8080-exec-6] DEBUG org.hibernate.SQL - 
    select
        r1_0.id,
        r1_0.booking_id,
        r1_0.created_at,
        r1_0.guide_id,
        r1_0.helpful_count,
        r1_0.is_public,
        r1_0.rating,
        r1_0.review_text,
        r1_0.updated_at,
        r1_0.user_id 
    from
        reviews r1_0 
    where
        r1_0.booking_id=?
2026-04-16 12:29:09 [http-nio-8080-exec-6] DEBUG org.hibernate.SQL - 
    select
        p1_0.id,
        p1_0.amount,
        p1_0.booking_id,
        p1_0.created_at,
        p1_0.currency,
        p1_0.payment_date,
        p1_0.payment_method,
        p1_0.payment_status,
        p1_0.razorpay_order_id,
        p1_0.razorpay_payment_id,
        p1_0.razorpay_signature,
        p1_0.refund_amount,
        p1_0.refund_id,
        p1_0.refunded_at,
        p1_0.updated_at,
        p1_0.user_id 
    from
        payments p1_0 
    where
        p1_0.booking_id=?
2026-04-16 12:29:09 [http-nio-8080-exec-6] DEBUG org.hibernate.SQL - 
    select
        r1_0.id,
        r1_0.booking_id,
        r1_0.created_at,
        r1_0.guide_id,
        r1_0.helpful_count,
        r1_0.is_public,
        r1_0.rating,
        r1_0.review_text,
        r1_0.updated_at,
        r1_0.user_id 
    from
        reviews r1_0 
    where
        r1_0.booking_id=?
2026-04-16 12:29:09 [http-nio-8080-exec-6] DEBUG org.hibernate.SQL - 
    select
        p1_0.id,
        p1_0.amount,
        p1_0.booking_id,
        p1_0.created_at,
        p1_0.currency,
        p1_0.payment_date,
        p1_0.payment_method,
        p1_0.payment_status,
        p1_0.razorpay_order_id,
        p1_0.razorpay_payment_id,
        p1_0.razorpay_signature,
        p1_0.refund_amount,
        p1_0.refund_id,
        p1_0.refunded_at,
        p1_0.updated_at,
        p1_0.user_id 
    from
        payments p1_0 
    where
        p1_0.booking_id=?
2026-04-16 12:29:09 [http-nio-8080-exec-6] DEBUG org.hibernate.SQL - 
    select
        r1_0.id,
        r1_0.booking_id,
        r1_0.created_at,
        r1_0.guide_id,
        r1_0.helpful_count,
        r1_0.is_public,
        r1_0.rating,
        r1_0.review_text,
        r1_0.updated_at,
        r1_0.user_id 
    from
        reviews r1_0 
    where
        r1_0.booking_id=?
2026-04-16 12:29:09 [http-nio-8080-exec-6] DEBUG org.hibernate.SQL - 
    select
        p1_0.id,
        p1_0.amount,
        p1_0.booking_id,
        p1_0.created_at,
        p1_0.currency,
        p1_0.payment_date,
        p1_0.payment_method,
        p1_0.payment_status,
        p1_0.razorpay_order_id,
        p1_0.razorpay_payment_id,
        p1_0.razorpay_signature,
        p1_0.refund_amount,
        p1_0.refund_id,
        p1_0.refunded_at,
        p1_0.updated_at,
        p1_0.user_id 
    from
        payments p1_0 
    where
        p1_0.booking_id=?
2026-04-16 12:29:09 [http-nio-8080-exec-6] DEBUG org.hibernate.SQL - 
    select
        r1_0.id,
        r1_0.booking_id,
        r1_0.created_at,
        r1_0.guide_id,
        r1_0.helpful_count,
        r1_0.is_public,
        r1_0.rating,
        r1_0.review_text,
        r1_0.updated_at,
        r1_0.user_id 
    from
        reviews r1_0 
    where
        r1_0.booking_id=?
2026-04-16 12:29:09 [http-nio-8080-exec-6] DEBUG org.hibernate.SQL - 
    select
        p1_0.id,
        p1_0.amount,
        p1_0.booking_id,
        p1_0.created_at,
        p1_0.currency,
        p1_0.payment_date,
        p1_0.payment_method,
        p1_0.payment_status,
        p1_0.razorpay_order_id,
        p1_0.razorpay_payment_id,
        p1_0.razorpay_signature,
        p1_0.refund_amount,
        p1_0.refund_id,
        p1_0.refunded_at,
        p1_0.updated_at,
        p1_0.user_id 
    from
        payments p1_0 
    where
        p1_0.booking_id=?
2026-04-16 12:29:09 [http-nio-8080-exec-6] DEBUG org.hibernate.SQL - 
    select
        r1_0.id,
        r1_0.booking_id,
        r1_0.created_at,
        r1_0.guide_id,
        r1_0.helpful_count,
        r1_0.is_public,
        r1_0.rating,
        r1_0.review_text,
        r1_0.updated_at,
        r1_0.user_id 
    from
        reviews r1_0 
    where
        r1_0.booking_id=?
2026-04-16 12:29:09 [http-nio-8080-exec-6] DEBUG org.hibernate.SQL - 
    select
        p1_0.id,
        p1_0.amount,
        p1_0.booking_id,
        p1_0.created_at,
        p1_0.currency,
        p1_0.payment_date,
        p1_0.payment_method,
        p1_0.payment_status,
        p1_0.razorpay_order_id,
        p1_0.razorpay_payment_id,
        p1_0.razorpay_signature,
        p1_0.refund_amount,
        p1_0.refund_id,
        p1_0.refunded_at,
        p1_0.updated_at,
        p1_0.user_id 
    from
        payments p1_0 
    where
        p1_0.booking_id=?
2026-04-16 12:29:09 [http-nio-8080-exec-6] DEBUG org.hibernate.SQL - 
    select
        r1_0.id,
        r1_0.booking_id,
        r1_0.created_at,
        r1_0.guide_id,
        r1_0.helpful_count,
        r1_0.is_public,
        r1_0.rating,
        r1_0.review_text,
        r1_0.updated_at,
        r1_0.user_id 
    from
        reviews r1_0 
    where
        r1_0.booking_id=?
2026-04-16 12:29:09 [http-nio-8080-exec-6] DEBUG org.hibernate.SQL - 
    select
        p1_0.id,
        p1_0.amount,
        p1_0.booking_id,
        p1_0.created_at,
        p1_0.currency,
        p1_0.payment_date,
        p1_0.payment_method,
        p1_0.payment_status,
        p1_0.razorpay_order_id,
        p1_0.razorpay_payment_id,
        p1_0.razorpay_signature,
        p1_0.refund_amount,
        p1_0.refund_id,
        p1_0.refunded_at,
        p1_0.updated_at,
        p1_0.user_id 
    from
        payments p1_0 
    where
        p1_0.booking_id=?
2026-04-16 12:29:09 [http-nio-8080-exec-6] DEBUG org.hibernate.SQL - 
    select
        r1_0.id,
        r1_0.booking_id,
        r1_0.created_at,
        r1_0.guide_id,
        r1_0.helpful_count,
        r1_0.is_public,
        r1_0.rating,
        r1_0.review_text,
        r1_0.updated_at,
        r1_0.user_id 
    from
        reviews r1_0 
    where
        r1_0.booking_id=?
2026-04-16 12:29:09 [http-nio-8080-exec-6] DEBUG org.hibernate.SQL - 
    select
        p1_0.id,
        p1_0.amount,
        p1_0.booking_id,
        p1_0.created_at,
        p1_0.currency,
        p1_0.payment_date,
        p1_0.payment_method,
        p1_0.payment_status,
        p1_0.razorpay_order_id,
        p1_0.razorpay_payment_id,
        p1_0.razorpay_signature,
        p1_0.refund_amount,
        p1_0.refund_id,
        p1_0.refunded_at,
        p1_0.updated_at,
        p1_0.user_id 
    from
        payments p1_0 
    where
        p1_0.booking_id=?
2026-04-16 12:29:09 [http-nio-8080-exec-6] DEBUG org.hibernate.SQL - 
    select
        r1_0.id,
        r1_0.booking_id,
        r1_0.created_at,
        r1_0.guide_id,
        r1_0.helpful_count,
        r1_0.is_public,
        r1_0.rating,
        r1_0.review_text,
        r1_0.updated_at,
        r1_0.user_id 
    from
        reviews r1_0 
    where
        r1_0.booking_id=?
2026-04-16 12:29:09 [http-nio-8080-exec-6] DEBUG org.hibernate.SQL - 
    select
        p1_0.id,
        p1_0.amount,
        p1_0.booking_id,
        p1_0.created_at,
        p1_0.currency,
        p1_0.payment_date,
        p1_0.payment_method,
        p1_0.payment_status,
        p1_0.razorpay_order_id,
        p1_0.razorpay_payment_id,
        p1_0.razorpay_signature,
        p1_0.refund_amount,
        p1_0.refund_id,
        p1_0.refunded_at,
        p1_0.updated_at,
        p1_0.user_id 
    from
        payments p1_0 
    where
        p1_0.booking_id=?
2026-04-16 12:29:09 [http-nio-8080-exec-6] DEBUG org.hibernate.SQL - 
    select
        r1_0.id,
        r1_0.booking_id,
        r1_0.created_at,
        r1_0.guide_id,
        r1_0.helpful_count,
        r1_0.is_public,
        r1_0.rating,
        r1_0.review_text,
        r1_0.updated_at,
        r1_0.user_id 
    from
        reviews r1_0 
    where
        r1_0.booking_id=?
2026-04-16 12:29:09 [http-nio-8080-exec-6] DEBUG org.hibernate.SQL - 
    select
        p1_0.id,
        p1_0.amount,
        p1_0.booking_id,
        p1_0.created_at,
        p1_0.currency,
        p1_0.payment_date,
        p1_0.payment_method,
        p1_0.payment_status,
        p1_0.razorpay_order_id,
        p1_0.razorpay_payment_id,
        p1_0.razorpay_signature,
        p1_0.refund_amount,
        p1_0.refund_id,
        p1_0.refunded_at,
        p1_0.updated_at,
        p1_0.user_id 
    from
        payments p1_0 
    where
        p1_0.booking_id=?
2026-04-16 12:29:09 [http-nio-8080-exec-6] DEBUG org.hibernate.SQL - 
    select
        r1_0.id,
        r1_0.booking_id,
        r1_0.created_at,
        r1_0.guide_id,
        r1_0.helpful_count,
        r1_0.is_public,
        r1_0.rating,
        r1_0.review_text,
        r1_0.updated_at,
        r1_0.user_id 
    from
        reviews r1_0 
    where
        r1_0.booking_id=?
2026-04-16 12:29:09 [http-nio-8080-exec-6] DEBUG org.hibernate.SQL - 
    select
        p1_0.id,
        p1_0.amount,
        p1_0.booking_id,
        p1_0.created_at,
        p1_0.currency,
        p1_0.payment_date,
        p1_0.payment_method,
        p1_0.payment_status,
        p1_0.razorpay_order_id,
        p1_0.razorpay_payment_id,
        p1_0.razorpay_signature,
        p1_0.refund_amount,
        p1_0.refund_id,
        p1_0.refunded_at,
        p1_0.updated_at,
        p1_0.user_id 
    from
        payments p1_0 
    where
        p1_0.booking_id=?
2026-04-16 12:29:09 [http-nio-8080-exec-6] DEBUG org.hibernate.SQL - 
    select
        r1_0.id,
        r1_0.booking_id,
        r1_0.created_at,
        r1_0.guide_id,
        r1_0.helpful_count,
        r1_0.is_public,
        r1_0.rating,
        r1_0.review_text,
        r1_0.updated_at,
        r1_0.user_id 
    from
        reviews r1_0 
    where
        r1_0.booking_id=?
2026-04-16 12:29:09 [http-nio-8080-exec-6] DEBUG org.hibernate.SQL - 
    select
        g1_0.id,
        g1_0.aadhar_number,
        g1_0.aadhar_verified,
        g1_0.admin_notes,
        g1_0.approved_at,
        g1_0.approved_by,
        g1_0.average_rating,
        g1_0.bio,
        g1_0.city,
        g1_0.created_at,
        g1_0.daily_rate,
        g1_0.experience_years,
        g1_0.expertise_areas,
        g1_0.hourly_rate,
        g1_0.intro_video_url,
        g1_0.is_approved,
        g1_0.is_available,
        g1_0.is_verified,
        g1_0.languages,
        g1_0.profile_image_url,
        g1_0.rejection_reason,
        g1_0.state,
        g1_0.total_bookings,
        g1_0.total_reviews,
        g1_0.updated_at,
        g1_0.user_id,
        u1_0.id,
        u1_0.created_at,
        u1_0.email,
        u1_0.email_verified,
        u1_0.first_name,
        u1_0.is_active,
        u1_0.last_login,
        u1_0.last_name,
        u1_0.password_hash,
        u1_0.phone,
        u1_0.phone_verified,
        u1_0.profile_image_url,
        r1_0.user_id,
        r1_1.id,
        r1_1.created_at,
        r1_1.description,
        r1_1.name,
        r1_1.updated_at,
        u1_0.updated_at,
        g1_0.verification_documents 
    from
        guides g1_0 
    join
        users u1_0 
            on u1_0.id=g1_0.user_id 
    left join
        user_roles r1_0 
            on u1_0.id=r1_0.user_id 
    left join
        roles r1_1 
            on r1_1.id=r1_0.role_id 
    where
        g1_0.id=?
2026-04-16 12:29:09 [http-nio-8080-exec-6] DEBUG org.hibernate.SQL - 
    select
        p1_0.id,
        p1_0.amount,
        p1_0.booking_id,
        p1_0.created_at,
        p1_0.currency,
        p1_0.payment_date,
        p1_0.payment_method,
        p1_0.payment_status,
        p1_0.razorpay_order_id,
        p1_0.razorpay_payment_id,
        p1_0.razorpay_signature,
        p1_0.refund_amount,
        p1_0.refund_id,
        p1_0.refunded_at,
        p1_0.updated_at,
        p1_0.user_id 
    from
        payments p1_0 
    where
        p1_0.booking_id=?
2026-04-16 12:29:09 [http-nio-8080-exec-6] DEBUG org.hibernate.SQL - 
    select
        r1_0.id,
        r1_0.booking_id,
        r1_0.created_at,
        r1_0.guide_id,
        r1_0.helpful_count,
        r1_0.is_public,
        r1_0.rating,
        r1_0.review_text,
        r1_0.updated_at,
        r1_0.user_id 
    from
        reviews r1_0 
    where
        r1_0.booking_id=?
2026-04-16 12:29:09 [http-nio-8080-exec-6] DEBUG org.hibernate.SQL - 
    select
        p1_0.id,
        p1_0.amount,
        p1_0.booking_id,
        p1_0.created_at,
        p1_0.currency,
        p1_0.payment_date,
        p1_0.payment_method,
        p1_0.payment_status,
        p1_0.razorpay_order_id,
        p1_0.razorpay_payment_id,
        p1_0.razorpay_signature,
        p1_0.refund_amount,
        p1_0.refund_id,
        p1_0.refunded_at,
        p1_0.updated_at,
        p1_0.user_id 
    from
        payments p1_0 
    where
        p1_0.booking_id=?
2026-04-16 12:29:09 [http-nio-8080-exec-6] DEBUG org.hibernate.SQL - 
    select
        r1_0.id,
        r1_0.booking_id,
        r1_0.created_at,
        r1_0.guide_id,
        r1_0.helpful_count,
        r1_0.is_public,
        r1_0.rating,
        r1_0.review_text,
        r1_0.updated_at,
        r1_0.user_id 
    from
        reviews r1_0 
    where
        r1_0.booking_id=?
2026-04-16 12:29:09 [http-nio-8080-exec-6] DEBUG org.hibernate.SQL - 
    select
        p1_0.id,
        p1_0.amount,
        p1_0.booking_id,
        p1_0.created_at,
        p1_0.currency,
        p1_0.payment_date,
        p1_0.payment_method,
        p1_0.payment_status,
        p1_0.razorpay_order_id,
        p1_0.razorpay_payment_id,
        p1_0.razorpay_signature,
        p1_0.refund_amount,
        p1_0.refund_id,
        p1_0.refunded_at,
        p1_0.updated_at,
        p1_0.user_id 
    from
        payments p1_0 
    where
        p1_0.booking_id=?
2026-04-16 12:29:09 [http-nio-8080-exec-6] DEBUG org.hibernate.SQL - 
    select
        r1_0.id,
        r1_0.booking_id,
        r1_0.created_at,
        r1_0.guide_id,
        r1_0.helpful_count,
        r1_0.is_public,
        r1_0.rating,
        r1_0.review_text,
        r1_0.updated_at,
        r1_0.user_id 
    from
        reviews r1_0 
    where
        r1_0.booking_id=?
2026-04-16 12:29:09 [http-nio-8080-exec-6] DEBUG org.hibernate.SQL - 
    select
        p1_0.id,
        p1_0.amount,
        p1_0.booking_id,
        p1_0.created_at,
        p1_0.currency,
        p1_0.payment_date,
        p1_0.payment_method,
        p1_0.payment_status,
        p1_0.razorpay_order_id,
        p1_0.razorpay_payment_id,
        p1_0.razorpay_signature,
        p1_0.refund_amount,
        p1_0.refund_id,
        p1_0.refunded_at,
        p1_0.updated_at,
        p1_0.user_id 
    from
        payments p1_0 
    where
        p1_0.booking_id=?
2026-04-16 12:29:09 [http-nio-8080-exec-6] DEBUG org.hibernate.SQL - 
    select
        r1_0.id,
        r1_0.booking_id,
        r1_0.created_at,
        r1_0.guide_id,
        r1_0.helpful_count,
        r1_0.is_public,
        r1_0.rating,
        r1_0.review_text,
        r1_0.updated_at,
        r1_0.user_id 
    from
        reviews r1_0 
    where
        r1_0.booking_id=?
2026-04-16 12:29:09 [http-nio-8080-exec-6] DEBUG org.hibernate.SQL - 
    select
        p1_0.id,
        p1_0.amount,
        p1_0.booking_id,
        p1_0.created_at,
        p1_0.currency,
        p1_0.payment_date,
        p1_0.payment_method,
        p1_0.payment_status,
        p1_0.razorpay_order_id,
        p1_0.razorpay_payment_id,
        p1_0.razorpay_signature,
        p1_0.refund_amount,
        p1_0.refund_id,
        p1_0.refunded_at,
        p1_0.updated_at,
        p1_0.user_id 
    from
        payments p1_0 
    where
        p1_0.booking_id=?
2026-04-16 12:29:09 [http-nio-8080-exec-6] DEBUG org.hibernate.SQL - 
    select
        r1_0.id,
        r1_0.booking_id,
        r1_0.created_at,
        r1_0.guide_id,
        r1_0.helpful_count,
        r1_0.is_public,
        r1_0.rating,
        r1_0.review_text,
        r1_0.updated_at,
        r1_0.user_id 
    from
        reviews r1_0 
    where
        r1_0.booking_id=?
2026-04-16 12:29:09 [http-nio-8080-exec-6] DEBUG org.hibernate.SQL - 
    select
        p1_0.id,
        p1_0.amount,
        p1_0.booking_id,
        p1_0.created_at,
        p1_0.currency,
        p1_0.payment_date,
        p1_0.payment_method,
        p1_0.payment_status,
        p1_0.razorpay_order_id,
        p1_0.razorpay_payment_id,
        p1_0.razorpay_signature,
        p1_0.refund_amount,
        p1_0.refund_id,
        p1_0.refunded_at,
        p1_0.updated_at,
        p1_0.user_id 
    from
        payments p1_0 
    where
        p1_0.booking_id=?
2026-04-16 12:29:09 [http-nio-8080-exec-6] DEBUG org.hibernate.SQL - 
    select
        r1_0.id,
        r1_0.booking_id,
        r1_0.created_at,
        r1_0.guide_id,
        r1_0.helpful_count,
        r1_0.is_public,
        r1_0.rating,
        r1_0.review_text,
        r1_0.updated_at,
        r1_0.user_id 
    from
        reviews r1_0 
    where
        r1_0.booking_id=?
2026-04-16 12:29:09 [http-nio-8080-exec-6] DEBUG org.hibernate.SQL - 
    select
        p1_0.id,
        p1_0.amount,
        p1_0.booking_id,
        p1_0.created_at,
        p1_0.currency,
        p1_0.payment_date,
        p1_0.payment_method,
        p1_0.payment_status,
        p1_0.razorpay_order_id,
        p1_0.razorpay_payment_id,
        p1_0.razorpay_signature,
        p1_0.refund_amount,
        p1_0.refund_id,
        p1_0.refunded_at,
        p1_0.updated_at,
        p1_0.user_id 
    from
        payments p1_0 
    where
        p1_0.booking_id=?
2026-04-16 12:29:09 [http-nio-8080-exec-6] DEBUG org.hibernate.SQL - 
    select
        r1_0.id,
        r1_0.booking_id,
        r1_0.created_at,
        r1_0.guide_id,
        r1_0.helpful_count,
        r1_0.is_public,
        r1_0.rating,
        r1_0.review_text,
        r1_0.updated_at,
        r1_0.user_id 
    from
        reviews r1_0 
    where
        r1_0.booking_id=?
2026-04-16 12:29:09 [http-nio-8080-exec-6] DEBUG org.hibernate.SQL - 
    select
        g1_0.id,
        g1_0.aadhar_number,
        g1_0.aadhar_verified,
        g1_0.admin_notes,
        g1_0.approved_at,
        g1_0.approved_by,
        g1_0.average_rating,
        g1_0.bio,
        g1_0.city,
        g1_0.created_at,
        g1_0.daily_rate,
        g1_0.experience_years,
        g1_0.expertise_areas,
        g1_0.hourly_rate,
        g1_0.intro_video_url,
        g1_0.is_approved,
        g1_0.is_available,
        g1_0.is_verified,
        g1_0.languages,
        g1_0.profile_image_url,
        g1_0.rejection_reason,
        g1_0.state,
        g1_0.total_bookings,
        g1_0.total_reviews,
        g1_0.updated_at,
        g1_0.user_id,
        u1_0.id,
        u1_0.created_at,
        u1_0.email,
        u1_0.email_verified,
        u1_0.first_name,
        u1_0.is_active,
        u1_0.last_login,
        u1_0.last_name,
        u1_0.password_hash,
        u1_0.phone,
        u1_0.phone_verified,
        u1_0.profile_image_url,
        r1_0.user_id,
        r1_1.id,
        r1_1.created_at,
        r1_1.description,
        r1_1.name,
        r1_1.updated_at,
        u1_0.updated_at,
        g1_0.verification_documents 
    from
        guides g1_0 
    join
        users u1_0 
            on u1_0.id=g1_0.user_id 
    left join
        user_roles r1_0 
            on u1_0.id=r1_0.user_id 
    left join
        roles r1_1 
            on r1_1.id=r1_0.role_id 
    where
        g1_0.id=?
2026-04-16 12:29:09 [http-nio-8080-exec-6] DEBUG org.hibernate.SQL - 
    select
        p1_0.id,
        p1_0.amount,
        p1_0.booking_id,
        p1_0.created_at,
        p1_0.currency,
        p1_0.payment_date,
        p1_0.payment_method,
        p1_0.payment_status,
        p1_0.razorpay_order_id,
        p1_0.razorpay_payment_id,
        p1_0.razorpay_signature,
        p1_0.refund_amount,
        p1_0.refund_id,
        p1_0.refunded_at,
        p1_0.updated_at,
        p1_0.user_id 
    from
        payments p1_0 
    where
        p1_0.booking_id=?
2026-04-16 12:29:09 [http-nio-8080-exec-6] DEBUG org.hibernate.SQL - 
    select
        r1_0.id,
        r1_0.booking_id,
        r1_0.created_at,
        r1_0.guide_id,
        r1_0.helpful_count,
        r1_0.is_public,
        r1_0.rating,
        r1_0.review_text,
        r1_0.updated_at,
        r1_0.user_id 
    from
        reviews r1_0 
    where
        r1_0.booking_id=?
2026-04-16 12:29:09 [http-nio-8080-exec-6] DEBUG org.hibernate.SQL - 
    select
        p1_0.id,
        p1_0.amount,
        p1_0.booking_id,
        p1_0.created_at,
        p1_0.currency,
        p1_0.payment_date,
        p1_0.payment_method,
        p1_0.payment_status,
        p1_0.razorpay_order_id,
        p1_0.razorpay_payment_id,
        p1_0.razorpay_signature,
        p1_0.refund_amount,
        p1_0.refund_id,
        p1_0.refunded_at,
        p1_0.updated_at,
        p1_0.user_id 
    from
        payments p1_0 
    where
        p1_0.booking_id=?
2026-04-16 12:29:09 [http-nio-8080-exec-6] DEBUG org.hibernate.SQL - 
    select
        r1_0.id,
        r1_0.booking_id,
        r1_0.created_at,
        r1_0.guide_id,
        r1_0.helpful_count,
        r1_0.is_public,
        r1_0.rating,
        r1_0.review_text,
        r1_0.updated_at,
        r1_0.user_id 
    from
        reviews r1_0 
    where
        r1_0.booking_id=?
2026-04-16 12:29:09 [http-nio-8080-exec-6] DEBUG org.hibernate.SQL - 
    select
        p1_0.id,
        p1_0.amount,
        p1_0.booking_id,
        p1_0.created_at,
        p1_0.currency,
        p1_0.payment_date,
        p1_0.payment_method,
        p1_0.payment_status,
        p1_0.razorpay_order_id,
        p1_0.razorpay_payment_id,
        p1_0.razorpay_signature,
        p1_0.refund_amount,
        p1_0.refund_id,
        p1_0.refunded_at,
        p1_0.updated_at,
        p1_0.user_id 
    from
        payments p1_0 
    where
        p1_0.booking_id=?
2026-04-16 12:29:09 [http-nio-8080-exec-6] DEBUG org.hibernate.SQL - 
    select
        r1_0.id,
        r1_0.booking_id,
        r1_0.created_at,
        r1_0.guide_id,
        r1_0.helpful_count,
        r1_0.is_public,
        r1_0.rating,
        r1_0.review_text,
        r1_0.updated_at,
        r1_0.user_id 
    from
        reviews r1_0 
    where
        r1_0.booking_id=?
2026-04-16 12:29:29 [http-nio-8080-exec-2] DEBUG o.s.security.web.FilterChainProxy - Securing GET /user/guide-status
2026-04-16 12:29:29 [http-nio-8080-exec-5] DEBUG o.s.security.web.FilterChainProxy - Securing GET /chat/conversations
2026-04-16 12:29:29 [http-nio-8080-exec-8] DEBUG o.s.security.web.FilterChainProxy - Securing GET /admin/dashboard
2026-04-16 12:29:29 [http-nio-8080-exec-2] DEBUG org.hibernate.SQL - 
    select
        u1_0.id,
        u1_0.created_at,
        u1_0.email,
        u1_0.email_verified,
        u1_0.first_name,
        u1_0.is_active,
        u1_0.last_login,
        u1_0.last_name,
        u1_0.password_hash,
        u1_0.phone,
        u1_0.phone_verified,
        u1_0.profile_image_url,
        u1_0.updated_at 
    from
        users u1_0 
    where
        u1_0.email=? 
        and u1_0.is_active=1
2026-04-16 12:29:29 [http-nio-8080-exec-5] DEBUG org.hibernate.SQL - 
    select
        u1_0.id,
        u1_0.created_at,
        u1_0.email,
        u1_0.email_verified,
        u1_0.first_name,
        u1_0.is_active,
        u1_0.last_login,
        u1_0.last_name,
        u1_0.password_hash,
        u1_0.phone,
        u1_0.phone_verified,
        u1_0.profile_image_url,
        u1_0.updated_at 
    from
        users u1_0 
    where
        u1_0.email=? 
        and u1_0.is_active=1
2026-04-16 12:29:29 [http-nio-8080-exec-8] DEBUG org.hibernate.SQL - 
    select
        u1_0.id,
        u1_0.created_at,
        u1_0.email,
        u1_0.email_verified,
        u1_0.first_name,
        u1_0.is_active,
        u1_0.last_login,
        u1_0.last_name,
        u1_0.password_hash,
        u1_0.phone,
        u1_0.phone_verified,
        u1_0.profile_image_url,
        u1_0.updated_at 
    from
        users u1_0 
    where
        u1_0.email=? 
        and u1_0.is_active=1
2026-04-16 12:29:29 [http-nio-8080-exec-2] DEBUG org.hibernate.SQL - 
    select
        g1_0.id,
        g1_0.aadhar_number,
        g1_0.aadhar_verified,
        g1_0.admin_notes,
        g1_0.approved_at,
        g1_0.approved_by,
        g1_0.average_rating,
        g1_0.bio,
        g1_0.city,
        g1_0.created_at,
        g1_0.daily_rate,
        g1_0.experience_years,
        g1_0.expertise_areas,
        g1_0.hourly_rate,
        g1_0.intro_video_url,
        g1_0.is_approved,
        g1_0.is_available,
        g1_0.is_verified,
        g1_0.languages,
        g1_0.profile_image_url,
        g1_0.rejection_reason,
        g1_0.state,
        g1_0.total_bookings,
        g1_0.total_reviews,
        g1_0.updated_at,
        g1_0.user_id,
        u1_0.id,
        u1_0.created_at,
        u1_0.email,
        u1_0.email_verified,
        u1_0.first_name,
        u1_0.is_active,
        u1_0.last_login,
        u1_0.last_name,
        u1_0.password_hash,
        u1_0.phone,
        u1_0.phone_verified,
        u1_0.profile_image_url,
        r1_0.user_id,
        r1_1.id,
        r1_1.created_at,
        r1_1.description,
        r1_1.name,
        r1_1.updated_at,
        u1_0.updated_at,
        g1_0.verification_documents 
    from
        guides g1_0 
    join
        users u1_0 
            on u1_0.id=g1_0.user_id 
    left join
        user_roles r1_0 
            on u1_0.id=r1_0.user_id 
    left join
        roles r1_1 
            on r1_1.id=r1_0.role_id 
    where
        g1_0.user_id=?
2026-04-16 12:29:29 [http-nio-8080-exec-5] DEBUG org.hibernate.SQL - 
    select
        g1_0.id,
        g1_0.aadhar_number,
        g1_0.aadhar_verified,
        g1_0.admin_notes,
        g1_0.approved_at,
        g1_0.approved_by,
        g1_0.average_rating,
        g1_0.bio,
        g1_0.city,
        g1_0.created_at,
        g1_0.daily_rate,
        g1_0.experience_years,
        g1_0.expertise_areas,
        g1_0.hourly_rate,
        g1_0.intro_video_url,
        g1_0.is_approved,
        g1_0.is_available,
        g1_0.is_verified,
        g1_0.languages,
        g1_0.profile_image_url,
        g1_0.rejection_reason,
        g1_0.state,
        g1_0.total_bookings,
        g1_0.total_reviews,
        g1_0.updated_at,
        g1_0.user_id,
        u1_0.id,
        u1_0.created_at,
        u1_0.email,
        u1_0.email_verified,
        u1_0.first_name,
        u1_0.is_active,
        u1_0.last_login,
        u1_0.last_name,
        u1_0.password_hash,
        u1_0.phone,
        u1_0.phone_verified,
        u1_0.profile_image_url,
        r1_0.user_id,
        r1_1.id,
        r1_1.created_at,
        r1_1.description,
        r1_1.name,
        r1_1.updated_at,
        u1_0.updated_at,
        g1_0.verification_documents 
    from
        guides g1_0 
    join
        users u1_0 
            on u1_0.id=g1_0.user_id 
    left join
        user_roles r1_0 
            on u1_0.id=r1_0.user_id 
    left join
        roles r1_1 
            on r1_1.id=r1_0.role_id 
    where
        g1_0.user_id=?
2026-04-16 12:29:29 [http-nio-8080-exec-8] DEBUG org.hibernate.SQL - 
    select
        g1_0.id,
        g1_0.aadhar_number,
        g1_0.aadhar_verified,
        g1_0.admin_notes,
        g1_0.approved_at,
        g1_0.approved_by,
        g1_0.average_rating,
        g1_0.bio,
        g1_0.city,
        g1_0.created_at,
        g1_0.daily_rate,
        g1_0.experience_years,
        g1_0.expertise_areas,
        g1_0.hourly_rate,
        g1_0.intro_video_url,
        g1_0.is_approved,
        g1_0.is_available,
        g1_0.is_verified,
        g1_0.languages,
        g1_0.profile_image_url,
        g1_0.rejection_reason,
        g1_0.state,
        g1_0.total_bookings,
        g1_0.total_reviews,
        g1_0.updated_at,
        g1_0.user_id,
        u1_0.id,
        u1_0.created_at,
        u1_0.email,
        u1_0.email_verified,
        u1_0.first_name,
        u1_0.is_active,
        u1_0.last_login,
        u1_0.last_name,
        u1_0.password_hash,
        u1_0.phone,
        u1_0.phone_verified,
        u1_0.profile_image_url,
        r1_0.user_id,
        r1_1.id,
        r1_1.created_at,
        r1_1.description,
        r1_1.name,
        r1_1.updated_at,
        u1_0.updated_at,
        g1_0.verification_documents 
    from
        guides g1_0 
    join
        users u1_0 
            on u1_0.id=g1_0.user_id 
    left join
        user_roles r1_0 
            on u1_0.id=r1_0.user_id 
    left join
        roles r1_1 
            on r1_1.id=r1_0.role_id 
    where
        g1_0.user_id=?
2026-04-16 12:29:29 [http-nio-8080-exec-2] DEBUG org.hibernate.SQL - 
    select
        r1_0.user_id,
        r1_1.id,
        r1_1.created_at,
        r1_1.description,
        r1_1.name,
        r1_1.updated_at 
    from
        user_roles r1_0 
    join
        roles r1_1 
            on r1_1.id=r1_0.role_id 
    where
        r1_0.user_id=?
2026-04-16 12:29:29 [http-nio-8080-exec-5] DEBUG org.hibernate.SQL - 
    select
        r1_0.user_id,
        r1_1.id,
        r1_1.created_at,
        r1_1.description,
        r1_1.name,
        r1_1.updated_at 
    from
        user_roles r1_0 
    join
        roles r1_1 
            on r1_1.id=r1_0.role_id 
    where
        r1_0.user_id=?
2026-04-16 12:29:29 [http-nio-8080-exec-8] DEBUG org.hibernate.SQL - 
    select
        r1_0.user_id,
        r1_1.id,
        r1_1.created_at,
        r1_1.description,
        r1_1.name,
        r1_1.updated_at 
    from
        user_roles r1_0 
    join
        roles r1_1 
            on r1_1.id=r1_0.role_id 
    where
        r1_0.user_id=?
2026-04-16 12:29:29 [http-nio-8080-exec-2] DEBUG o.s.security.web.FilterChainProxy - Secured GET /user/guide-status
2026-04-16 12:29:29 [http-nio-8080-exec-8] DEBUG o.s.security.web.FilterChainProxy - Secured GET /admin/dashboard
2026-04-16 12:29:29 [http-nio-8080-exec-8] DEBUG o.s.s.a.m.AuthorizationManagerBeforeMethodInterceptor - Authorizing method invocation ReflectiveMethodInvocation: public org.springframework.http.ResponseEntity com.trailbuddy.controller.AdminController.getDashboard(); target is of class [com.trailbuddy.controller.AdminController]
2026-04-16 12:29:29 [http-nio-8080-exec-5] DEBUG o.s.security.web.FilterChainProxy - Secured GET /chat/conversations
2026-04-16 12:29:29 [http-nio-8080-exec-8] DEBUG o.s.s.a.m.AuthorizationManagerBeforeMethodInterceptor - Authorized method invocation ReflectiveMethodInvocation: public org.springframework.http.ResponseEntity com.trailbuddy.controller.AdminController.getDashboard(); target is of class [com.trailbuddy.controller.AdminController]
2026-04-16 12:29:29 [http-nio-8080-exec-2] DEBUG org.hibernate.SQL - 
    select
        g1_0.id,
        g1_0.aadhar_number,
        g1_0.aadhar_verified,
        g1_0.admin_notes,
        g1_0.approved_at,
        g1_0.approved_by,
        g1_0.average_rating,
        g1_0.bio,
        g1_0.city,
        g1_0.created_at,
        g1_0.daily_rate,
        g1_0.experience_years,
        g1_0.expertise_areas,
        g1_0.hourly_rate,
        g1_0.intro_video_url,
        g1_0.is_approved,
        g1_0.is_available,
        g1_0.is_verified,
        g1_0.languages,
        g1_0.profile_image_url,
        g1_0.rejection_reason,
        g1_0.state,
        g1_0.total_bookings,
        g1_0.total_reviews,
        g1_0.updated_at,
        g1_0.user_id,
        g1_0.verification_documents 
    from
        guides g1_0 
    where
        g1_0.user_id=?
2026-04-16 12:29:29 [http-nio-8080-exec-5] INFO  c.t.controller.ChatController - Getting conversations for user
2026-04-16 12:29:29 [http-nio-8080-exec-8] DEBUG org.hibernate.SQL - 
    select
        count(u1_0.id) 
    from
        users u1_0 
    where
        u1_0.is_active=1
2026-04-16 12:29:29 [http-nio-8080-exec-5] DEBUG org.hibernate.SQL - 
    select
        distinct r1_0.id,
        r1_0.created_at,
        r1_0.email,
        r1_0.email_verified,
        r1_0.first_name,
        r1_0.is_active,
        r1_0.last_login,
        r1_0.last_name,
        r1_0.password_hash,
        r1_0.phone,
        r1_0.phone_verified,
        r1_0.profile_image_url,
        r1_0.updated_at 
    from
        chat_messages cm1_0 
    join
        users r1_0 
            on r1_0.id=cm1_0.receiver_id 
    where
        cm1_0.sender_id=?
2026-04-16 12:29:30 [http-nio-8080-exec-2] DEBUG org.hibernate.SQL - 
    select
        g1_0.id,
        g1_0.aadhar_number,
        g1_0.aadhar_verified,
        g1_0.admin_notes,
        g1_0.approved_at,
        g1_0.approved_by,
        g1_0.average_rating,
        g1_0.bio,
        g1_0.city,
        g1_0.created_at,
        g1_0.daily_rate,
        g1_0.experience_years,
        g1_0.expertise_areas,
        g1_0.hourly_rate,
        g1_0.intro_video_url,
        g1_0.is_approved,
        g1_0.is_available,
        g1_0.is_verified,
        g1_0.languages,
        g1_0.profile_image_url,
        g1_0.rejection_reason,
        g1_0.state,
        g1_0.total_bookings,
        g1_0.total_reviews,
        g1_0.updated_at,
        g1_0.user_id,
        g1_0.verification_documents 
    from
        guides g1_0 
    join
        users u1_0 
            on u1_0.id=g1_0.user_id 
    where
        lower(trim(BOTH from u1_0.first_name))=lower(trim(BOTH from ?)) 
        and lower(trim(BOTH from u1_0.last_name))=lower(trim(BOTH from ?))
2026-04-16 12:29:30 [http-nio-8080-exec-8] DEBUG org.hibernate.SQL - 
    select
        count(u1_0.id) 
    from
        users u1_0 
    join
        user_roles r1_0 
            on u1_0.id=r1_0.user_id 
    join
        roles r1_1 
            on r1_1.id=r1_0.role_id 
    where
        r1_1.name='GUIDE' 
        and u1_0.is_active=1
2026-04-16 12:29:30 [http-nio-8080-exec-5] DEBUG org.hibernate.SQL - 
    select
        distinct s1_0.id,
        s1_0.created_at,
        s1_0.email,
        s1_0.email_verified,
        s1_0.first_name,
        s1_0.is_active,
        s1_0.last_login,
        s1_0.last_name,
        s1_0.password_hash,
        s1_0.phone,
        s1_0.phone_verified,
        s1_0.profile_image_url,
        s1_0.updated_at 
    from
        chat_messages cm1_0 
    join
        users s1_0 
            on s1_0.id=cm1_0.sender_id 
    where
        cm1_0.receiver_id=?
2026-04-16 12:29:30 [http-nio-8080-exec-8] DEBUG org.hibernate.SQL - 
    select
        count(*) 
    from
        bookings b1_0
2026-04-16 12:29:30 [http-nio-8080-exec-1] DEBUG o.s.security.web.FilterChainProxy - Securing GET /chat/conversations
2026-04-16 12:29:30 [http-nio-8080-exec-8] DEBUG org.hibernate.SQL - 
    select
        p1_0.id,
        p1_0.amount,
        p1_0.booking_id,
        p1_0.created_at,
        p1_0.currency,
        p1_0.payment_date,
        p1_0.payment_method,
        p1_0.payment_status,
        p1_0.razorpay_order_id,
        p1_0.razorpay_payment_id,
        p1_0.razorpay_signature,
        p1_0.refund_amount,
        p1_0.refund_id,
        p1_0.refunded_at,
        p1_0.updated_at,
        p1_0.user_id 
    from
        payments p1_0
2026-04-16 12:29:30 [http-nio-8080-exec-1] DEBUG org.hibernate.SQL - 
    select
        u1_0.id,
        u1_0.created_at,
        u1_0.email,
        u1_0.email_verified,
        u1_0.first_name,
        u1_0.is_active,
        u1_0.last_login,
        u1_0.last_name,
        u1_0.password_hash,
        u1_0.phone,
        u1_0.phone_verified,
        u1_0.profile_image_url,
        u1_0.updated_at 
    from
        users u1_0 
    where
        u1_0.email=? 
        and u1_0.is_active=1
2026-04-16 12:29:30 [http-nio-8080-exec-1] DEBUG org.hibernate.SQL - 
    select
        g1_0.id,
        g1_0.aadhar_number,
        g1_0.aadhar_verified,
        g1_0.admin_notes,
        g1_0.approved_at,
        g1_0.approved_by,
        g1_0.average_rating,
        g1_0.bio,
        g1_0.city,
        g1_0.created_at,
        g1_0.daily_rate,
        g1_0.experience_years,
        g1_0.expertise_areas,
        g1_0.hourly_rate,
        g1_0.intro_video_url,
        g1_0.is_approved,
        g1_0.is_available,
        g1_0.is_verified,
        g1_0.languages,
        g1_0.profile_image_url,
        g1_0.rejection_reason,
        g1_0.state,
        g1_0.total_bookings,
        g1_0.total_reviews,
        g1_0.updated_at,
        g1_0.user_id,
        u1_0.id,
        u1_0.created_at,
        u1_0.email,
        u1_0.email_verified,
        u1_0.first_name,
        u1_0.is_active,
        u1_0.last_login,
        u1_0.last_name,
        u1_0.password_hash,
        u1_0.phone,
        u1_0.phone_verified,
        u1_0.profile_image_url,
        r1_0.user_id,
        r1_1.id,
        r1_1.created_at,
        r1_1.description,
        r1_1.name,
        r1_1.updated_at,
        u1_0.updated_at,
        g1_0.verification_documents 
    from
        guides g1_0 
    join
        users u1_0 
            on u1_0.id=g1_0.user_id 
    left join
        user_roles r1_0 
            on u1_0.id=r1_0.user_id 
    left join
        roles r1_1 
            on r1_1.id=r1_0.role_id 
    where
        g1_0.user_id=?
2026-04-16 12:29:30 [http-nio-8080-exec-1] DEBUG org.hibernate.SQL - 
    select
        r1_0.user_id,
        r1_1.id,
        r1_1.created_at,
        r1_1.description,
        r1_1.name,
        r1_1.updated_at 
    from
        user_roles r1_0 
    join
        roles r1_1 
            on r1_1.id=r1_0.role_id 
    where
        r1_0.user_id=?
2026-04-16 12:29:30 [http-nio-8080-exec-1] DEBUG o.s.security.web.FilterChainProxy - Secured GET /chat/conversations
2026-04-16 12:29:30 [http-nio-8080-exec-1] INFO  c.t.controller.ChatController - Getting conversations for user
2026-04-16 12:29:30 [http-nio-8080-exec-4] DEBUG o.s.security.web.FilterChainProxy - Securing GET /admin/dashboard
2026-04-16 12:29:30 [http-nio-8080-exec-1] DEBUG org.hibernate.SQL - 
    select
        distinct r1_0.id,
        r1_0.created_at,
        r1_0.email,
        r1_0.email_verified,
        r1_0.first_name,
        r1_0.is_active,
        r1_0.last_login,
        r1_0.last_name,
        r1_0.password_hash,
        r1_0.phone,
        r1_0.phone_verified,
        r1_0.profile_image_url,
        r1_0.updated_at 
    from
        chat_messages cm1_0 
    join
        users r1_0 
            on r1_0.id=cm1_0.receiver_id 
    where
        cm1_0.sender_id=?
2026-04-16 12:29:30 [http-nio-8080-exec-4] DEBUG org.hibernate.SQL - 
    select
        u1_0.id,
        u1_0.created_at,
        u1_0.email,
        u1_0.email_verified,
        u1_0.first_name,
        u1_0.is_active,
        u1_0.last_login,
        u1_0.last_name,
        u1_0.password_hash,
        u1_0.phone,
        u1_0.phone_verified,
        u1_0.profile_image_url,
        u1_0.updated_at 
    from
        users u1_0 
    where
        u1_0.email=? 
        and u1_0.is_active=1
2026-04-16 12:29:30 [http-nio-8080-exec-1] DEBUG org.hibernate.SQL - 
    select
        distinct s1_0.id,
        s1_0.created_at,
        s1_0.email,
        s1_0.email_verified,
        s1_0.first_name,
        s1_0.is_active,
        s1_0.last_login,
        s1_0.last_name,
        s1_0.password_hash,
        s1_0.phone,
        s1_0.phone_verified,
        s1_0.profile_image_url,
        s1_0.updated_at 
    from
        chat_messages cm1_0 
    join
        users s1_0 
            on s1_0.id=cm1_0.sender_id 
    where
        cm1_0.receiver_id=?
2026-04-16 12:29:30 [http-nio-8080-exec-4] DEBUG org.hibernate.SQL - 
    select
        g1_0.id,
        g1_0.aadhar_number,
        g1_0.aadhar_verified,
        g1_0.admin_notes,
        g1_0.approved_at,
        g1_0.approved_by,
        g1_0.average_rating,
        g1_0.bio,
        g1_0.city,
        g1_0.created_at,
        g1_0.daily_rate,
        g1_0.experience_years,
        g1_0.expertise_areas,
        g1_0.hourly_rate,
        g1_0.intro_video_url,
        g1_0.is_approved,
        g1_0.is_available,
        g1_0.is_verified,
        g1_0.languages,
        g1_0.profile_image_url,
        g1_0.rejection_reason,
        g1_0.state,
        g1_0.total_bookings,
        g1_0.total_reviews,
        g1_0.updated_at,
        g1_0.user_id,
        u1_0.id,
        u1_0.created_at,
        u1_0.email,
        u1_0.email_verified,
        u1_0.first_name,
        u1_0.is_active,
        u1_0.last_login,
        u1_0.last_name,
        u1_0.password_hash,
        u1_0.phone,
        u1_0.phone_verified,
        u1_0.profile_image_url,
        r1_0.user_id,
        r1_1.id,
        r1_1.created_at,
        r1_1.description,
        r1_1.name,
        r1_1.updated_at,
        u1_0.updated_at,
        g1_0.verification_documents 
    from
        guides g1_0 
    join
        users u1_0 
            on u1_0.id=g1_0.user_id 
    left join
        user_roles r1_0 
            on u1_0.id=r1_0.user_id 
    left join
        roles r1_1 
            on r1_1.id=r1_0.role_id 
    where
        g1_0.user_id=?
2026-04-16 12:29:30 [http-nio-8080-exec-4] DEBUG org.hibernate.SQL - 
    select
        r1_0.user_id,
        r1_1.id,
        r1_1.created_at,
        r1_1.description,
        r1_1.name,
        r1_1.updated_at 
    from
        user_roles r1_0 
    join
        roles r1_1 
            on r1_1.id=r1_0.role_id 
    where
        r1_0.user_id=?
2026-04-16 12:29:30 [http-nio-8080-exec-4] DEBUG o.s.security.web.FilterChainProxy - Secured GET /admin/dashboard
2026-04-16 12:29:30 [http-nio-8080-exec-4] DEBUG o.s.s.a.m.AuthorizationManagerBeforeMethodInterceptor - Authorizing method invocation ReflectiveMethodInvocation: public org.springframework.http.ResponseEntity com.trailbuddy.controller.AdminController.getDashboard(); target is of class [com.trailbuddy.controller.AdminController]
2026-04-16 12:29:30 [http-nio-8080-exec-4] DEBUG o.s.s.a.m.AuthorizationManagerBeforeMethodInterceptor - Authorized method invocation ReflectiveMethodInvocation: public org.springframework.http.ResponseEntity com.trailbuddy.controller.AdminController.getDashboard(); target is of class [com.trailbuddy.controller.AdminController]
2026-04-16 12:29:30 [http-nio-8080-exec-4] DEBUG org.hibernate.SQL - 
    select
        count(u1_0.id) 
    from
        users u1_0 
    where
        u1_0.is_active=1
2026-04-16 12:29:30 [http-nio-8080-exec-4] DEBUG org.hibernate.SQL - 
    select
        count(u1_0.id) 
    from
        users u1_0 
    join
        user_roles r1_0 
            on u1_0.id=r1_0.user_id 
    join
        roles r1_1 
            on r1_1.id=r1_0.role_id 
    where
        r1_1.name='GUIDE' 
        and u1_0.is_active=1
2026-04-16 12:29:30 [http-nio-8080-exec-4] DEBUG org.hibernate.SQL - 
    select
        count(*) 
    from
        bookings b1_0
2026-04-16 12:29:30 [http-nio-8080-exec-4] DEBUG org.hibernate.SQL - 
    select
        p1_0.id,
        p1_0.amount,
        p1_0.booking_id,
        p1_0.created_at,
        p1_0.currency,
        p1_0.payment_date,
        p1_0.payment_method,
        p1_0.payment_status,
        p1_0.razorpay_order_id,
        p1_0.razorpay_payment_id,
        p1_0.razorpay_signature,
        p1_0.refund_amount,
        p1_0.refund_id,
        p1_0.refunded_at,
        p1_0.updated_at,
        p1_0.user_id 
    from
        payments p1_0
2026-04-16 12:32:07 [MessageBroker-1] INFO  o.s.w.s.c.WebSocketMessageBrokerStats - WebSocketSession[0 current WS(0)-HttpStream(0)-HttpPoll(0), 0 total, 0 closed abnormally (0 connect failure, 0 send limit, 0 transport error)], stompSubProtocol[processed CONNECT(0)-CONNECTED(0)-DISCONNECT(0)], stompBrokerRelay[null], inboundChannel[pool size = 0, active threads = 0, queued tasks = 0, completed tasks = 0], outboundChannel[pool size = 0, active threads = 0, queued tasks = 0, completed tasks = 0], sockJsScheduler[pool size = 2, active threads = 1, queued tasks = 0, completed tasks = 1]
2026-04-16 12:51:22 [http-nio-8080-exec-5] DEBUG o.s.security.web.FilterChainProxy - Securing GET /user/profile
2026-04-16 12:51:22 [http-nio-8080-exec-5] DEBUG org.hibernate.SQL - 
    select
        u1_0.id,
        u1_0.created_at,
        u1_0.email,
        u1_0.email_verified,
        u1_0.first_name,
        u1_0.is_active,
        u1_0.last_login,
        u1_0.last_name,
        u1_0.password_hash,
        u1_0.phone,
        u1_0.phone_verified,
        u1_0.profile_image_url,
        u1_0.updated_at 
    from
        users u1_0 
    where
        u1_0.email=? 
        and u1_0.is_active=1
2026-04-16 12:51:22 [http-nio-8080-exec-5] DEBUG org.hibernate.SQL - 
    select
        g1_0.id,
        g1_0.aadhar_number,
        g1_0.aadhar_verified,
        g1_0.admin_notes,
        g1_0.approved_at,
        g1_0.approved_by,
        g1_0.average_rating,
        g1_0.bio,
        g1_0.city,
        g1_0.created_at,
        g1_0.daily_rate,
        g1_0.experience_years,
        g1_0.expertise_areas,
        g1_0.hourly_rate,
        g1_0.intro_video_url,
        g1_0.is_approved,
        g1_0.is_available,
        g1_0.is_verified,
        g1_0.languages,
        g1_0.profile_image_url,
        g1_0.rejection_reason,
        g1_0.state,
        g1_0.total_bookings,
        g1_0.total_reviews,
        g1_0.updated_at,
        g1_0.user_id,
        u1_0.id,
        u1_0.created_at,
        u1_0.email,
        u1_0.email_verified,
        u1_0.first_name,
        u1_0.is_active,
        u1_0.last_login,
        u1_0.last_name,
        u1_0.password_hash,
        u1_0.phone,
        u1_0.phone_verified,
        u1_0.profile_image_url,
        r1_0.user_id,
        r1_1.id,
        r1_1.created_at,
        r1_1.description,
        r1_1.name,
        r1_1.updated_at,
        u1_0.updated_at,
        g1_0.verification_documents 
    from
        guides g1_0 
    join
        users u1_0 
            on u1_0.id=g1_0.user_id 
    left join
        user_roles r1_0 
            on u1_0.id=r1_0.user_id 
    left join
        roles r1_1 
            on r1_1.id=r1_0.role_id 
    where
        g1_0.user_id=?
2026-04-16 12:51:22 [http-nio-8080-exec-5] DEBUG org.hibernate.SQL - 
    select
        r1_0.user_id,
        r1_1.id,
        r1_1.created_at,
        r1_1.description,
        r1_1.name,
        r1_1.updated_at 
    from
        user_roles r1_0 
    join
        roles r1_1 
            on r1_1.id=r1_0.role_id 
    where
        r1_0.user_id=?
2026-04-16 12:51:22 [http-nio-8080-exec-5] DEBUG o.s.security.web.FilterChainProxy - Secured GET /user/profile
2026-04-16 12:51:22 [http-nio-8080-exec-8] DEBUG o.s.security.web.FilterChainProxy - Securing GET /user/profile
2026-04-16 12:51:22 [http-nio-8080-exec-8] DEBUG org.hibernate.SQL - 
    select
        u1_0.id,
        u1_0.created_at,
        u1_0.email,
        u1_0.email_verified,
        u1_0.first_name,
        u1_0.is_active,
        u1_0.last_login,
        u1_0.last_name,
        u1_0.password_hash,
        u1_0.phone,
        u1_0.phone_verified,
        u1_0.profile_image_url,
        u1_0.updated_at 
    from
        users u1_0 
    where
        u1_0.email=? 
        and u1_0.is_active=1
2026-04-16 12:51:22 [http-nio-8080-exec-8] DEBUG org.hibernate.SQL - 
    select
        g1_0.id,
        g1_0.aadhar_number,
        g1_0.aadhar_verified,
        g1_0.admin_notes,
        g1_0.approved_at,
        g1_0.approved_by,
        g1_0.average_rating,
        g1_0.bio,
        g1_0.city,
        g1_0.created_at,
        g1_0.daily_rate,
        g1_0.experience_years,
        g1_0.expertise_areas,
        g1_0.hourly_rate,
        g1_0.intro_video_url,
        g1_0.is_approved,
        g1_0.is_available,
        g1_0.is_verified,
        g1_0.languages,
        g1_0.profile_image_url,
        g1_0.rejection_reason,
        g1_0.state,
        g1_0.total_bookings,
        g1_0.total_reviews,
        g1_0.updated_at,
        g1_0.user_id,
        u1_0.id,
        u1_0.created_at,
        u1_0.email,
        u1_0.email_verified,
        u1_0.first_name,
        u1_0.is_active,
        u1_0.last_login,
        u1_0.last_name,
        u1_0.password_hash,
        u1_0.phone,
        u1_0.phone_verified,
        u1_0.profile_image_url,
        r1_0.user_id,
        r1_1.id,
        r1_1.created_at,
        r1_1.description,
        r1_1.name,
        r1_1.updated_at,
        u1_0.updated_at,
        g1_0.verification_documents 
    from
        guides g1_0 
    join
        users u1_0 
            on u1_0.id=g1_0.user_id 
    left join
        user_roles r1_0 
            on u1_0.id=r1_0.user_id 
    left join
        roles r1_1 
            on r1_1.id=r1_0.role_id 
    where
        g1_0.user_id=?
2026-04-16 12:51:22 [http-nio-8080-exec-8] DEBUG org.hibernate.SQL - 
    select
        r1_0.user_id,
        r1_1.id,
        r1_1.created_at,
        r1_1.description,
        r1_1.name,
        r1_1.updated_at 
    from
        user_roles r1_0 
    join
        roles r1_1 
            on r1_1.id=r1_0.role_id 
    where
        r1_0.user_id=?
2026-04-16 12:51:22 [http-nio-8080-exec-8] DEBUG o.s.security.web.FilterChainProxy - Secured GET /user/profile
2026-04-16 12:51:23 [http-nio-8080-exec-1] DEBUG o.s.security.web.FilterChainProxy - Securing GET /user/guide-status
2026-04-16 12:51:23 [http-nio-8080-exec-1] DEBUG org.hibernate.SQL - 
    select
        u1_0.id,
        u1_0.created_at,
        u1_0.email,
        u1_0.email_verified,
        u1_0.first_name,
        u1_0.is_active,
        u1_0.last_login,
        u1_0.last_name,
        u1_0.password_hash,
        u1_0.phone,
        u1_0.phone_verified,
        u1_0.profile_image_url,
        u1_0.updated_at 
    from
        users u1_0 
    where
        u1_0.email=? 
        and u1_0.is_active=1
2026-04-16 12:51:23 [http-nio-8080-exec-4] DEBUG o.s.security.web.FilterChainProxy - Securing GET /admin/dashboard
2026-04-16 12:51:23 [http-nio-8080-exec-1] DEBUG org.hibernate.SQL - 
    select
        g1_0.id,
        g1_0.aadhar_number,
        g1_0.aadhar_verified,
        g1_0.admin_notes,
        g1_0.approved_at,
        g1_0.approved_by,
        g1_0.average_rating,
        g1_0.bio,
        g1_0.city,
        g1_0.created_at,
        g1_0.daily_rate,
        g1_0.experience_years,
        g1_0.expertise_areas,
        g1_0.hourly_rate,
        g1_0.intro_video_url,
        g1_0.is_approved,
        g1_0.is_available,
        g1_0.is_verified,
        g1_0.languages,
        g1_0.profile_image_url,
        g1_0.rejection_reason,
        g1_0.state,
        g1_0.total_bookings,
        g1_0.total_reviews,
        g1_0.updated_at,
        g1_0.user_id,
        u1_0.id,
        u1_0.created_at,
        u1_0.email,
        u1_0.email_verified,
        u1_0.first_name,
        u1_0.is_active,
        u1_0.last_login,
        u1_0.last_name,
        u1_0.password_hash,
        u1_0.phone,
        u1_0.phone_verified,
        u1_0.profile_image_url,
        r1_0.user_id,
        r1_1.id,
        r1_1.created_at,
        r1_1.description,
        r1_1.name,
        r1_1.updated_at,
        u1_0.updated_at,
        g1_0.verification_documents 
    from
        guides g1_0 
    join
        users u1_0 
            on u1_0.id=g1_0.user_id 
    left join
        user_roles r1_0 
            on u1_0.id=r1_0.user_id 
    left join
        roles r1_1 
            on r1_1.id=r1_0.role_id 
    where
        g1_0.user_id=?
2026-04-16 12:51:23 [http-nio-8080-exec-1] DEBUG org.hibernate.SQL - 
    select
        r1_0.user_id,
        r1_1.id,
        r1_1.created_at,
        r1_1.description,
        r1_1.name,
        r1_1.updated_at 
    from
        user_roles r1_0 
    join
        roles r1_1 
            on r1_1.id=r1_0.role_id 
    where
        r1_0.user_id=?
2026-04-16 12:51:23 [http-nio-8080-exec-4] DEBUG org.hibernate.SQL - 
    select
        u1_0.id,
        u1_0.created_at,
        u1_0.email,
        u1_0.email_verified,
        u1_0.first_name,
        u1_0.is_active,
        u1_0.last_login,
        u1_0.last_name,
        u1_0.password_hash,
        u1_0.phone,
        u1_0.phone_verified,
        u1_0.profile_image_url,
        u1_0.updated_at 
    from
        users u1_0 
    where
        u1_0.email=? 
        and u1_0.is_active=1
2026-04-16 12:51:23 [http-nio-8080-exec-4] DEBUG org.hibernate.SQL - 
    select
        g1_0.id,
        g1_0.aadhar_number,
        g1_0.aadhar_verified,
        g1_0.admin_notes,
        g1_0.approved_at,
        g1_0.approved_by,
        g1_0.average_rating,
        g1_0.bio,
        g1_0.city,
        g1_0.created_at,
        g1_0.daily_rate,
        g1_0.experience_years,
        g1_0.expertise_areas,
        g1_0.hourly_rate,
        g1_0.intro_video_url,
        g1_0.is_approved,
        g1_0.is_available,
        g1_0.is_verified,
        g1_0.languages,
        g1_0.profile_image_url,
        g1_0.rejection_reason,
        g1_0.state,
        g1_0.total_bookings,
        g1_0.total_reviews,
        g1_0.updated_at,
        g1_0.user_id,
        u1_0.id,
        u1_0.created_at,
        u1_0.email,
        u1_0.email_verified,
        u1_0.first_name,
        u1_0.is_active,
        u1_0.last_login,
        u1_0.last_name,
        u1_0.password_hash,
        u1_0.phone,
        u1_0.phone_verified,
        u1_0.profile_image_url,
        r1_0.user_id,
        r1_1.id,
        r1_1.created_at,
        r1_1.description,
        r1_1.name,
        r1_1.updated_at,
        u1_0.updated_at,
        g1_0.verification_documents 
    from
        guides g1_0 
    join
        users u1_0 
            on u1_0.id=g1_0.user_id 
    left join
        user_roles r1_0 
            on u1_0.id=r1_0.user_id 
    left join
        roles r1_1 
            on r1_1.id=r1_0.role_id 
    where
        g1_0.user_id=?
2026-04-16 12:51:23 [http-nio-8080-exec-1] DEBUG o.s.security.web.FilterChainProxy - Secured GET /user/guide-status
2026-04-16 12:51:23 [http-nio-8080-exec-1] DEBUG org.hibernate.SQL - 
    select
        g1_0.id,
        g1_0.aadhar_number,
        g1_0.aadhar_verified,
        g1_0.admin_notes,
        g1_0.approved_at,
        g1_0.approved_by,
        g1_0.average_rating,
        g1_0.bio,
        g1_0.city,
        g1_0.created_at,
        g1_0.daily_rate,
        g1_0.experience_years,
        g1_0.expertise_areas,
        g1_0.hourly_rate,
        g1_0.intro_video_url,
        g1_0.is_approved,
        g1_0.is_available,
        g1_0.is_verified,
        g1_0.languages,
        g1_0.profile_image_url,
        g1_0.rejection_reason,
        g1_0.state,
        g1_0.total_bookings,
        g1_0.total_reviews,
        g1_0.updated_at,
        g1_0.user_id,
        g1_0.verification_documents 
    from
        guides g1_0 
    where
        g1_0.user_id=?
2026-04-16 12:51:23 [http-nio-8080-exec-4] DEBUG org.hibernate.SQL - 
    select
        r1_0.user_id,
        r1_1.id,
        r1_1.created_at,
        r1_1.description,
        r1_1.name,
        r1_1.updated_at 
    from
        user_roles r1_0 
    join
        roles r1_1 
            on r1_1.id=r1_0.role_id 
    where
        r1_0.user_id=?
2026-04-16 12:51:23 [http-nio-8080-exec-4] DEBUG o.s.security.web.FilterChainProxy - Secured GET /admin/dashboard
2026-04-16 12:51:23 [http-nio-8080-exec-1] DEBUG org.hibernate.SQL - 
    select
        g1_0.id,
        g1_0.aadhar_number,
        g1_0.aadhar_verified,
        g1_0.admin_notes,
        g1_0.approved_at,
        g1_0.approved_by,
        g1_0.average_rating,
        g1_0.bio,
        g1_0.city,
        g1_0.created_at,
        g1_0.daily_rate,
        g1_0.experience_years,
        g1_0.expertise_areas,
        g1_0.hourly_rate,
        g1_0.intro_video_url,
        g1_0.is_approved,
        g1_0.is_available,
        g1_0.is_verified,
        g1_0.languages,
        g1_0.profile_image_url,
        g1_0.rejection_reason,
        g1_0.state,
        g1_0.total_bookings,
        g1_0.total_reviews,
        g1_0.updated_at,
        g1_0.user_id,
        g1_0.verification_documents 
    from
        guides g1_0 
    join
        users u1_0 
            on u1_0.id=g1_0.user_id 
    where
        lower(trim(BOTH from u1_0.first_name))=lower(trim(BOTH from ?)) 
        and lower(trim(BOTH from u1_0.last_name))=lower(trim(BOTH from ?))
2026-04-16 12:51:23 [http-nio-8080-exec-4] DEBUG o.s.s.a.m.AuthorizationManagerBeforeMethodInterceptor - Authorizing method invocation ReflectiveMethodInvocation: public org.springframework.http.ResponseEntity com.trailbuddy.controller.AdminController.getDashboard(); target is of class [com.trailbuddy.controller.AdminController]
2026-04-16 12:51:23 [http-nio-8080-exec-4] DEBUG o.s.s.a.m.AuthorizationManagerBeforeMethodInterceptor - Authorized method invocation ReflectiveMethodInvocation: public org.springframework.http.ResponseEntity com.trailbuddy.controller.AdminController.getDashboard(); target is of class [com.trailbuddy.controller.AdminController]
2026-04-16 12:51:23 [http-nio-8080-exec-4] DEBUG org.hibernate.SQL - 
    select
        count(u1_0.id) 
    from
        users u1_0 
    where
        u1_0.is_active=1
2026-04-16 12:51:23 [http-nio-8080-exec-4] DEBUG org.hibernate.SQL - 
    select
        count(u1_0.id) 
    from
        users u1_0 
    join
        user_roles r1_0 
            on u1_0.id=r1_0.user_id 
    join
        roles r1_1 
            on r1_1.id=r1_0.role_id 
    where
        r1_1.name='GUIDE' 
        and u1_0.is_active=1
2026-04-16 12:51:23 [http-nio-8080-exec-9] DEBUG o.s.security.web.FilterChainProxy - Securing GET /chat/conversations
2026-04-16 12:51:23 [http-nio-8080-exec-4] DEBUG org.hibernate.SQL - 
    select
        count(*) 
    from
        bookings b1_0
2026-04-16 12:51:23 [http-nio-8080-exec-9] DEBUG org.hibernate.SQL - 
    select
        u1_0.id,
        u1_0.created_at,
        u1_0.email,
        u1_0.email_verified,
        u1_0.first_name,
        u1_0.is_active,
        u1_0.last_login,
        u1_0.last_name,
        u1_0.password_hash,
        u1_0.phone,
        u1_0.phone_verified,
        u1_0.profile_image_url,
        u1_0.updated_at 
    from
        users u1_0 
    where
        u1_0.email=? 
        and u1_0.is_active=1
2026-04-16 12:51:23 [http-nio-8080-exec-9] DEBUG org.hibernate.SQL - 
    select
        g1_0.id,
        g1_0.aadhar_number,
        g1_0.aadhar_verified,
        g1_0.admin_notes,
        g1_0.approved_at,
        g1_0.approved_by,
        g1_0.average_rating,
        g1_0.bio,
        g1_0.city,
        g1_0.created_at,
        g1_0.daily_rate,
        g1_0.experience_years,
        g1_0.expertise_areas,
        g1_0.hourly_rate,
        g1_0.intro_video_url,
        g1_0.is_approved,
        g1_0.is_available,
        g1_0.is_verified,
        g1_0.languages,
        g1_0.profile_image_url,
        g1_0.rejection_reason,
        g1_0.state,
        g1_0.total_bookings,
        g1_0.total_reviews,
        g1_0.updated_at,
        g1_0.user_id,
        u1_0.id,
        u1_0.created_at,
        u1_0.email,
        u1_0.email_verified,
        u1_0.first_name,
        u1_0.is_active,
        u1_0.last_login,
        u1_0.last_name,
        u1_0.password_hash,
        u1_0.phone,
        u1_0.phone_verified,
        u1_0.profile_image_url,
        r1_0.user_id,
        r1_1.id,
        r1_1.created_at,
        r1_1.description,
        r1_1.name,
        r1_1.updated_at,
        u1_0.updated_at,
        g1_0.verification_documents 
    from
        guides g1_0 
    join
        users u1_0 
            on u1_0.id=g1_0.user_id 
    left join
        user_roles r1_0 
            on u1_0.id=r1_0.user_id 
    left join
        roles r1_1 
            on r1_1.id=r1_0.role_id 
    where
        g1_0.user_id=?
2026-04-16 12:51:23 [http-nio-8080-exec-9] DEBUG org.hibernate.SQL - 
    select
        r1_0.user_id,
        r1_1.id,
        r1_1.created_at,
        r1_1.description,
        r1_1.name,
        r1_1.updated_at 
    from
        user_roles r1_0 
    join
        roles r1_1 
            on r1_1.id=r1_0.role_id 
    where
        r1_0.user_id=?
2026-04-16 12:51:23 [http-nio-8080-exec-4] DEBUG org.hibernate.SQL - 
    select
        p1_0.id,
        p1_0.amount,
        p1_0.booking_id,
        p1_0.created_at,
        p1_0.currency,
        p1_0.payment_date,
        p1_0.payment_method,
        p1_0.payment_status,
        p1_0.razorpay_order_id,
        p1_0.razorpay_payment_id,
        p1_0.razorpay_signature,
        p1_0.refund_amount,
        p1_0.refund_id,
        p1_0.refunded_at,
        p1_0.updated_at,
        p1_0.user_id 
    from
        payments p1_0
2026-04-16 12:51:23 [http-nio-8080-exec-9] DEBUG o.s.security.web.FilterChainProxy - Secured GET /chat/conversations
2026-04-16 12:51:23 [http-nio-8080-exec-9] INFO  c.t.controller.ChatController - Getting conversations for user
2026-04-16 12:51:23 [http-nio-8080-exec-9] DEBUG org.hibernate.SQL - 
    select
        distinct r1_0.id,
        r1_0.created_at,
        r1_0.email,
        r1_0.email_verified,
        r1_0.first_name,
        r1_0.is_active,
        r1_0.last_login,
        r1_0.last_name,
        r1_0.password_hash,
        r1_0.phone,
        r1_0.phone_verified,
        r1_0.profile_image_url,
        r1_0.updated_at 
    from
        chat_messages cm1_0 
    join
        users r1_0 
            on r1_0.id=cm1_0.receiver_id 
    where
        cm1_0.sender_id=?
2026-04-16 12:51:23 [http-nio-8080-exec-9] DEBUG org.hibernate.SQL - 
    select
        distinct s1_0.id,
        s1_0.created_at,
        s1_0.email,
        s1_0.email_verified,
        s1_0.first_name,
        s1_0.is_active,
        s1_0.last_login,
        s1_0.last_name,
        s1_0.password_hash,
        s1_0.phone,
        s1_0.phone_verified,
        s1_0.profile_image_url,
        s1_0.updated_at 
    from
        chat_messages cm1_0 
    join
        users s1_0 
            on s1_0.id=cm1_0.sender_id 
    where
        cm1_0.receiver_id=?
2026-04-16 12:51:23 [http-nio-8080-exec-10] DEBUG o.s.security.web.FilterChainProxy - Securing GET /user/guide-status
2026-04-16 12:51:23 [http-nio-8080-exec-10] DEBUG org.hibernate.SQL - 
    select
        u1_0.id,
        u1_0.created_at,
        u1_0.email,
        u1_0.email_verified,
        u1_0.first_name,
        u1_0.is_active,
        u1_0.last_login,
        u1_0.last_name,
        u1_0.password_hash,
        u1_0.phone,
        u1_0.phone_verified,
        u1_0.profile_image_url,
        u1_0.updated_at 
    from
        users u1_0 
    where
        u1_0.email=? 
        and u1_0.is_active=1
2026-04-16 12:51:23 [http-nio-8080-exec-10] DEBUG org.hibernate.SQL - 
    select
        g1_0.id,
        g1_0.aadhar_number,
        g1_0.aadhar_verified,
        g1_0.admin_notes,
        g1_0.approved_at,
        g1_0.approved_by,
        g1_0.average_rating,
        g1_0.bio,
        g1_0.city,
        g1_0.created_at,
        g1_0.daily_rate,
        g1_0.experience_years,
        g1_0.expertise_areas,
        g1_0.hourly_rate,
        g1_0.intro_video_url,
        g1_0.is_approved,
        g1_0.is_available,
        g1_0.is_verified,
        g1_0.languages,
        g1_0.profile_image_url,
        g1_0.rejection_reason,
        g1_0.state,
        g1_0.total_bookings,
        g1_0.total_reviews,
        g1_0.updated_at,
        g1_0.user_id,
        u1_0.id,
        u1_0.created_at,
        u1_0.email,
        u1_0.email_verified,
        u1_0.first_name,
        u1_0.is_active,
        u1_0.last_login,
        u1_0.last_name,
        u1_0.password_hash,
        u1_0.phone,
        u1_0.phone_verified,
        u1_0.profile_image_url,
        r1_0.user_id,
        r1_1.id,
        r1_1.created_at,
        r1_1.description,
        r1_1.name,
        r1_1.updated_at,
        u1_0.updated_at,
        g1_0.verification_documents 
    from
        guides g1_0 
    join
        users u1_0 
            on u1_0.id=g1_0.user_id 
    left join
        user_roles r1_0 
            on u1_0.id=r1_0.user_id 
    left join
        roles r1_1 
            on r1_1.id=r1_0.role_id 
    where
        g1_0.user_id=?
2026-04-16 12:51:23 [http-nio-8080-exec-2] DEBUG o.s.security.web.FilterChainProxy - Securing GET /admin/dashboard
2026-04-16 12:51:23 [http-nio-8080-exec-10] DEBUG org.hibernate.SQL - 
    select
        r1_0.user_id,
        r1_1.id,
        r1_1.created_at,
        r1_1.description,
        r1_1.name,
        r1_1.updated_at 
    from
        user_roles r1_0 
    join
        roles r1_1 
            on r1_1.id=r1_0.role_id 
    where
        r1_0.user_id=?
2026-04-16 12:51:23 [http-nio-8080-exec-2] DEBUG org.hibernate.SQL - 
    select
        u1_0.id,
        u1_0.created_at,
        u1_0.email,
        u1_0.email_verified,
        u1_0.first_name,
        u1_0.is_active,
        u1_0.last_login,
        u1_0.last_name,
        u1_0.password_hash,
        u1_0.phone,
        u1_0.phone_verified,
        u1_0.profile_image_url,
        u1_0.updated_at 
    from
        users u1_0 
    where
        u1_0.email=? 
        and u1_0.is_active=1
2026-04-16 12:51:23 [http-nio-8080-exec-2] DEBUG org.hibernate.SQL - 
    select
        g1_0.id,
        g1_0.aadhar_number,
        g1_0.aadhar_verified,
        g1_0.admin_notes,
        g1_0.approved_at,
        g1_0.approved_by,
        g1_0.average_rating,
        g1_0.bio,
        g1_0.city,
        g1_0.created_at,
        g1_0.daily_rate,
        g1_0.experience_years,
        g1_0.expertise_areas,
        g1_0.hourly_rate,
        g1_0.intro_video_url,
        g1_0.is_approved,
        g1_0.is_available,
        g1_0.is_verified,
        g1_0.languages,
        g1_0.profile_image_url,
        g1_0.rejection_reason,
        g1_0.state,
        g1_0.total_bookings,
        g1_0.total_reviews,
        g1_0.updated_at,
        g1_0.user_id,
        u1_0.id,
        u1_0.created_at,
        u1_0.email,
        u1_0.email_verified,
        u1_0.first_name,
        u1_0.is_active,
        u1_0.last_login,
        u1_0.last_name,
        u1_0.password_hash,
        u1_0.phone,
        u1_0.phone_verified,
        u1_0.profile_image_url,
        r1_0.user_id,
        r1_1.id,
        r1_1.created_at,
        r1_1.description,
        r1_1.name,
        r1_1.updated_at,
        u1_0.updated_at,
        g1_0.verification_documents 
    from
        guides g1_0 
    join
        users u1_0 
            on u1_0.id=g1_0.user_id 
    left join
        user_roles r1_0 
            on u1_0.id=r1_0.user_id 
    left join
        roles r1_1 
            on r1_1.id=r1_0.role_id 
    where
        g1_0.user_id=?
2026-04-16 12:51:23 [http-nio-8080-exec-10] DEBUG o.s.security.web.FilterChainProxy - Secured GET /user/guide-status
2026-04-16 12:51:23 [http-nio-8080-exec-2] DEBUG org.hibernate.SQL - 
    select
        r1_0.user_id,
        r1_1.id,
        r1_1.created_at,
        r1_1.description,
        r1_1.name,
        r1_1.updated_at 
    from
        user_roles r1_0 
    join
        roles r1_1 
            on r1_1.id=r1_0.role_id 
    where
        r1_0.user_id=?
2026-04-16 12:51:23 [http-nio-8080-exec-10] DEBUG org.hibernate.SQL - 
    select
        g1_0.id,
        g1_0.aadhar_number,
        g1_0.aadhar_verified,
        g1_0.admin_notes,
        g1_0.approved_at,
        g1_0.approved_by,
        g1_0.average_rating,
        g1_0.bio,
        g1_0.city,
        g1_0.created_at,
        g1_0.daily_rate,
        g1_0.experience_years,
        g1_0.expertise_areas,
        g1_0.hourly_rate,
        g1_0.intro_video_url,
        g1_0.is_approved,
        g1_0.is_available,
        g1_0.is_verified,
        g1_0.languages,
        g1_0.profile_image_url,
        g1_0.rejection_reason,
        g1_0.state,
        g1_0.total_bookings,
        g1_0.total_reviews,
        g1_0.updated_at,
        g1_0.user_id,
        g1_0.verification_documents 
    from
        guides g1_0 
    where
        g1_0.user_id=?
2026-04-16 12:51:23 [http-nio-8080-exec-2] DEBUG o.s.security.web.FilterChainProxy - Secured GET /admin/dashboard
2026-04-16 12:51:23 [http-nio-8080-exec-2] DEBUG o.s.s.a.m.AuthorizationManagerBeforeMethodInterceptor - Authorizing method invocation ReflectiveMethodInvocation: public org.springframework.http.ResponseEntity com.trailbuddy.controller.AdminController.getDashboard(); target is of class [com.trailbuddy.controller.AdminController]
2026-04-16 12:51:23 [http-nio-8080-exec-10] DEBUG org.hibernate.SQL - 
    select
        g1_0.id,
        g1_0.aadhar_number,
        g1_0.aadhar_verified,
        g1_0.admin_notes,
        g1_0.approved_at,
        g1_0.approved_by,
        g1_0.average_rating,
        g1_0.bio,
        g1_0.city,
        g1_0.created_at,
        g1_0.daily_rate,
        g1_0.experience_years,
        g1_0.expertise_areas,
        g1_0.hourly_rate,
        g1_0.intro_video_url,
        g1_0.is_approved,
        g1_0.is_available,
        g1_0.is_verified,
        g1_0.languages,
        g1_0.profile_image_url,
        g1_0.rejection_reason,
        g1_0.state,
        g1_0.total_bookings,
        g1_0.total_reviews,
        g1_0.updated_at,
        g1_0.user_id,
        g1_0.verification_documents 
    from
        guides g1_0 
    join
        users u1_0 
            on u1_0.id=g1_0.user_id 
    where
        lower(trim(BOTH from u1_0.first_name))=lower(trim(BOTH from ?)) 
        and lower(trim(BOTH from u1_0.last_name))=lower(trim(BOTH from ?))
2026-04-16 12:51:23 [http-nio-8080-exec-2] DEBUG o.s.s.a.m.AuthorizationManagerBeforeMethodInterceptor - Authorized method invocation ReflectiveMethodInvocation: public org.springframework.http.ResponseEntity com.trailbuddy.controller.AdminController.getDashboard(); target is of class [com.trailbuddy.controller.AdminController]
2026-04-16 12:51:23 [http-nio-8080-exec-2] DEBUG org.hibernate.SQL - 
    select
        count(u1_0.id) 
    from
        users u1_0 
    where
        u1_0.is_active=1
2026-04-16 12:51:23 [http-nio-8080-exec-2] DEBUG org.hibernate.SQL - 
    select
        count(u1_0.id) 
    from
        users u1_0 
    join
        user_roles r1_0 
            on u1_0.id=r1_0.user_id 
    join
        roles r1_1 
            on r1_1.id=r1_0.role_id 
    where
        r1_1.name='GUIDE' 
        and u1_0.is_active=1
2026-04-16 12:51:23 [http-nio-8080-exec-2] DEBUG org.hibernate.SQL - 
    select
        count(*) 
    from
        bookings b1_0
2026-04-16 12:51:23 [http-nio-8080-exec-3] DEBUG o.s.security.web.FilterChainProxy - Securing GET /chat/conversations
2026-04-16 12:51:23 [http-nio-8080-exec-2] DEBUG org.hibernate.SQL - 
    select
        p1_0.id,
        p1_0.amount,
        p1_0.booking_id,
        p1_0.created_at,
        p1_0.currency,
        p1_0.payment_date,
        p1_0.payment_method,
        p1_0.payment_status,
        p1_0.razorpay_order_id,
        p1_0.razorpay_payment_id,
        p1_0.razorpay_signature,
        p1_0.refund_amount,
        p1_0.refund_id,
        p1_0.refunded_at,
        p1_0.updated_at,
        p1_0.user_id 
    from
        payments p1_0
2026-04-16 12:51:23 [http-nio-8080-exec-3] DEBUG org.hibernate.SQL - 
    select
        u1_0.id,
        u1_0.created_at,
        u1_0.email,
        u1_0.email_verified,
        u1_0.first_name,
        u1_0.is_active,
        u1_0.last_login,
        u1_0.last_name,
        u1_0.password_hash,
        u1_0.phone,
        u1_0.phone_verified,
        u1_0.profile_image_url,
        u1_0.updated_at 
    from
        users u1_0 
    where
        u1_0.email=? 
        and u1_0.is_active=1
2026-04-16 12:51:23 [http-nio-8080-exec-3] DEBUG org.hibernate.SQL - 
    select
        g1_0.id,
        g1_0.aadhar_number,
        g1_0.aadhar_verified,
        g1_0.admin_notes,
        g1_0.approved_at,
        g1_0.approved_by,
        g1_0.average_rating,
        g1_0.bio,
        g1_0.city,
        g1_0.created_at,
        g1_0.daily_rate,
        g1_0.experience_years,
        g1_0.expertise_areas,
        g1_0.hourly_rate,
        g1_0.intro_video_url,
        g1_0.is_approved,
        g1_0.is_available,
        g1_0.is_verified,
        g1_0.languages,
        g1_0.profile_image_url,
        g1_0.rejection_reason,
        g1_0.state,
        g1_0.total_bookings,
        g1_0.total_reviews,
        g1_0.updated_at,
        g1_0.user_id,
        u1_0.id,
        u1_0.created_at,
        u1_0.email,
        u1_0.email_verified,
        u1_0.first_name,
        u1_0.is_active,
        u1_0.last_login,
        u1_0.last_name,
        u1_0.password_hash,
        u1_0.phone,
        u1_0.phone_verified,
        u1_0.profile_image_url,
        r1_0.user_id,
        r1_1.id,
        r1_1.created_at,
        r1_1.description,
        r1_1.name,
        r1_1.updated_at,
        u1_0.updated_at,
        g1_0.verification_documents 
    from
        guides g1_0 
    join
        users u1_0 
            on u1_0.id=g1_0.user_id 
    left join
        user_roles r1_0 
            on u1_0.id=r1_0.user_id 
    left join
        roles r1_1 
            on r1_1.id=r1_0.role_id 
    where
        g1_0.user_id=?
2026-04-16 12:51:23 [http-nio-8080-exec-3] DEBUG org.hibernate.SQL - 
    select
        r1_0.user_id,
        r1_1.id,
        r1_1.created_at,
        r1_1.description,
        r1_1.name,
        r1_1.updated_at 
    from
        user_roles r1_0 
    join
        roles r1_1 
            on r1_1.id=r1_0.role_id 
    where
        r1_0.user_id=?
2026-04-16 12:51:23 [http-nio-8080-exec-3] DEBUG o.s.security.web.FilterChainProxy - Secured GET /chat/conversations
2026-04-16 12:51:23 [http-nio-8080-exec-3] INFO  c.t.controller.ChatController - Getting conversations for user
2026-04-16 12:51:23 [http-nio-8080-exec-3] DEBUG org.hibernate.SQL - 
    select
        distinct r1_0.id,
        r1_0.created_at,
        r1_0.email,
        r1_0.email_verified,
        r1_0.first_name,
        r1_0.is_active,
        r1_0.last_login,
        r1_0.last_name,
        r1_0.password_hash,
        r1_0.phone,
        r1_0.phone_verified,
        r1_0.profile_image_url,
        r1_0.updated_at 
    from
        chat_messages cm1_0 
    join
        users r1_0 
            on r1_0.id=cm1_0.receiver_id 
    where
        cm1_0.sender_id=?
2026-04-16 12:51:23 [http-nio-8080-exec-3] DEBUG org.hibernate.SQL - 
    select
        distinct s1_0.id,
        s1_0.created_at,
        s1_0.email,
        s1_0.email_verified,
        s1_0.first_name,
        s1_0.is_active,
        s1_0.last_login,
        s1_0.last_name,
        s1_0.password_hash,
        s1_0.phone,
        s1_0.phone_verified,
        s1_0.profile_image_url,
        s1_0.updated_at 
    from
        chat_messages cm1_0 
    join
        users s1_0 
            on s1_0.id=cm1_0.sender_id 
    where
        cm1_0.receiver_id=?
2026-04-16 12:51:44 [HikariPool-1 housekeeper] WARN  com.zaxxer.hikari.pool.HikariPool - HikariPool-1 - Thread starvation or clock leap detected (housekeeper delta=48s473ms536µs100ns).
